DBRep_DrawableShape

CASCADE Topology V3, (c) Open Cascade
Locations 57
1
              1               0               0               0 
              0               1               0               0 
              0               0               1               0 
1
              1               0               0               0 
              0               1               0               0 
              0               0               1              -2 
1
              1               0               0               0 
              0               1               0               0 
              0               0               1              -2 
1
              1               0               0               0 
              0               1               0               0 
              0               0               1              -2 
1
              1               0               0               0 
              0               1               0               0 
              0               0               1              -2 
1
              1               0               0               0 
              0               1               0               0 
              0               0               1              -2 
1
              1               0               0               0 
              0               1               0               0 
              0               0               1              -2 
1
              1               0               0               0 
              0               1               0               0 
              0               0               1              -2 
1
              1               0               0               0 
              0               1               0               0 
              0               0               1              -2 
1
              1               0               0               0 
              0               1               0               0 
              0               0               1              -2 
1
              1               0               0               0 
              0               1               0               0 
              0               0               1              -2 
1
              1               0               0               0 
              0               1               0               0 
              0               0               1              -2 
1
              1               0               0               0 
              0               1               0               0 
              0               0               1              -2 
2  2 1 3 -1 4 1 5 -1 6 1 7 -1 8 1 9 -1 10 1 11 -1 12 1 13 -1 0
1
              1               0               0               0 
              0               1               0               0 
              0               0               1              -2 
2  15 -1 13 1 12 -1 11 1 10 -1 9 1 8 -1 7 1 6 -1 5 1 4 -1 3 1 2 -1 0
1
              1               0               0               0 
              0               1               0               0 
              0               0               1              -2 
1
              1               0               0               0 
              0               1               0               0 
              0               0               1              -2 
2  17 1 18 -1 0
2  15 -1 13 1 12 -1 11 1 10 -1 9 1 8 -1 7 1 6 -1 5 1 4 -1 3 1 2 -1 18 1 17 -1 0
1
              1               0               0               0 
              0               1               0               0 
              0               0               1              22 
2  17 1 18 -1 21 1 0
2  15 -1 13 1 12 -1 11 1 10 -1 9 1 8 -1 7 1 6 -1 5 1 4 -1 3 1 2 -1 21 -1 18 1 17 -1 0
2  18 1 17 -1 0
2  21 -1 18 1 17 -1 0
2  4 1 5 -1 6 1 7 -1 8 1 9 -1 10 1 11 -1 12 1 13 -1 0
2  18 -1 2 1 3 -1 0
2  15 -1 13 1 12 -1 11 1 10 -1 9 1 8 -1 7 1 6 -1 5 1 4 -1 0
2  17 1 18 -1 2 1 3 -1 0
2  18 -1 21 1 2 1 3 -1 4 1 5 -1 6 1 7 -1 8 1 9 -1 10 1 11 -1 12 1 13 -1 0
2  15 -1 0
2  17 1 18 -1 21 1 2 1 3 -1 4 1 5 -1 6 1 7 -1 8 1 9 -1 10 1 11 -1 12 1 13 -1 0
2  10 1 11 -1 12 1 13 -1 0
2  2 1 3 -1 4 1 5 -1 6 1 7 -1 8 1 9 -1 0
2  17 1 18 -1 2 1 3 -1 4 1 5 -1 6 1 7 -1 8 1 9 -1 0
2  17 1 18 -1 21 1 2 1 3 -1 4 1 5 -1 6 1 7 -1 8 1 9 -1 0
2  15 -1 13 1 12 -1 11 1 10 -1 0
1
             -1               0               0               0 
              0               0               1              56 
              0               1              -0              -2 
2  38 1 9 -1 0
2  15 -1 13 1 12 -1 11 1 10 -1 9 1 38 -1 0
2  12 1 13 -1 0
2  2 1 3 -1 4 1 5 -1 6 1 7 -1 8 1 9 -1 10 1 11 -1 0
2  17 1 18 -1 2 1 3 -1 4 1 5 -1 6 1 7 -1 8 1 9 -1 10 1 11 -1 0
2  17 1 18 -1 21 1 2 1 3 -1 4 1 5 -1 6 1 7 -1 8 1 9 -1 10 1 11 -1 0
1
              0               0               1             116 
              1               0               0               0 
              0               1               0              -2 
2  45 1 7 -1 8 1 9 -1 10 1 11 -1 0
2  15 -1 13 1 12 -1 11 1 10 -1 9 1 8 -1 7 1 45 -1 0
2  15 -1 13 1 12 -1 0
2  6 1 7 -1 8 1 9 -1 10 1 11 -1 12 1 13 -1 0
2  15 -1 13 1 12 -1 11 1 10 -1 9 1 8 -1 7 1 6 -1 0
2  4 1 5 -1 6 1 7 -1 8 1 9 -1 0
2  8 1 9 -1 10 1 11 -1 12 1 13 -1 0
2  45 1 7 -1 0
2  15 -1 13 1 12 -1 11 1 10 -1 9 1 8 -1 0
2  5 1 4 -1 0
2  4 1 5 -1 6 1 7 -1 8 1 9 -1 10 1 11 -1 0
2  8 1 9 -1 10 1 11 -1 0
Curve2ds 224
1 3.1415926535897931 0 0 -1 
1 3.141592653589794 0 0 -1 
1 4.7123889803846897 0 0 -1 
1 0 0 1 0 
1 0 -22 1 0 
1 1.5707963267948959 0 0 -1 
1 0 0 1 0 
1 0 -22 1 0 
1 4.7123889803846906 0 0 -1 
1 0 0 1 0 
1 0 0 1 0 
1 1.5707963267948959 0 0 -1 
1 0 0 1 0 
1 0 0 1 0 
1 3.141592653589794 0 0 1 
1 3.1415926535897931 0 0 1 
1 3.1415926535897931 0 0 1 
1 3.1415926535897922 0 0 1 
1 6.2831853071795862 0 0 -1 
1 0 0 1 0 
1 0 -22 1 0 
1 0 1.4142135623730951 1 0 
1 0 0 1 0 
1 4.7123889803846897 0 0 1 
1 1.5707963267948966 0 0 1 
1 0 1.4142135623730949 1 0 
1 0 0 1 0 
1 0 0 0 -1 
1 0 0 1 0 
1 0 -22 1 0 
1 1.5707963267948959 0 0 1 
1 0 1.4142135623730951 1 0 
1 0 0 1 0 
1 0 1.4142135623730949 1 0 
1 0 0 1 0 
1 4.7123889803846906 0 0 1 
1 3.141592653589794 0 0 1 
1 3.1415926535897931 0 0 1 
1 3.1415926535897931 0 0 1 
1 3.1415926535897922 0 0 1 
1 0 0 1 0 
1 0 0 1 0 
1 4.7123889803846906 0 0 1 
1 1.5707963267948957 0 0 1 
1 1.5707963267948939 0 0 -1 
1 1.5707963267948959 0 0 -1 
1 4.7123889803846906 0 0 1 
1 4.7123889803846897 0 0 1 
1 0 0.28284271247461845 1 0 
1 0 0 1 0 
1 4.7123889803846897 0 0 1 
1 1.5707963267948966 0 0 1 
1 0 0.28284271247461801 1 0 
1 0 0 1 0 
1 1.5707963267948959 0 0 1 
1 0 0 1 0 
1 4.7123889803846906 0 0 1 
1 0 0 1 0 
1 4.7123889803846897 0 0 -1 
1 4.7123889803846906 0 0 -1 
1 1.5707963267948959 0 0 1 
1 1.5707963267948959 0 0 1 
1 1.5707963267948959 0 0 1 
1 0 0.28284271247461845 1 0 
1 0 0 1 0 
1 0 0.28284271247461801 1 0 
1 0 0 1 0 
1 4.7123889803846906 0 0 1 
1 3.141592653589794 0 0 1 
1 3.1415926535897931 0 0 1 
1 3.1415926535897931 0 0 1 
1 3.1415926535897922 0 0 1 
1 0 1.4142135623730951 1 0 
1 0 0 1 0 
1 6.2831853071795862 0 0 1 
1 0 0 0 1 
1 0 1.4142135623730949 1 0 
1 0 0 1 0 
1 4.7123889803846906 0 0 1 
1 1.5707963267948957 0 0 1 
1 0 -17.199999999999999 1 0 
1 0 0 0 -1 
1 6.2831853071795862 -6.2000000000000011 -1 0 
1 0 3.9597979746446668 1 0 
1 3.141592653589794 0 0 -1 
1 0 -17.199999999999999 1 0 
1 6.2831853071795862 -6.2000000000000011 -1 0 
1 0 3.9597979746446668 1 0 
1 4.7123889803846897 0 0 1 
1 4.7123889803846906 0 0 1 
1 0 0 1 0 
1 0 1.0000000000000002 1 0 
1 6.2831853071795862 0 0 1 
1 0 0 1 0 
1 0 1.0000000000000002 1 0 
1 3.1415926535897931 0 0 1 
1 0 1 1 0 
1 0 0 1 0 
1 4.7123889803846897 0 0 1 
1 1.5707963267948966 0 0 1 
1 0 1 1 0 
1 0 0 1 0 
1 0 0 0 1 
1 0 1.4142135623730951 1 0 
1 0 0 1 0 
1 1.5707963267948959 0 0 1 
1 4.7123889803846906 0 0 1 
1 0 1.4142135623730949 1 0 
1 0 0 1 0 
1 6.2831853071795862 0 0 1 
1 0 -17.199999999999999 1 0 
1 3.1415926535897931 0 0 -1 
1 6.2831853071795862 -6.2000000000000011 -1 0 
1 0 3.9597979746446668 1 0 
1 6.2831853071795871 0 0 -1 
1 0 -17.199999999999999 1 0 
1 6.2831853071795871 -6.2000000000000011 -1 0 
1 0 3.9597979746446668 1 0 
1 1.5707963267948959 0 0 1 
1 1.5707963267948959 0 0 1 
1 0 0 1 0 
1 0 1.0000000000000002 1 0 
1 3.141592653589794 0 0 1 
1 0 0 1 0 
1 0 1.0000000000000002 1 0 
1 0 0 0 1 
1 1.5707963267948959 0 0 1 
1 0 1 1 0 
1 0 0 1 0 
1 0 1 1 0 
1 0 0 1 0 
1 4.7123889803846906 0 0 1 
1 3.141592653589794 0 0 1 
1 3.1415926535897931 0 0 1 
1 3.1415926535897931 0 0 1 
1 3.1415926535897922 0 0 1 
1 0 0.28284271247461845 1 0 
1 0 0 1 0 
1 6.2831853071795862 0 0 1 
1 0 0 0 1 
1 0 0.28284271247461801 1 0 
1 0 0 1 0 
1 4.7123889803846906 0 0 1 
1 1.5707963267948957 0 0 1 
1 0 1.9798989873223329 1 0 
1 1.5707963267948957 0 0 1 
1 1.5707963267948966 0 0 1 
1 0 1.9798989873223329 1 0 
1 4.7123889803846897 0 0 1 
1 4.7123889803846906 0 0 1 
1 0 0 1 0 
1 0 0.28284271247461862 1 0 
1 3.1415926535897931 0 0 1 
1 0 0 1 0 
1 0 0.28284271247461862 1 0 
1 6.2831853071795862 0 0 1 
1 1.5707963267948966 0 0 1 
1 0 0.28284271247461901 1 0 
1 0 0 1 0 
1 0 0 0 1 
1 0 0.28284271247461845 1 0 
1 0 0 1 0 
1 1.5707963267948959 0 0 1 
1 4.7123889803846906 0 0 1 
1 0 0.28284271247461801 1 0 
1 0 0 1 0 
1 6.2831853071795862 0 0 1 
1 0 1.9798989873223329 1 0 
1 4.7123889803846906 0 0 1 
1 4.7123889803846906 0 0 1 
1 0 1.9798989873223329 1 0 
1 1.5707963267948959 0 0 1 
1 1.5707963267948959 0 0 1 
1 0 0 1 0 
1 0 0.28284271247461862 1 0 
1 0 0 0 1 
1 0 0 1 0 
1 0 0.28284271247461862 1 0 
1 3.141592653589794 0 0 1 
1 0 0.28284271247461901 1 0 
1 0 0 1 0 
1 4.7123889803846906 0 0 1 
1 3.1415926535897931 0 0 1 
1 3.1415926535897922 0 0 1 
1 0 1 1 0 
1 0 0 1 0 
1 6.2831853071795862 0 0 1 
1 0 0 0 1 
1 0 1 1 0 
1 0 0 1 0 
1 1.5707963267948957 0 0 1 
1 0 0 1 0 
1 0 1 1 0 
1 0 0 0 1 
1 1.5707963267948957 0 0 1 
1 1.5707963267948966 0 0 1 
1 0 0 1 0 
1 0 1 1 0 
1 3.1415926535897931 0 0 1 
1 6.2831853071795862 0 0 1 
1 0 0 0 1 
1 0 1 1 0 
1 0 0 1 0 
1 4.7123889803846906 0 0 1 
1 0 1 1 0 
1 0 0 1 0 
1 6.2831853071795862 0 0 1 
1 0 0 1 0 
1 0 1 1 0 
1 3.1415926535897922 0 0 1 
1 4.7123889803846906 0 0 1 
1 4.7123889803846906 0 0 1 
1 0 0 1 0 
1 0 1 1 0 
1 6.2831853071795862 0 0 1 
1 0 0 0 1 
1 0 0 0 1 
1 0 0.28284271247461901 1 0 
1 0 0 1 0 
1 0 0 0 1 
1 0 0.28284271247461901 1 0 
1 0 0 1 0 
1 6.2831853071795862 0 0 1 
1 6.2831853071795862 0 0 1 
Curves 350
1 -18 -48 -2 0 0 1 
1 -18 48 -2 0 0 1 
1 -18 -48 -2 0 1 0 
1 -18 -48 -2 0 1 0 
1 -10.000000000000002 -56 -2 0 0 1 
2 -10.000000000000002 -48 -2 0 0 1 1 0 -0 -0 1 0 8
2 -10.000000000000002 -48 -2 0 0 1 1 0 -0 -0 1 0 8
1 -9.9999999999999982 56 -2 0 0 1 
2 -10 48 -2 0 0 1 1 0 -0 -0 1 0 8
2 -10 48 -2 0 0 1 1 0 -0 -0 1 0 8
1 -19.5 -48 -2 1 0 0 
1 -16 -48 -2 0 -1 0 
1 -19.5 48 -2 1 0 0 
1 -19.5 -48 20 1 0 0 
1 -16 -48 20 0 1 0 
1 -19.5 48 20 1 0 0 
1 108 -56 -2 0 0 1 
1 108 -56 -2 -1 0 0 
1 108 -56 -2 -1 0 0 
1 77.027756813566455 -56 14.10000000000003 -1 0 0 
1 48.840578987075368 -56 18.923874705820463 -0.49999999999999961 -0 -0.86602540378443882 
1 55.075961894323349 -56.000000000000014 -11.723874705820464 0.49999999999999983 0 -0.86602540378443882 
1 79.972243186433545 -56 3.9000000000000252 1 0 0 
1 59.146281292110181 -56.000000000000014 16.373874705820473 0.49999999999999983 0 0.86602540378443882 
1 62.437177826491073 -56 -4.0738747058204616 -0.49999999999999961 0 0.86602540378443882 
1 -10 -57.5 -2 9.9999999999999998e-17 1 0 
2 -10.000000000000002 -48 -2 0 0 1 1 0 -0 -0 1 0 6
1 -10 -57.500000000000227 20 -1.9000000000000001e-15 1 0 
2 -10.000000000000002 -48 20 0 -0 -1 1 -1.18e-15 0 -1.18e-15 -1 0 6
1 -9.9999999999999982 56 -2 1 0 0 
1 -9.9999999999999982 56 -2 1 0 0 
1 108 56 -2 0 0 1 
1 -46.05551362713291 14.100000000000001 0 -1 0 0 
1 -51.94448637286709 14.100000000000001 0 -0.49999999999999961 -0.86602540378443882 0 
1 -54.888972745734179 9 0 0.49999999999999983 -0.86602540378443882 0 
1 -51.94448637286709 3.9000000000000004 0 1 0 0 
1 -46.05551362713291 3.9000000000000004 0 0.49999999999999983 0.86602540378443882 0 
1 -43.111027254265821 9 0 -0.49999999999999961 0.86602540378443882 0 
2 -10 48 -2 0 0 1 1 0 -0 -0 1 0 6
1 -9.9999999999999982 57.5 -2 0 -1 0 
2 -10 48 20 0 0 -1 1 0 0 0 -1 0 6
1 -9.9999999999999929 57.5 20 -1.6800000000000001e-15 -1 0 
1 -16.000000000000011 48 -2.0000000000000107 0.70710678118654757 1.6000000000000001e-16 0.70710678118654757 
1 -15 -48 -0.99999999999999978 1.1e-16 -1 1.1e-16 
1 -16 -48 -2 0.70710678118654757 1.6000000000000001e-16 0.70710678118654757 
1 -16 -48 20 0.70710678118654757 1.6000000000000001e-16 -0.70710678118654757 
1 -15 -48 19 -1.1e-16 1 1.1e-16 
1 -16.000000000000011 48 20.000000000000011 0.70710678118654757 1.6000000000000001e-16 -0.70710678118654757 
1 116 -48 -2 0 0 1 
2 108 -48 -2 0 0 1 1 0 -0 -0 1 0 8
2 108 -48 -2 0 0 1 1 0 -0 -0 1 0 8
1 108 -57.5 -2 6.0000000000000001e-17 1 0 
1 108 -54 -2 1 -6.0000000000000001e-17 0 
1 108 -57.5 20 -1.9500000000000001e-15 1 0 
1 108 -54 20 -1 -1.9000000000000001e-15 0 
1 18.027756813566455 -50.200000000000003 14.100000000000026 1 0 0 
1 51.94448637286709 56.000000000000007 14.100000000000001 0 -1 2.2e-16 
1 46.05551362713291 56.000000000000007 14.100000000000001 0 -1 2.2e-16 
1 34.090578987075389 -50.200000000000003 -6.6238747058204597 0.49999999999999961 0 0.86602540378443882 
1 43.111027254265821 56 9 0 -1 2.2e-16 
1 37.92275144174905 -36.413642689040259 17.98635731095974 -0.37796447300922709 0.65465367070797742 0.65465367070797709 
1 40.325961894323363 -50.200000000000017 13.823874705820476 -0.49999999999999983 0 0.86602540378443882 
1 46.05551362713291 56 3.9000000000000004 0 -1 2.2e-16 
1 79.972243186433545 -50.499999999999986 3.9000000000000252 -1 0 0 
1 51.94448637286709 56 3.9000000000000004 0 -1 2.2e-16 
1 44.396281292110203 -50.200000000000017 -9.173874705820463 -0.49999999999999983 0 -0.86602540378443882 
1 69.347101807641522 -20.357785882388303 34.042214117611707 -0.37796447300922709 -0.65465367070797742 -0.65465367070797709 
1 54.888972745734179 56 9 0 -1 2.2e-16 
1 47.68717782649108 -50.200000000000003 21.473874705820464 0.49999999999999961 0 -0.86602540378443882 
2 -10.000000000000002 -48 -0.99999999999999978 0 0 1 1 0 -0 -0 1 0 5
1 -10.000000000000004 -54 -2 1.2999999999999999e-16 0.70710678118654746 0.70710678118654757 
1 -10 -54.000000000000128 20.000000000000124 -1.4999999999999999e-15 0.70710678118654757 -0.70710678118654757 
2 -10.000000000000002 -48 19 0 0 -1 1 0 0 0 -1 0 5
1 -9.9999999999999982 54 -2 -1 0 0 
1 108 57.5 -2 -1.7899999999999999e-15 -1 0 
1 -9.9999999999999982 54 20 1 0 0 
1 108 57.5 20 0 -1 0 
1 116 48 -2 0 0 1 
2 108 48 -2 0 0 1 1 0 -0 -0 1 0 8
2 108 48 -2 0 0 1 1 0 -0 -0 1 0 8
1 51.94448637286709 56.000000000000007 14.100000000000001 0 -1 2.2e-16 
1 77.027756813566455 50.200000000000003 14.100000000000001 -1 0 0 
1 46.05551362713291 56.000000000000007 14.100000000000001 0 -1 2.2e-16 
1 54.888972745734179 56 9 0 -1 2.2e-16 
1 62.437177826491066 50.200000000000003 -4.0738747058204652 -0.49999999999999961 0 0.86602540378443882 
1 51.94448637286709 56 3.9000000000000004 0 -1 2.2e-16 
1 47.062123918519106 58.956499831897411 -4.5564998318974057 0.37796447300922698 -0.65465367070797742 0.65465367070797709 
1 59.146281292110189 50.200000000000003 16.373874705820469 0.49999999999999983 0 0.86602540378443882 
1 46.05551362713291 56 3.9000000000000004 0 -1 2.2e-16 
1 20.972243186433545 50.5 3.9000000000000021 1 0 0 
1 43.111027254265821 56 9 0 -1 2.2e-16 
1 55.075961894323342 50.200000000000003 -11.723874705820467 0.49999999999999983 0 -0.86602540378443882 
1 43.350586473728654 45.814928739531162 8.5850712604688368 0.37796447300922698 0.65465367070797742 -0.65465367070797709 
1 48.840578987075375 50.200000000000003 18.923874705820459 -0.49999999999999961 -0 -0.86602540378443882 
1 -9.9999999999999982 54 -2 1.6000000000000001e-16 -0.70710678118654757 0.70710678118654757 
2 -10 48 -0.99999999999999978 0 0 1 1 0 -0 -0 1 0 5
2 -10 48 19 0 0 -1 1 0 0 0 -1 0 5
1 -9.9999999999999964 54 20 -5.0000000000000004e-16 -0.70710678118654746 -0.70710678118654757 
1 -15.000000000000011 48 -1.0000000000000107 0.70710678118654646 1.6000000000000001e-16 0.70710678118654879 
1 -14.800000000000001 -48 -0.80000000000000004 1.1e-16 -1 1.1e-16 
1 -15 -48 -1 0.70710678118654646 1.6000000000000001e-16 0.70710678118654879 
1 -15 -48 19 0.70710678118654646 1.6000000000000001e-16 -0.70710678118654879 
1 -14.800000000000001 -48 18.800000000000001 -1.1e-16 1 1.1e-16 
1 -15.000000000000011 48 19.000000000000011 0.70710678118654646 1.6000000000000001e-16 -0.70710678118654879 
1 116 48 -2 0 -1 0 
1 116 48 -2 0 -1 0 
1 -6.4000000000000004 1.5 0 0 1 0 
1 6.4000000000000004 1.5 0 -1 0 0 
1 -6.4000000000000004 13.300000000000001 0 1 0 0 
1 6.4000000000000004 13.300000000000001 0 0 -1 0 
1 116 35.443375672974071 14.000000000000025 0 1 -2.2e-16 
1 116 17.50999095715769 14.687177826491236 0 0.50000000000000888 0.8660254037844336 
1 116 20.829755004997832 -2.4371778264910615 0 -0.49999999999999561 0.86602540378444115 
1 116 32.556624327025887 4.0000000000000622 0 -1 -4.8500000000000003e-15 
1 116.00000000000001 24.726869322028044 7.1871778264912045 0 -0.50000000000001199 -0.86602540378443182 
1 116 30.933384715816572 0.062822173508914059 0 0.50000000000000666 -0.86602540378443482 
1 117.5 -48 -2 -1 1.01e-15 0 
2 108 -48 -2 0 0 1 1 0 -0 -0 1 0 6
1 117.50000000000009 -48 20 -1 -9.5000000000000005e-16 0 
2 108 -48 20 0 0 -1 1 0 0 0 -1 0 6
1 108 -53 -0.99999999999999978 1 8.0000000000000006e-17 8.0000000000000006e-17 
1 108 -54 -2 -1.1e-16 0.70710678118654757 0.70710678118654757 
1 108 -54 20 -6.7000000000000004e-16 0.70710678118654746 -0.70710678118654757 
1 108 -53 19 -1 -1.0600000000000001e-15 1.0600000000000001e-15 
1 108 -50.199999999999996 4.2000000000000011 1 8.0000000000000006e-17 8.0000000000000006e-17 
1 108 -50.199999999999996 4.2000000000000011 1 8.0000000000000006e-17 8.0000000000000006e-17 
1 108 -50.200000000000003 -2 0 0 1 
1 48.999999999999993 -50.200000000000003 15.199999999999999 1 0 0 
1 -9.9999999999999982 -50.200000000000003 -2 0 0 1 
1 108 -53 1.4000000000000004 1 0 2.2e-16 
1 108 -53 1.4000000000000004 -1.1e-16 0.70710678118654768 0.70710678118654746 
1 -10.000000000000004 -53 1.4000000000000004 1.2999999999999999e-16 0.70710678118654757 0.70710678118654746 
2 -10.000000000000002 -48 -0.80000000000000004 0 0 1 1 0 -0 -0 1 0 4.8000000000000007
1 -10.000000000000004 -53 -1 1.2999999999999999e-16 0.70710678118654624 0.70710678118654879 
1 -10 -53.000000000000128 19.000000000000124 -1.4999999999999999e-15 0.70710678118654646 -0.70710678118654879 
2 -10.000000000000002 -48 18.800000000000001 0 -0 -1 1 -1.42e-15 0 -1.42e-15 -1 0 4.8000000000000007
1 108 54 -2 -5.1e-16 -0.70710678118654746 0.70710678118654757 
1 -9.9999999999999982 53 -0.99999999999999978 -1 -1.1e-16 1.1e-16 
2 108 48 -2 0 0 1 1 0 -0 -0 1 0 6
1 117.5 48 -2 -1 1.01e-15 0 
1 -9.9999999999999982 53 19 1 1.1e-16 1.1e-16 
1 108 54.000000000000014 20.000000000000014 1.6000000000000001e-16 -0.70710678118654757 -0.70710678118654757 
2 108 48 20 0 0 -1 1 0 0 0 -1 0 6
1 117.5 48 20 -1 -9.5000000000000005e-16 0 
1 -9.9999999999999982 50.199999999999996 4.2000000000000011 -1 -1.1e-16 1.1e-16 
1 -9.9999999999999982 50.199999999999996 4.2000000000000011 -1 -1.1e-16 1.1e-16 
1 -10 50.200000000000003 -2 0 0 1 
1 49 50.200000000000003 15.199999999999999 -1 0 0 
1 108 50.200000000000003 -2 0 0 1 
1 -9.9999999999999982 53 1.4000000000000004 -1 0 2.2e-16 
1 -9.9999999999999982 53 1.4000000000000004 1.6000000000000001e-16 -0.70710678118654768 0.70710678118654746 
1 108 53 1.4000000000000004 -5.1e-16 -0.70710678118654757 0.70710678118654746 
1 -9.9999999999999982 53 -1 1.6000000000000001e-16 -0.70710678118654646 0.70710678118654879 
2 -10 48 -0.80000000000000004 0 0 1 1 0 -0 -0 1 0 4.8000000000000007
2 -10 48 18.800000000000001 0 0 -1 1 0 0 0 -1 0 4.8000000000000007
1 -9.9999999999999964 53 19 -5.0000000000000004e-16 -0.70710678118654624 -0.70710678118654879 
1 -14.800000000000001 48 -0.80000000000002136 0 2.2e-16 1 
1 -14.800000000000001 -48 0.20000000000000018 0 -1 2.2e-16 
1 -14.800000000000001 -48 -0.80000000000000004 0 2.2e-16 1 
1 -14.800000000000001 -48 18.800000000000001 0 2.2e-16 -1 
1 -14.800000000000001 -48 17.800000000000001 0 1 2.2e-16 
1 -14.800000000000001 48 18.800000000000022 0 2.2e-16 -1 
1 114 48 -2 1.01e-15 1 0 
1 114 48 20 9.5000000000000005e-16 -1 0 
1 116 -6.4000000000000004 13.300000000000001 -1 -0 -0 
1 110.2 -6.3999999999999995 -0.25 0 0 -1 
1 113.72499999999999 -6.3999999999999995 0.6749999999999976 0.70710678118654768 0 -0.70710678118654746 
1 116 -6.4000000000000004 1.5 -1 -0 -0 
1 112.90000000000001 27.199999999999999 1.5 0 1 0 
1 116 6.4000000000000004 1.5 -1 -0 -0 
1 116 6.4000000000000004 13.300000000000001 -1 -0 -0 
1 110.2 -27.199999999999999 13.300000000000001 -0 -1 -0 
1 110.77500000000001 6.3999999999999995 3.6249999999999956 -0.70710678118654768 0 0.70710678118654746 
1 110.2 6.3999999999999995 5.6500000000000004 0 0 1 
1 110.2 -12.556624327025931 14.000000000000036 0 -1 2.2e-16 
1 6.8999999999999997e-16 17.113248654051866 13.999999999999996 1 -2.2e-16 2.8000000000000001e-16 
1 1.9700000000000001e-15 22.886751345948131 13.999999999999995 1 -2.2e-16 2.8000000000000001e-16 
1 110.2 5.5099909571572727 -6.0974318643355385 -0 -0.50000000000000888 -0.8660254037844336 
1 1.1599999999999999e-15 14.226497308103678 9.0000000000000124 1 -2.2e-16 2.8000000000000001e-16 
1 110.2 8.8297550049980416 18.347431864335345 0 0.49999999999999561 -0.86602540378444115 
1 90.249815900851956 5.4795344401882531 24.15018409914806 0.65465367070797842 0.37796447300922331 -0.65465367070797809 
1 2.91e-15 17.113248654051805 3.9999999999999556 1 -2.2e-16 2.8000000000000001e-16 
1 110.39999999999995 32.556624327026157 4.0000000000000622 -4.8500000000000003e-15 1 4.8500000000000003e-15 
1 4.1899999999999998e-15 22.886751345948117 3.999999999999984 1 -2.2e-16 2.8000000000000001e-16 
1 84.7501840991481 37.695679460969757 29.649815900851916 -0.6546536707079742 0.37796447300923774 0.65465367070797409 
1 110.20000000000002 12.726869322027479 -13.597431864335658 0 0.50000000000001199 0.86602540378443182 
1 3.7199999999999997e-15 25.773502691896329 8.9999999999999662 1 -2.2e-16 2.8000000000000001e-16 
1 110.2 18.933384715816256 20.847431864335626 0 -0.50000000000000666 0.86602540378443482 
2 108 -48 -0.99999999999999978 0 0 1 1 0 -0 -0 1 0 5
1 114 -48 -2 -0.70710678118654746 1.7e-16 0.70710678118654757 
1 114.00000000000006 -48 20.000000000000057 -0.70710678118654757 -8.2999999999999998e-16 -0.70710678118654757 
2 108 -48 19 0 0 -1 1 0 0 0 -1 0 5
1 108 -52.799999999999997 -0.80000000000000004 1 8.0000000000000006e-17 8.0000000000000006e-17 
1 108 -53 -1 -1.1e-16 0.70710678118654646 0.70710678118654879 
1 108 -53 19 -6.7000000000000004e-16 0.70710678118654624 -0.70710678118654879 
1 108 -52.800000000000004 18.800000000000001 -1 -1.0600000000000001e-15 1.0600000000000001e-15 
2 108 -48 15.199999999999999 0 0 -1 1 0 0 0 -1 0 2.2000000000000002
1 110.2 -48 -2 0 0 1 
2 108 -48 4.2000000000000011 0 0 1 1 0 -0 -0 1 0 2.1999999999999993
1 108 -51.600000000000001 15.200000000000003 -1 -1.0600000000000001e-15 1.0600000000000001e-15 
1 -10.000000000000014 -51.600000000000229 15.199999999999999 -1.9000000000000001e-15 1 0 
1 108 -51.599999999999994 15.199999999999999 -1.9500000000000001e-15 1 0 
1 -12.199999999999999 -48 -2 0 0 1 
2 -9.9999999999999982 -48 15.199999999999999 0 0 -1 1 0 0 0 -1 0 2.2000000000000002
2 -10.000000000000002 -48 4.2000000000000011 0 0 1 1 0 -0 -0 1 0 2.1999999999999993
1 108 -53 0.40000000000000036 1 -1.4000000000000001e-16 1.4000000000000001e-16 
1 -10.000000000000004 -53 0.39999999999999991 0 0 1 
1 108 -53 0.39999999999999991 -2.2e-16 0 1 
2 108 -48 1.4000000000000004 0 0 1 1 0 -0 -0 1 0 5
1 113 -48 1.4000000000000004 -0.70710678118654757 1.7e-16 0.70710678118654746 
2 -10.000000000000002 -48 1.4000000000000004 0 0 1 1 0 -0 -0 1 0 5
1 -15 -48 1.4000000000000004 0.70710678118654768 1.6000000000000001e-16 0.70710678118654746 
2 -10.000000000000002 -48 0.20000000000000018 0 0 1 1 0 -0 -0 1 0 4.8000000000000007
1 -10.000000000000002 -52.799999999999997 -0.80000000000000004 0 0 1 
1 -10 -52.799999999999997 18.800000000000026 -2.2e-16 -0 -1 
2 -10.000000000000002 -48 17.800000000000001 0 -0 -1 1 -1.48e-15 0 -1.48e-15 -1 0 4.8000000000000007
1 114 48 -2 -0.70710678118654757 5.6000000000000003e-16 0.70710678118654757 
2 108 48 -0.99999999999999978 0 0 1 1 0 -0 -0 1 0 5
1 108 53 -1 -5.1e-16 -0.70710678118654624 0.70710678118654879 
1 -9.9999999999999982 52.799999999999997 -0.80000000000000004 -1 -1.1e-16 1.1e-16 
1 -9.9999999999999982 52.800000000000004 18.800000000000001 1 1.1e-16 1.1e-16 
1 108 53.000000000000014 19.000000000000014 1.6000000000000001e-16 -0.70710678118654646 -0.70710678118654879 
2 108 48 19 0 0 -1 1 0 0 0 -1 0 5
1 114 48 20 -0.70710678118654746 -1.7e-16 -0.70710678118654757 
2 -9.9999999999999982 48 15.199999999999999 0 0 -1 1 0 0 0 -1 0 2.2000000000000002
1 -12.199999999999999 48 -2 0 0 1 
2 -10 48 4.2000000000000011 0 0 1 1 0 -0 -0 1 0 2.1999999999999993
1 -9.9999999999999982 51.600000000000001 15.200000000000003 1 1.1e-16 1.1e-16 
1 108 51.600000000000001 15.199999999999999 0 -1 0 
1 -10.000000000000007 51.600000000000001 15.199999999999999 -1.6800000000000001e-15 -1 0 
1 110.2 48 -2 0 0 1 
2 108 48 15.199999999999999 0 0 -1 1 0 0 0 -1 0 2.1999999999999997
2 108 48 4.2000000000000011 0 0 1 1 0 -0 -0 1 0 2.1999999999999993
1 -9.9999999999999982 53 0.40000000000000036 -1 1.1e-16 1.1e-16 
1 108 53 0.39999999999999991 0 0 1 
1 -9.9999999999999982 53 0.39999999999999991 2.2e-16 0 1 
2 -10 48 1.4000000000000004 0 0 1 1 0 -0 -0 1 0 5
1 -15.000000000000011 48 1.3999999999999897 0.70710678118654768 1.6000000000000001e-16 0.70710678118654746 
2 108 48 1.4000000000000004 0 0 1 1 0 -0 -0 1 0 5
1 113 48 1.4000000000000004 -0.70710678118654768 5.6000000000000003e-16 0.70710678118654746 
1 -9.9999999999999982 52.799999999999997 -0.80000000000000004 2.2e-16 0 1 
2 -10 48 0.20000000000000018 0 0 1 1 0 -0 -0 1 0 4.8000000000000007
2 -10 48 17.800000000000001 0 0 -1 1 0 0 0 -1 0 4.8000000000000007
1 -9.9999999999999964 52.799999999999997 18.800000000000001 0 0 -1 
1 -14.79999999999999 48 0.19999999999998952 -0.70710678118654613 1.6000000000000001e-16 0.70710678118654902 
1 -15 -48 0.40000000000000036 -1.1e-16 -1 1.1e-16 
1 -14.800000000000001 -48 0.20000000000000018 -0.70710678118654613 1.6000000000000001e-16 0.70710678118654902 
1 -14.800000000000001 -48 17.800000000000001 -0.70710678118654613 1.6000000000000001e-16 -0.70710678118654902 
1 -15 -48 17.600000000000001 1.1e-16 1 1.1e-16 
1 -14.79999999999999 48 17.800000000000011 -0.70710678118654613 1.6000000000000001e-16 -0.70710678118654902 
1 113 48 -0.99999999999999978 3.8999999999999998e-16 1 -3.8999999999999998e-16 
1 113 48 19 5.9000000000000002e-16 -1 5.9000000000000002e-16 
1 110.2 48 4.2000000000000011 3.8999999999999998e-16 1 -3.8999999999999998e-16 
1 110.2 48 4.2000000000000011 3.8999999999999998e-16 1 -3.8999999999999998e-16 
1 110.2 48 4.2000000000000011 3.8999999999999998e-16 1 -3.8999999999999998e-16 
1 110.2 -3.5500000000000001e-15 15.199999999999999 0 1 0 
1 113 48 1.4000000000000004 -0 1 2.2e-16 
2 108 -48 -0.80000000000000004 0 0 1 1 0 -0 -0 1 0 4.8000000000000007
1 113 -48 -1 -0.70710678118654624 1.7e-16 0.70710678118654879 
1 113.00000000000006 -48 19.000000000000057 -0.70710678118654646 -8.2999999999999998e-16 -0.70710678118654879 
2 108 -48 18.800000000000001 0 0 -1 1 0 0 0 -1 0 4.8000000000000007
1 108 -52.799999999999997 0.20000000000000018 1 0 2.2e-16 
1 108 -52.799999999999997 -0.80000000000000004 -2.2e-16 0 1 
1 108 -52.799999999999997 18.800000000000001 0 0 -1 
1 108 -52.799999999999997 17.800000000000001 -1 0 2.2e-16 
1 111.60000000000008 -48.000000000000007 15.199999999999999 -1 -9.5000000000000005e-16 0 
2 108 -48 15.200000000000003 0 0 -1 1 0 0 0 -1 0 3.6000000000000001
1 108 -53 16.600000000000001 -1 0 2.2e-16 
1 108 -53 16.600000000000001 -6.7000000000000004e-16 0.70710678118654757 -0.70710678118654746 
1 -10 -53.000000000000128 16.600000000000126 -1.4999999999999999e-15 0.70710678118654768 -0.70710678118654746 
1 -13.6 -48 15.199999999999999 1 0 0 
2 -10.000000000000002 -48 15.200000000000003 0 -0 -1 1 -1.42e-15 0 -1.42e-15 -1 0 3.6000000000000001
1 -12.199999999999999 -48 4.2000000000000011 1.1e-16 -1 1.1e-16 
1 -12.199999999999999 0 15.199999999999999 0 -1 0 
1 -10.000000000000002 -52.799999999999997 0.20000000000000018 -1.2999999999999999e-16 -0.70710678118654602 0.70710678118654902 
1 108 -52.799999999999997 0.20000000000000018 -2e-16 -0.70710678118654613 0.70710678118654902 
2 -10.000000000000002 -48 0.40000000000000036 0 0 1 1 0 -0 -0 1 0 5
1 -15 -48 0.39999999999999991 0 2.2e-16 1 
2 108 -48 0.40000000000000036 0 0 1 1 0 -0 -0 1 0 4.9999999999999964
1 113 -48 0.39999999999999991 0 0 1 
1 -15 -48 1.4000000000000004 0 -1 2.2e-16 
1 -10 -52.800000000000097 17.799999999999901 1.19e-15 -0.70710678118654613 -0.70710678118654902 
2 -10.000000000000002 -48 17.600000000000001 0 -0 -1 1 -1.48e-15 0 -1.48e-15 -1 0 5
1 113 48 -1 -0.70710678118654646 5.6000000000000003e-16 0.70710678118654879 
2 108 48 -0.80000000000000004 0 0 1 1 0 -0 -0 1 0 4.8000000000000007
1 108 52.799999999999997 -0.80000000000000004 0 0 1 
1 -9.9999999999999982 52.799999999999997 0.20000000000000018 -1 0 2.2e-16 
1 -9.9999999999999982 52.799999999999997 17.800000000000001 1 0 2.2e-16 
1 108 52.799999999999997 18.800000000000026 2.2e-16 0 -1 
2 108 48 18.800000000000001 0 0 -1 1 0 0 0 -1 0 4.8000000000000007
1 113 48 19 -0.70710678118654624 -1.7e-16 -0.70710678118654879 
1 -13.6 48 15.199999999999999 1 0 0 
2 -10 48 15.200000000000003 0 0 -1 1 0 0 0 -1 0 3.6000000000000001
1 -9.9999999999999982 53 16.600000000000001 1 0 2.2e-16 
1 -9.9999999999999964 53 16.600000000000001 -5.0000000000000004e-16 -0.70710678118654757 -0.70710678118654746 
1 108 53.000000000000014 16.600000000000016 1.6000000000000001e-16 -0.70710678118654768 -0.70710678118654746 
1 111.59999999999999 47.999999999999993 15.199999999999999 -1 -9.5000000000000005e-16 0 
2 108 48 15.200000000000003 0 0 -1 1 0 0 0 -1 0 3.6000000000000001
1 108 52.799999999999997 0.20000000000000018 5.1e-16 0.70710678118654602 0.70710678118654902 
1 -9.9999999999999982 52.799999999999997 0.20000000000000018 1.6000000000000001e-16 0.70710678118654613 0.70710678118654902 
2 108 48 0.40000000000000036 0 0 1 1 0 -0 -0 1 0 4.9999999999999964
1 113 48 0.39999999999999991 -0 -2.2e-16 1 
2 -10 48 0.40000000000000036 0 0 1 1 0 -0 -0 1 0 5
1 -15 48 0.39999999999997859 0 2.2e-16 1 
2 -10 48 17.600000000000001 0 0 -1 1 0 0 0 -1 0 5
1 -9.9999999999999964 52.799999999999997 17.800000000000001 5.0000000000000004e-16 0.70710678118654602 -0.70710678118654902 
1 -15 -48 17.600000000000001 0 2.2e-16 -1 
1 -15 -48 16.600000000000001 0 1 2.2e-16 
1 -15 48 17.600000000000023 0 2.2e-16 -1 
1 112.8 48 -0.80000000000000004 3.8999999999999998e-16 1 -3.8999999999999998e-16 
1 112.8 48 18.800000000000001 5.9000000000000002e-16 -1 5.9000000000000002e-16 
1 111.59999999999999 48 15.200000000000003 5.9000000000000002e-16 -1 5.9000000000000002e-16 
1 113 48 0.40000000000000036 6.2000000000000002e-16 1 6.2000000000000002e-16 
2 108 -48 0.20000000000000018 0 0 1 1 0 -0 -0 1 0 4.7999999999999972
1 112.8 -48 -0.80000000000000004 0 0 1 
1 112.8 -48 18.800000000000022 0 -2.2e-16 -1 
2 108 -48 17.800000000000001 0 0 -1 1 0 0 0 -1 0 4.7999999999999972
1 108 -52.799999999999997 17.800000000000001 6.7000000000000004e-16 -0.70710678118654602 -0.70710678118654902 
1 108 -53 17.600000000000001 -1 -8.4000000000000004e-16 -8.4000000000000004e-16 
2 108 -48 16.600000000000001 0 0 -1 1 0 0 0 -1 0 5
1 113.00000000000006 -48 16.600000000000058 -0.70710678118654768 -8.2999999999999998e-16 -0.70710678118654746 
1 108 -53 17.600000000000001 0 0 -1 
1 -10 -53 17.600000000000026 -2.2e-16 -0 -1 
2 -10.000000000000002 -48 16.600000000000001 0 -0 -1 1 -1.42e-15 0 -1.42e-15 -1 0 5
1 -15 -48 16.600000000000001 0.70710678118654768 1.6000000000000001e-16 -0.70710678118654746 
1 -13.6 -48 15.200000000000003 -1.1e-16 1 1.1e-16 
1 112.8 -48 0.20000000000000018 0.70710678118654602 -1.7e-16 0.70710678118654902 
1 112.8 48 -0.80000000000000004 -0 -2.2e-16 1 
2 108 48 0.20000000000000018 0 0 1 1 0 -0 -0 1 0 4.7999999999999972
1 -9.9999999999999982 53 17.600000000000001 1 -1.1e-16 1.1e-16 
1 108 52.799999999999983 17.800000000000015 1.6000000000000001e-16 0.70710678118654613 -0.70710678118654902 
2 108 48 17.800000000000001 0 0 -1 1 0 0 0 -1 0 4.7999999999999972
1 112.8 48 18.800000000000001 0 0 -1 
2 -10 48 16.600000000000001 0 0 -1 1 0 0 0 -1 0 5
1 -15.000000000000011 48 16.600000000000012 0.70710678118654768 1.6000000000000001e-16 -0.70710678118654746 
1 -9.9999999999999964 53 17.600000000000001 0 0 -1 
1 108 53 17.600000000000026 2.2e-16 0 -1 
2 108 48 16.600000000000001 0 0 -1 1 0 0 0 -1 0 5
1 113 48 16.600000000000001 -0.70710678118654757 -1.7e-16 -0.70710678118654746 
1 112.8 48 0.20000000000000018 0.70710678118654613 -8.7000000000000004e-16 0.70710678118654902 
1 112.8 48 0.20000000000000018 -0 1 2.2e-16 
1 112.8 48 17.800000000000001 -0 -1 2.2e-16 
1 113 48 16.600000000000001 -0 -1 2.2e-16 
1 112.80000000000003 -48 17.799999999999965 0.70710678118654613 5.1e-16 -0.70710678118654902 
2 108 -48 17.600000000000001 0 0 -1 1 0 0 0 -1 0 4.9999999999999964
1 113 -48 17.600000000000023 0 -2.2e-16 -1 
2 108 48 17.600000000000001 0 0 -1 1 0 0 0 -1 0 4.9999999999999964
1 112.8 48 17.800000000000001 0.70710678118654602 1.7e-16 -0.70710678118654902 
1 113 48 17.600000000000001 0 0 -1 
1 113 48 17.600000000000001 3.5999999999999998e-16 -1 -3.5999999999999998e-16 
Polygon3D 0
PolygonOnTriangulations 0
Surfaces 158
1 -18 -48 -2 -1 0 0 0 1 0 0 0 -1 
2 -10.000000000000002 -48 -2 -0 -0 -1 1 0 0 -0 1 -0 8
2 -10 48 -2 -0 -0 -1 1 0 0 -0 1 -0 8
1 108 -56 -2 0 -1 0 -1 0 0 -0 -0 -1 
1 -9.9999999999999982 56 -2 0 1 0 1 0 0 0 0 -1 
1 49 -7.9999999999999998e-16 -4 -0 -0 -1 -1 0 0 0 1 -0 
1 49 -7.9999999999999998e-16 -4 -0 -0 -1 -1 0 0 0 1 -0 
2 108 -48 -2 -0 -0 -1 1 0 0 -0 1 -0 8
1 49 -7.9999999999999998e-16 -4 -0 -0 -1 -1 0 0 0 1 -0 
10 3.1415926535897931 4.7123889803846897 0 1.4142135623730951
3 -10.000000000000002 -48 -2 0 0 1 1 0 -0 -0 1 0 6
-0.78539816339744828
1 49 -7.9999999999999998e-16 -4 -0 -0 -1 -1 0 0 0 1 -0 
10 1.5707963267948966 3.1415926535897931 0 1.4142135623730949
3 -10.000000000000002 -48 20 0 0 -1 1 0 0 0 -1 0 6
-0.78539816339744828
2 108 48 -2 -0 -0 -1 1 0 0 -0 1 -0 8
1 49 -7.9999999999999998e-16 -4 -0 -0 -1 -1 0 0 0 1 -0 
10 1.5707963267948959 3.141592653589794 0 1.4142135623730951
3 -10 48 -2 0 0 1 1 0 -0 -0 1 0 6
-0.78539816339744828
1 49 -7.9999999999999998e-16 -4 -0 -0 -1 -1 0 0 0 1 -0 
10 3.1415926535897922 4.7123889803846906 0 1.4142135623730949
3 -10 48 20 0 0 -1 1 0 0 0 -1 0 6
-0.78539816339744828
1 -16 -48 -2 0.70710678118654757 0 -0.70710678118654757 0.70710678118654757 1.6000000000000001e-16 0.70710678118654757 1.1313708498984759e-16 -1 1.1313708498984759e-16 
1 -15 -48 -1 0.70710678118654879 0 -0.70710678118654646 0.70710678118654646 1.6000000000000001e-16 0.70710678118654879 1.1313708498984742e-16 -1 1.1313708498984779e-16 
1 -16 -48 20 0.70710678118654757 0 0.70710678118654757 0.70710678118654757 1.6000000000000001e-16 -0.70710678118654757 -1.1313708498984759e-16 1 1.1313708498984759e-16 
1 -15 -48 19 0.70710678118654879 0 0.70710678118654646 0.70710678118654646 1.6000000000000001e-16 -0.70710678118654879 -1.1313708498984742e-16 1 1.1313708498984779e-16 
1 116 48 -2 1 0 0 0 -1 0 0 0 -1 
1 49 -7.9999999999999998e-16 -4 -0 -0 -1 -1 0 0 0 1 -0 
1 49 -7.9999999999999998e-16 -4 -0 -0 -1 -1 0 0 0 1 -0 
1 46.05551362713291 56.000000000000007 14.100000000000001 0 2.2e-16 1 1 0 -0 -0 1 -2.2e-16 
1 43.111027254265821 56 9 -0.86602540378443882 1.1e-16 0.49999999999999961 0.49999999999999961 1.8999999999999998e-16 0.86602540378443882 2.6279441628835666e-19 1 -2.1954482671904332e-16 
1 46.05551362713291 56 3.9000000000000004 -0.86602540378443882 -1.1e-16 -0.49999999999999983 -0.49999999999999983 1.8999999999999998e-16 0.86602540378443882 -2.6279441628831963e-19 1 -2.1954482671904329e-16 
1 51.94448637286709 56 3.9000000000000004 -0 -2.2e-16 -1 -1 0 0 0 1 -2.2e-16 
1 54.888972745734179 56 9 0.86602540378443882 -1.1e-16 -0.49999999999999983 -0.49999999999999983 -1.8999999999999998e-16 -0.86602540378443882 2.6279441628831963e-19 1 -2.1954482671904329e-16 
1 51.94448637286709 56.000000000000007 14.100000000000001 0.86602540378443882 1.1e-16 0.49999999999999961 0.49999999999999961 -1.8999999999999998e-16 -0.86602540378443882 -2.6279441628835666e-19 1 -2.1954482671904332e-16 
10 3.1415926535897931 4.7123889803846897 0 0.28284271247461845
3 -10.000000000000002 -48 -1 0 0 1 1 0 -0 -0 1 0 5
-0.7853981633974465
1 108 -54 -2 0 0.70710678118654757 -0.70710678118654757 -1.0999999999999999e-16 0.70710678118654757 0.70710678118654757 1 7.7781745930520218e-17 7.7781745930520218e-17 
1 108 -54 20 0 0.70710678118654757 0.70710678118654757 -1.4999999999999999e-15 0.70710678118654757 -0.70710678118654757 -1 -1.0606601717798212e-15 1.0606601717798212e-15 
10 1.5707963267948966 3.1415926535897931 0 0.28284271247461801
3 -10.000000000000002 -48 19 0 0 -1 1 -1.42e-15 0 -1.42e-15 -1 -0 5
-0.7853981633974465
1 49 -7.9999999999999998e-16 -4 -0 -0 -1 -1 0 0 0 1 -0 
1 49 -7.9999999999999998e-16 -4 -0 -0 -1 -1 0 0 0 1 -0 
1 46.05551362713291 56.000000000000007 14.100000000000001 0 2.2e-16 1 1 0 -0 -0 1 -2.2e-16 
1 51.94448637286709 56.000000000000007 14.100000000000001 0.86602540378443882 1.1e-16 0.49999999999999961 0.49999999999999961 -1.8999999999999998e-16 -0.86602540378443882 -2.6279441628835666e-19 1 -2.1954482671904332e-16 
1 54.888972745734179 56 9 0.86602540378443882 -1.1e-16 -0.49999999999999983 -0.49999999999999983 -1.8999999999999998e-16 -0.86602540378443882 2.6279441628831963e-19 1 -2.1954482671904329e-16 
1 51.94448637286709 56 3.9000000000000004 -0 -2.2e-16 -1 -1 0 0 0 1 -2.2e-16 
1 46.05551362713291 56 3.9000000000000004 -0.86602540378443882 -1.1e-16 -0.49999999999999983 -0.49999999999999983 1.8999999999999998e-16 0.86602540378443882 -2.6279441628831963e-19 1 -2.1954482671904329e-16 
1 43.111027254265821 56 9 -0.86602540378443882 1.1e-16 0.49999999999999961 0.49999999999999961 1.8999999999999998e-16 0.86602540378443882 2.6279441628835666e-19 1 -2.1954482671904332e-16 
1 -9.9999999999999982 54 -2 -0 -0.70710678118654757 -0.70710678118654757 1.6000000000000001e-16 -0.70710678118654757 0.70710678118654757 -1 -1.1313708498984759e-16 1.1313708498984759e-16 
10 1.5707963267948959 3.141592653589794 0 0.28284271247461845
3 -10 48 -1 0 0 1 1 0 -0 -0 1 0 5
-0.7853981633974465
10 3.1415926535897922 4.7123889803846906 0 0.28284271247461801
3 -10 48 19 0 0 -1 1 0 0 0 -1 0 5
-0.7853981633974465
1 -9.9999999999999982 54 20 0 -0.70710678118654757 0.70710678118654757 1.6000000000000001e-16 -0.70710678118654757 -0.70710678118654757 1 1.1313708498984759e-16 1.1313708498984759e-16 
1 49 -7.9999999999999998e-16 -4 -0 -0 -1 -1 0 0 0 1 -0 
10 4.7123889803846906 6.2831853071795862 0 1.4142135623730951
3 108 -48 -2 0 0 1 1 0 -0 -0 1 0 6
-0.78539816339744828
1 49 -7.9999999999999998e-16 -4 -0 -0 -1 -1 0 0 0 1 -0 
10 0 1.5707963267948957 0 1.4142135623730949
3 108 -48 20 0 0 -1 1 0 0 0 -1 0 6
-0.78539816339744828
1 108 -53 -1 0 0.70710678118654879 -0.70710678118654646 -1.1000000000000001e-16 0.70710678118654646 0.70710678118654879 1 7.7781745930520107e-17 7.7781745930520366e-17 
1 108 -53 19 0 0.70710678118654879 0.70710678118654646 -1.4999999999999999e-15 0.70710678118654646 -0.70710678118654879 -1 -1.0606601717798194e-15 1.060660171779823e-15 
1 -9.9999999999999982 -50.200000000000003 -2 0 1 0 1 0 0 0 0 -1 
2 108 -48 -2 0 0 -1 1 0 0 0 -1 0 2.2000000000000002
2 -9.9999999999999982 -48 -2 0 0 -1 1 0 0 0 -1 0 2.2000000000000002
1 108 -53 1.4000000000000004 0 0.70710678118654746 -0.70710678118654768 -1.1000000000000001e-16 0.70710678118654768 0.70710678118654746 1 7.7781745930520255e-17 7.778174593052023e-17 
10 4.7123889803846906 6.2831853071795862 0 3.9597979746446668
3 108 -48 1.4000000000000004 0 0 1 1 0 -0 -0 1 0 5
-0.78539816339744839
10 3.1415926535897931 4.7123889803846897 0 3.9597979746446668
3 -10.000000000000002 -48 1.4000000000000004 0 0 1 1 0 -0 -0 1 0 5
-0.78539816339744839
10 3.1415926535897931 4.7123889803846897 0 1
2 -10.000000000000002 -48 -0.80000000000000004 0 0 1 1 0 -0 -0 1 0 4.8000000000000007
10 1.5707963267948966 3.1415926535897931 0 1
2 -10.000000000000002 -48 18.800000000000001 0 0 -1 1 -1.48e-15 0 -1.48e-15 -1 -0 4.8000000000000007
10 0 1.5707963267948959 0 1.4142135623730951
3 108 48 -2 0 0 1 1 0 -0 -0 1 0 6
-0.78539816339744828
1 -9.9999999999999982 53 -1 -0 -0.70710678118654879 -0.70710678118654646 1.6000000000000001e-16 -0.70710678118654646 0.70710678118654879 -1 -1.1313708498984742e-16 1.1313708498984779e-16 
1 49 -7.9999999999999998e-16 -4 -0 -0 -1 -1 0 0 0 1 -0 
1 -9.9999999999999982 53 19 0 -0.70710678118654879 0.70710678118654646 1.6000000000000001e-16 -0.70710678118654646 -0.70710678118654879 1 1.1313708498984742e-16 1.1313708498984779e-16 
10 4.7123889803846906 6.2831853071795862 0 1.4142135623730949
3 108 48 20 0 0 -1 1 0 0 0 -1 0 6
-0.78539816339744828
1 49 -7.9999999999999998e-16 -4 -0 -0 -1 -1 0 0 0 1 -0 
1 108 50.200000000000003 -2 0 -1 0 -1 0 0 -0 -0 -1 
2 -9.9999999999999982 48 -2 0 0 -1 1 0 0 0 -1 0 2.2000000000000002
2 108 48 -2 0 0 -1 1 0 0 0 -1 0 2.1999999999999997
1 -9.9999999999999982 53 1.4000000000000004 -0 -0.70710678118654746 -0.70710678118654768 1.6000000000000004e-16 -0.70710678118654768 0.70710678118654746 -1 -1.1313708498984766e-16 1.1313708498984761e-16 
10 1.5707963267948959 3.141592653589794 0 3.9597979746446668
3 -10 48 1.4000000000000004 0 0 1 1 0 -0 -0 1 0 5
-0.78539816339744839
10 0 1.5707963267948959 0 3.9597979746446668
3 108 48 1.4000000000000004 0 0 1 1 0 -0 -0 1 0 5
-0.78539816339744839
10 1.5707963267948959 3.141592653589794 0 1
2 -10 48 -0.80000000000000004 0 0 1 1 0 -0 -0 1 0 4.8000000000000007
10 3.1415926535897922 4.7123889803846906 0 1
2 -10 48 18.800000000000001 0 0 -1 1 0 0 0 -1 0 4.8000000000000007
1 -14.800000000000001 -48 -0.80000000000000004 1 0 0 -0 2.2e-16 1 0 -1 2.2e-16 
1 -14.800000000000001 -48 18.800000000000001 1 0 0 0 2.2e-16 -1 -0 1 2.2e-16 
1 49 -7.9999999999999998e-16 -4 -0 -0 -1 -1 0 0 0 1 -0 
1 49 -7.9999999999999998e-16 -4 -0 -0 -1 -1 0 0 0 1 -0 
1 116 -6.4000000000000004 1.5 0 1 0 0 -0 1 1 0 -0 
1 116 6.4000000000000004 1.5 0 0 1 0 -1 0 1 0 -0 
1 116 -6.4000000000000004 13.300000000000001 0 0 -1 0 1 0 1 -0 0 
1 116 6.4000000000000004 13.300000000000001 0 -1 0 0 0 -1 1 0 0 
1 1.9700000000000001e-15 22.886751345948131 13.999999999999995 2.8000000000000001e-16 -2.2e-16 -1 -2.2e-16 -1 2.1999999999999995e-16 -1 2.1999999999999995e-16 -2.8000000000000006e-16 
1 6.8999999999999997e-16 17.113248654051866 13.999999999999996 3.2999999999999999e-16 0.8660254037844336 -0.50000000000000888 7.9999999999999993e-17 -0.50000000000000888 -0.8660254037844336 -1 2.457883832488624e-16 -2.3428203230275762e-16 
1 1.1599999999999999e-15 14.226497308103678 9.0000000000000124 4.9999999999999999e-17 0.86602540378444115 0.49999999999999561 2.9999999999999999e-16 0.49999999999999561 -0.86602540378444115 -1 1.9330127018922074e-16 -2.3480762113533256e-16 
1 2.91e-15 17.113248654051805 3.9999999999999556 -2.8000000000000001e-16 -4.8500000000000003e-15 1 2.2e-16 1 4.8500000000000003e-15 -1 2.2000000000000136e-16 -2.7999999999999893e-16 
1 4.1899999999999998e-15 22.886751345948117 3.999999999999984 -3.2999999999999999e-16 -0.86602540378443182 0.50000000000001199 -7.9999999999999981e-17 0.50000000000001199 0.86602540378443182 -1 2.4578838324886151e-16 -2.3428203230275846e-16 
1 3.7199999999999997e-15 25.773502691896329 8.9999999999999662 -4.9999999999999999e-17 -0.86602540378443482 -0.50000000000000666 -2.9999999999999999e-16 -0.50000000000000666 0.86602540378443482 -1 1.9330127018922374e-16 -2.3480762113533009e-16 
10 4.7123889803846906 6.2831853071795862 0 0.28284271247461845
3 108 -48 -1 0 0 1 1 0 -0 -0 1 0 5
-0.7853981633974465
1 114 48 -2 -0.70710678118654757 0 -0.70710678118654757 -0.70710678118654757 5.6000000000000003e-16 0.70710678118654757 3.9597979746446656e-16 1 -3.9597979746446656e-16 
1 114 48 20 -0.70710678118654757 0 0.70710678118654757 -0.70710678118654757 -8.2999999999999998e-16 -0.70710678118654757 5.868986283848344e-16 -1 5.868986283848344e-16 
10 0 1.5707963267948957 0 0.28284271247461801
3 108 -48 19 0 0 -1 1 0 0 0 -1 0 5
-0.7853981633974465
1 110.2 -48 -2 -1 0 0 0 1 0 0 0 -1 
1 107.99999999999999 -51.600000000000001 15.199999999999999 0 0 1 -1.9000000000000001e-15 1 0 -1 -1.9000000000000001e-15 0 
1 -11.62634559672906 -49.626345596729045 15.199999999999999 0 0 -1 -0.70710678118654535 0.70710678118654968 0 0.70710678118654968 0.70710678118654535 0 
1 109.62634559672905 -49.626345596729067 15.199999999999999 0 0 -1 -0.70710678118654946 -0.70710678118654569 -0 -0.70710678118654569 0.70710678118654946 0 
1 -12.199999999999999 48 -2 1 0 0 0 -1 0 0 0 -1 
1 108 -53 0.39999999999999991 0 1 -0 -2.2e-16 0 1 1 0 2.2e-16 
10 3.1415926535897931 4.7123889803846897 0 1.0000000000000002
2 -10.000000000000002 -48 0.39999999999999991 0 0 1 1 0 -0 -0 1 0 5
10 4.7123889803846906 6.2831853071795862 0 1.0000000000000002
2 108 -48 0.39999999999999991 0 0 1 1 0 -0 -0 1 0 5
1 113 48 1.4000000000000004 -0.70710678118654746 0 -0.70710678118654768 -0.70710678118654768 5.6000000000000003e-16 0.70710678118654746 3.9597979746446671e-16 1 -3.9597979746446661e-16 
1 -15 -48 1.4000000000000004 0.70710678118654746 0 -0.70710678118654768 0.70710678118654768 1.6000000000000004e-16 0.70710678118654746 1.1313708498984766e-16 -1 1.1313708498984761e-16 
10 3.1415926535897931 4.7123889803846897 0 0.28284271247461862
3 -10.000000000000002 -48 0.20000000000000018 0 0 1 1 0 -0 -0 1 0 4.8000000000000007
0.78539816339744617
1 108 -52.799999999999997 -0.80000000000000004 0 1 -0 -2.2e-16 0 1 1 0 2.2e-16 
1 108 -52.799999999999997 18.800000000000001 0 1 -0 -2.2e-16 0 -1 -1 0 2.2e-16 
10 1.5707963267948966 3.1415926535897931 0 0.28284271247461901
3 -10.000000000000002 -48 17.800000000000001 0 0 -1 1 -1.48e-15 0 -1.48e-15 -1 -0 4.8000000000000007
0.78539816339744617
10 0 1.5707963267948959 0 0.28284271247461845
3 108 48 -1 0 0 1 1 0 -0 -0 1 0 5
-0.7853981633974465
10 4.7123889803846906 6.2831853071795862 0 0.28284271247461801
3 108 48 19 0 0 -1 1 0 0 0 -1 0 5
-0.7853981633974465
1 -9.9999999999999982 51.600000000000001 15.199999999999999 0 0 1 0 -1 0 1 0 -0 
1 109.62634559672907 49.626345596729038 15.199999999999999 0 0 -1 0.7071067811865448 -0.70710678118655024 0 -0.70710678118655024 -0.7071067811865448 -0 
1 -11.626345596729067 49.626345596729053 15.199999999999999 0 0 -1 0.70710678118654524 0.7071067811865499 0 0.7071067811865499 -0.70710678118654524 0 
1 -9.9999999999999982 53 0.39999999999999991 0 -1 0 2.2e-16 0 1 -1 0 2.2e-16 
10 0 1.5707963267948959 0 1.0000000000000002
2 108 48 0.39999999999999991 0 0 1 1 0 -0 -0 1 0 5
10 1.5707963267948959 3.141592653589794 0 1.0000000000000002
2 -10 48 0.39999999999999991 0 0 1 1 0 -0 -0 1 0 5
1 -9.9999999999999982 52.799999999999997 -0.80000000000000004 0 -1 0 2.2e-16 0 1 -1 0 2.2e-16 
10 1.5707963267948959 3.141592653589794 0 0.28284271247461862
3 -10 48 0.20000000000000018 0 0 1 1 0 -0 -0 1 0 4.8000000000000007
0.78539816339744617
10 3.1415926535897922 4.7123889803846906 0 0.28284271247461901
3 -10 48 17.800000000000001 0 0 -1 1 0 0 0 -1 0 4.8000000000000007
0.78539816339744617
1 -9.9999999999999982 52.799999999999997 18.800000000000001 0 -1 0 2.2e-16 0 -1 1 0 2.2e-16 
1 -14.800000000000001 -48 0.20000000000000018 0.70710678118654902 0 0.70710678118654613 -0.70710678118654613 1.6000000000000004e-16 0.70710678118654902 -1.1313708498984742e-16 -1 1.1313708498984786e-16 
1 -14.800000000000001 -48 17.800000000000001 0.70710678118654902 0 -0.70710678118654613 -0.70710678118654613 1.6000000000000004e-16 -0.70710678118654902 1.1313708498984742e-16 1 1.1313708498984786e-16 
1 113 48 -1 -0.70710678118654879 0 -0.70710678118654646 -0.70710678118654646 5.6000000000000013e-16 0.70710678118654879 3.9597979746446602e-16 1 -3.959797974644673e-16 
1 113 48 19 -0.70710678118654879 0 0.70710678118654646 -0.70710678118654646 -8.2999999999999998e-16 -0.70710678118654879 5.8689862838483341e-16 -1 5.8689862838483538e-16 
10 4.7123889803846906 6.2831853071795862 0 1
2 108 -48 -0.80000000000000004 0 0 1 1 0 -0 -0 1 0 4.7999999999999972
10 0 1.5707963267948957 0 1
2 108 -48 18.800000000000001 0 0 -1 1 0 0 0 -1 0 4.7999999999999972
1 111.59999999999999 47.999999999999993 15.199999999999999 0 0 1 -1 -9.5000000000000005e-16 0 9.5000000000000005e-16 -1 0 
10 0 1.5707963267948957 0 1.9798989873223329
3 108 -48 16.600000000000001 0 0 -1 1 0 0 0 -1 0 5
-0.78539816339744839
1 108 -53 16.600000000000001 0 0.70710678118654746 0.70710678118654768 -1.5000000000000001e-15 0.70710678118654768 -0.70710678118654746 -1 -1.0606601717798216e-15 1.0606601717798212e-15 
10 1.5707963267948966 3.1415926535897931 0 1.9798989873223329
3 -10.000000000000002 -48 16.600000000000001 0 0 -1 1 -1.42e-15 0 -1.42e-15 -1 -0 5
-0.78539816339744839
1 -13.6 -48 15.199999999999999 0 0 1 1 0 -0 -0 1 0 
1 108 -52.799999999999997 0.20000000000000018 0 0.70710678118654902 0.70710678118654613 -2.0000000000000005e-16 -0.70710678118654613 0.70710678118654902 1 -1.4142135623730927e-16 1.4142135623730983e-16 
10 4.7123889803846906 6.2831853071795862 0 0.28284271247461862
3 108 -48 0.20000000000000018 0 0 1 1 0 -0 -0 1 0 4.7999999999999972
0.78539816339744617
1 -15 -48 0.39999999999999991 1 0 0 -0 2.2e-16 1 0 -1 2.2e-16 
1 113 48 0.39999999999999991 -1 0 -0 -0 -2.2e-16 1 0 1 2.2e-16 
1 108 -52.799999999999997 17.800000000000001 0 0.70710678118654902 -0.70710678118654613 1.1900000000000002e-15 -0.70710678118654613 -0.70710678118654902 -1 -8.4145706961198999e-16 -8.4145706961199344e-16 
10 1.5707963267948966 3.1415926535897931 0 1
2 -10.000000000000002 -48 17.600000000000001 0 0 -1 1 -1.42e-15 0 -1.42e-15 -1 -0 5
10 0 1.5707963267948959 0 1
2 108 48 -0.80000000000000004 0 0 1 1 0 -0 -0 1 0 4.7999999999999972
10 4.7123889803846906 6.2831853071795862 0 1
2 108 48 18.800000000000001 0 0 -1 1 0 0 0 -1 0 4.7999999999999972
10 3.1415926535897922 4.7123889803846906 0 1.9798989873223329
3 -10 48 16.600000000000001 0 0 -1 1 0 0 0 -1 0 5
-0.78539816339744839
1 -9.9999999999999982 53 16.600000000000001 0 -0.70710678118654746 0.70710678118654768 1.6000000000000004e-16 -0.70710678118654768 -0.70710678118654746 1 1.1313708498984766e-16 1.1313708498984761e-16 
10 4.7123889803846906 6.2831853071795862 0 1.9798989873223329
3 108 48 16.600000000000001 0 0 -1 1 0 0 0 -1 0 5
-0.78539816339744839
1 -9.9999999999999982 52.799999999999997 0.20000000000000018 0 -0.70710678118654902 0.70710678118654613 1.6000000000000004e-16 0.70710678118654613 0.70710678118654902 -1 1.1313708498984742e-16 1.1313708498984786e-16 
10 0 1.5707963267948959 0 0.28284271247461862
3 108 48 0.20000000000000018 0 0 1 1 0 -0 -0 1 0 4.7999999999999972
0.78539816339744617
10 3.1415926535897922 4.7123889803846906 0 1
2 -10 48 17.600000000000001 0 0 -1 1 0 0 0 -1 0 5
1 -9.9999999999999982 52.799999999999997 17.800000000000001 0 -0.70710678118654902 -0.70710678118654613 1.6000000000000004e-16 0.70710678118654613 -0.70710678118654902 1 -1.1313708498984742e-16 1.1313708498984786e-16 
1 -15 -48 17.600000000000001 1 0 0 0 2.2e-16 -1 -0 1 2.2e-16 
1 112.8 48 -0.80000000000000004 -1 0 -0 -0 -2.2e-16 1 0 1 2.2e-16 
1 112.8 48 18.800000000000001 -1 -0 -0 0 -2.2e-16 -1 0 -1 2.2e-16 
10 0 1.5707963267948957 0 0.28284271247461901
3 108 -48 17.800000000000001 0 0 -1 1 0 0 0 -1 0 4.7999999999999972
0.78539816339744617
10 0 1.5707963267948957 0 1
2 108 -48 17.600000000000001 0 0 -1 1 0 0 0 -1 0 5
1 113 48 16.600000000000001 -0.70710678118654746 0 0.70710678118654768 -0.70710678118654768 -8.3000000000000008e-16 -0.70710678118654746 5.8689862838483459e-16 -1 5.8689862838483449e-16 
1 108 -53 17.600000000000001 0 1 -0 -2.2e-16 0 -1 -1 0 2.2e-16 
1 -15 -48 16.600000000000001 0.70710678118654746 0 0.70710678118654768 0.70710678118654768 1.6000000000000004e-16 -0.70710678118654746 -1.1313708498984766e-16 1 1.1313708498984761e-16 
1 112.8 48 0.20000000000000018 -0.70710678118654902 0 0.70710678118654613 0.70710678118654613 -8.7000000000000013e-16 0.70710678118654902 6.1518289963229521e-16 1 6.1518289963229777e-16 
10 4.7123889803846906 6.2831853071795862 0 0.28284271247461901
3 108 48 17.800000000000001 0 0 -1 1 0 0 0 -1 0 4.7999999999999972
0.78539816339744617
1 -9.9999999999999982 53 17.600000000000001 0 -1 0 2.2e-16 0 -1 1 0 2.2e-16 
10 4.7123889803846906 6.2831853071795862 0 1
2 108 48 17.600000000000001 0 0 -1 1 0 0 0 -1 0 5
1 112.8 48 17.800000000000001 -0.70710678118654902 -0 -0.70710678118654613 0.70710678118654613 5.100000000000001e-16 -0.70710678118654902 3.6062445840513858e-16 -1 -3.6062445840514005e-16 
1 113 48 17.600000000000001 -1 -0 -0 0 -2.2e-16 -1 0 -1 2.2e-16 
Triangulations 0

TShapes 860
Ve
2.12133034e-07
-18 -48 -4
0 0

0101101
*
Ve
2.12133034e-07
-18 -48 18
0 0

0101101
*
Ed
 1e-07 1 1 0
1  1 0 0 22
2  1 2 0 0 22
4 G1 1 0 2 0
0

0101000
+860 16 -859 16 *
Ve
2.12133034e-07
-18 48 -4
0 0

0101101
*
Ve
2.12133034e-07
-18 48 18
0 0

0101101
*
Ed
 1e-07 1 1 0
1  2 0 0 22
2  2 3 0 0 22
4 G1 1 0 3 0
0

0101000
+857 16 -856 16 *
Ed
 1e-07 1 1 0
1  3 0 0 96
0

0101000
+860 20 -857 20 *
Ed
 1e-07 1 1 0
1  4 0 0 96
0

0101000
+859 23 -856 23 *
Wi

0101100
+858 0 -855 0 -854 19 +853 22 *
Fa
0  1e-07 1 0

0111000
+852 0 *
Ve
2.12133034e-07
-10 -56 -4
0 0

0101101
*
Ve
2.12133034e-07
-10 -56 18
0 0

0101101
*
Ed
 1.00000002e-07 1 1 0
1  5 0 0 22
2  3 2 0 0 22
4 G1 2 0 4 0
0

0101000
+850 16 -849 16 *
Ed
 1.00000007e-07 1 1 0
1  6 0 3.14159265358979 4.71238898038469
2  4 2 24 3.14159265358979 4.71238898038469
0

0101000
+860 20 -850 20 *
Ed
 1.00000007e-07 1 1 0
1  7 0 3.14159265358979 4.71238898038469
2  5 2 25 3.14159265358979 4.71238898038469
0

0101000
+859 23 -849 23 *
Wi

0101100
+858 0 -848 0 -847 19 +846 22 *
Fa
0  1e-07 2 0

0111000
+845 0 *
Ve
2.12133034e-07
-10 56 -4
0 0

0101101
*
Ve
2.12133034e-07
-10 56 18
0 0

0101101
*
Ed
 1e-07 1 1 0
1  8 0 0 22
2  6 3 0 0 22
4 G1 3 0 5 0
0

0101000
+843 16 -842 16 *
Ed
 1.00000004e-07 1 1 0
1  9 0 1.5707963267949 3.14159265358979
2  7 3 24 1.5707963267949 3.14159265358979
0

0101000
+843 20 -857 20 *
Ed
 1.00000004e-07 1 1 0
1  10 0 1.5707963267949 3.14159265358979
2  8 3 25 1.5707963267949 3.14159265358979
0

0101000
+842 23 -856 23 *
Wi

0101100
+841 0 -855 0 -840 19 +839 22 *
Fa
0  1e-07 3 0

0111000
+838 0 *
Ve
3.91969889e-07
-16 -48 -4
0 0

0101101
*
Ed
 1e-07 1 1 0
1  11 0 1.5 3.5
0

0101000
+860 28 -836 28 *
Ve
3.91969889e-07
-16 48 -4
0 0

0101101
*
Ed
 1e-07 1 1 0
1  12 0 -96 -0
0

0101000
+834 28 -836 28 *
Ed
 1e-07 1 1 0
1  13 0 1.5 3.5
0

0101000
+857 28 -834 28 *
Wi

0101100
-835 0 +833 0 +832 0 +854 29 *
Fa
0  1e-07 6 27

0111000
+831 0 *
Ve
3.91969889e-07
-16 -48 18
0 0

0101101
*
Ed
 1e-07 1 1 0
1  14 0 1.5 3.5
0

0101000
+859 31 -829 31 *
Ve
3.91969889e-07
-16 48 18
0 0

0101101
*
Ed
 1e-07 1 1 0
1  15 0 0 96
0

0101000
+829 31 -827 31 *
Ed
 1e-07 1 1 0
1  16 0 1.5 3.5
0

0101000
+856 31 -827 31 *
Wi

0101100
-828 0 -826 0 +825 0 +853 32 *
Fa
0  1e-07 7 30

0111000
+824 0 *
Ve
2.12133034e-07
108 -56 -4
0 0

0101101
*
Ve
2.12133034e-07
108 -56 18
0 0

0101101
*
Ed
 1e-07 1 1 0
1  17 0 0 22
2  9 8 0 0 22
4 G1 4 0 8 0
0

0101000
+822 16 -821 16 *
Ed
 1e-07 1 1 0
1  18 0 0 118
0

0101000
+822 20 -850 20 *
Ed
 1e-07 1 1 0
1  19 0 0 118
0

0101000
+821 23 -849 23 *
Wi

0101100
+820 34 -819 35 +818 36 -848 34 *
Ve
1.5000001e-07
51.9444863728671 -56 12.1
0 0

0101101
*
Ve
1.50000008e-07
46.0555136271329 -56 12.1
0 0

0101101
*
Ed
 1.5e-07 1 1 0
1  20 0 25.0832704406994 30.9722431864335
0

0101000
+816 37 -815 37 *
Ve
1.50000015e-07
43.1110272542658 -56 7.00000000000002
0 0

0101101
*
Ed
 1.5e-07 1 1 0
1  21 0 5.57013071988491 11.4591034656191
0

0101000
+815 37 -813 37 *
Ve
1.50000014e-07
46.0555136271329 -56 1.90000000000003
0 0

0101101
*
Ed
 1.5e-07 1 1 0
1  22 0 -23.9298692801151 -18.0408965343809
0

0101000
+813 37 -811 37 *
Ve
1.50000014e-07
51.9444863728671 -56 1.90000000000003
0 0

0101101
*
Ed
 1.5e-07 1 1 0
1  23 0 -33.9167295593006 -28.0277568135665
0

0101000
+811 37 -809 37 *
Ve
1.50000014e-07
54.8889727457342 -56 7.00000000000002
0 0

0101101
*
Ed
 1.5e-07 1 1 0
1  24 0 -14.4035898384862 -8.51461709275201
0

0101000
+809 37 -807 37 *
Ed
 1.5e-07 1 1 0
1  25 0 15.0964101615138 20.985382907248
0

0101000
+807 37 -816 37 *
Wi

0101100
-814 0 -812 0 -810 0 -808 0 -806 0 -805 0 *
Fa
0  1e-07 4 34

0111000
+817 0 +804 0 *
Ve
3.91969889e-07
-10 -54 -4
0 0

0101101
*
Ed
 1e-07 1 1 0
1  26 0 1.5 3.5
0

0101000
+850 28 -802 28 *
Ed
 1e-07 1 1 0
1  27 0 3.14159265358979 4.71238898038469
2  10 10 0 3.14159265358979 4.71238898038469
0

0101000
+836 28 -802 28 *
Wi

0101100
-847 29 -801 0 +800 0 +835 0 *
Fa
0  1e-07 9 27

0111000
+799 0 *
Ve
3.91969889e-07
-10 -54 18
0 0

0101101
*
Ed
 1e-07 1 1 0
1  28 0 1.50000000000023 3.5
0

0101000
+849 31 -797 31 *
Ed
 1e-07 1 1 0
1  29 0 1.5707963267949 3.14159265358979
2  11 12 0 1.5707963267949 3.14159265358979
0

0101000
+797 31 -829 31 *
Wi

0101100
-846 32 -796 0 -795 0 +828 0 *
Fa
0  1e-07 11 30

0111000
+794 0 *
Ve
2.12133034e-07
108 56 -4
0 0

0101101
*
Ed
 1e-07 1 1 0
1  30 0 0 118
0

0101000
+843 20 -792 20 *
Ve
2.12133034e-07
108 56 18
0 0

0101101
*
Ed
 1e-07 1 1 0
1  31 0 0 118
0

0101000
+842 23 -790 23 *
Ed
 1.00000007e-07 1 1 0
1  32 0 0 22
2  12 13 0 0 22
4 G1 5 0 13 0
0

0101000
+792 16 -790 16 *
Wi

0101100
+841 34 -791 35 +789 36 -788 34 *
Ve
2.12133034e-07
46.0555136271329 56 12.1
0 0

0101101
*
Ve
2.12133034e-07
51.9444863728671 56 12.1
0 0

0101101
*
Ed
 1.00000007e-07 1 1 0
1  33 0 0 5.88897274573418
0

0101000
+786 40 -785 40 *
Ve
2.12133034e-07
54.8889727457342 56 7
0 0

0101101
*
Ed
 1.00000007e-07 1 1 0
1  34 0 0 5.88897274573418
0

0101000
+785 40 -783 40 *
Ve
2.12133034e-07
51.9444863728671 56 1.9
0 0

0101101
*
Ed
 1e-07 1 1 0
1  35 0 0 5.88897274573418
0

0101000
+783 40 -781 40 *
Ve
2.12133034e-07
46.0555136271329 56 1.9
0 0

0101101
*
Ed
 1e-07 1 1 0
1  36 0 0 5.88897274573418
0

0101000
+781 40 -779 40 *
Ve
2.12133034e-07
43.1110272542658 56 7
0 0

0101101
*
Ed
 1e-07 1 1 0
1  37 0 0 5.88897274573418
0

0101000
+779 40 -777 40 *
Ed
 1e-07 1 1 0
1  38 0 0 5.88897274573418
0

0101000
+777 40 -786 40 *
Wi

0101100
-784 39 -782 39 -780 39 -778 39 -776 39 -775 39 *
Fa
0  1e-07 5 34

0111000
+787 0 +774 0 *
Ve
3.91969889e-07
-10 54 -4
0 0

0101101
*
Ed
 1e-07 1 1 0
1  39 0 1.5707963267949 3.14159265358979
2  13 15 0 1.5707963267949 3.14159265358979
0

0101000
+772 28 -834 28 *
Ed
 1e-07 1 1 0
1  40 0 1.5 3.5
0

0101000
+843 28 -772 28 *
Wi

0101100
-832 0 +771 0 +770 0 -840 29 *
Fa
0  1e-07 14 27

0111000
+769 0 *
Ve
3.91969889e-07
-10 54 18
0 0

0101101
*
Ed
 1e-07 1 1 0
1  41 0 3.14159265358979 4.71238898038469
2  14 17 0 3.14159265358979 4.71238898038469
0

0101000
+827 31 -767 31 *
Ed
 1e-07 1 1 0
1  42 0 1.5 3.5
0

0101000
+842 31 -767 31 *
Wi

0101100
-825 0 -766 0 +765 0 -839 32 *
Fa
0  1e-07 16 30

0111000
+764 0 *
Ve
1.01e-07
-15 48 -3
0 0

0101101
*
Ed
 1e-07 1 1 0
1  43 0 0 1.41421356237309
2  15 15 0 0 1.41421356237309
4 G1 18 0 15 0
0

0101000
+834 28 -762 28 *
Ve
1.01e-07
-15 -48 -3
0 0

0101101
*
Ed
 1e-07 1 1 0
1  44 0 -96 -0
4 G1 18 0 19 0
0

0101000
+762 28 -760 28 *
Ed
 1e-07 1 1 0
1  45 0 0 1.41421356237309
2  16 10 0 0 1.41421356237309
4 G1 18 0 10 0
0

0101000
+836 28 -760 28 *
Wi

0101100
-833 0 +761 0 +759 0 -758 0 *
Fa
0  1e-07 18 0

0111000
+757 0 *
Ve
1.01e-07
-15 -48 17
0 0

0101101
*
Ed
 1e-07 1 1 0
1  46 0 0 1.41421356237309
2  17 12 0 0 1.41421356237309
4 G1 20 0 12 0
0

0101000
+829 31 -755 31 *
Ve
1.01e-07
-15 48 17
0 0

0101101
*
Ed
 1e-07 1 1 0
1  47 0 0 96
4 G1 20 0 21 0
0

0101000
+755 31 -753 31 *
Ed
 1e-07 1 1 0
1  48 0 0 1.41421356237309
2  18 17 0 0 1.41421356237309
4 G1 20 0 17 0
0

0101000
+827 31 -753 31 *
Wi

0101100
-826 0 +754 0 +752 0 -751 0 *
Fa
0  1e-07 20 0

0111000
+750 0 *
Ve
2.12133034e-07
116 -48 -4
0 0

0101101
*
Ve
2.12133034e-07
116 -48 18
0 0

0101101
*
Ed
 1e-07 1 1 0
1  49 0 0 22
2  19 8 0 0 22
4 G1 8 0 22 0
0

0101000
+748 16 -747 16 *
Ed
 1.00000007e-07 1 1 0
1  50 0 4.71238898038469 6.28318530717959
2  20 8 24 4.71238898038469 6.28318530717959
0

0101000
+822 20 -748 20 *
Ed
 1.00000007e-07 1 1 0
1  51 0 4.71238898038469 6.28318530717959
2  21 8 25 4.71238898038469 6.28318530717959
0

0101000
+821 23 -747 23 *
Wi

0101100
+820 0 -746 0 -745 19 +744 22 *
Fa
0  1e-07 8 0

0111000
+743 0 *
Ve
3.91969889e-07
108 -54 -4
0 0

0101101
*
Ed
 1e-07 1 1 0
1  52 0 1.5 3.5
0

0101000
+822 28 -741 28 *
Ed
 1e-07 1 1 0
1  53 0 -118 -0
0

0101000
+802 28 -741 28 *
Wi

0101100
+819 29 -740 0 +739 0 +801 0 *
Fa
0  1e-07 23 27

0111000
+738 0 *
Ve
3.91969889e-07
108 -54 18
0 0

0101101
*
Ed
 1e-07 1 1 0
1  54 0 1.5 3.5
0

0101000
+821 31 -736 31 *
Ed
 1e-07 1 1 0
1  55 0 0 118
0

0101000
+736 31 -797 31 *
Wi

0101100
+818 32 -735 0 -734 0 +796 0 *
Fa
0  1e-07 24 30

0111000
+733 0 *
Ve
1.50000008e-07
46.0555136271329 -50.2 12.1
0 0

0101101
*
Ve
1.50000011e-07
51.9444863728671 -50.2 12.1
0 0

0101101
*
Ed
 1.5e-07 1 1 0
1  56 0 28.0277568135665 33.9167295593006
0

0101000
+731 37 -730 37 *
Ed
 1e-07 1 1 0
1  57 0 106.2 112
0

0101000
+730 37 -816 37 *
Ed
 1e-07 1 1 0
1  58 0 106.2 112
0

0101000
+731 37 -815 37 *
Wi

0101100
-729 0 -728 0 -814 0 +727 0 *
Fa
0  1e-07 25 0

0111000
+726 0 *
Ve
1.50000016e-07
43.1110272542658 -50.2 7.00000000000002
0 0

0101101
*
Ed
 1.5e-07 1 1 0
1  59 0 18.0408965343809 23.9298692801151
0

0101000
+724 37 -731 37 *
Ed
 1e-07 1 1 0
1  60 0 106.2 112
0

0101000
+724 37 -813 37 *
Wi

0101100
-723 0 -727 0 -812 0 +722 0 *
Fa
0  1e-07 26 0

0111000
+721 0 *
Ve
1.50000021e-07
46.0555136271329 -50.5 1.90000000000002
0 0

0101101
*
Ve
1.5000002e-07
45.882308546376 -50.2 2.2
0 0

0101101
*
Ed
 1.5e-07 1 1 0
1  61 0 -21.5172662145558 -21.0590086450603
0

0101000
+719 37 -718 37 *
Ed
 1.5e-07 1 1 0
1  62 0 -11.1126933041054 -5.57013071988493
0

0101000
+718 37 -724 37 *
Ed
 1e-07 1 1 0
1  63 0 106.5 112
0

0101000
+719 37 -811 37 *
Wi

0101100
-717 0 -716 0 -722 0 -810 0 +715 0 *
Fa
0  1e-07 27 0

0111000
+714 0 *
Ve
1.50000022e-07
51.9444863728671 -50.5 1.90000000000002
0 0

0101101
*
Ed
 1.5e-07 1 1 0
1  64 0 28.0277568135665 33.9167295593006
0

0101000
+712 37 -719 37 *
Ed
 1e-07 1 1 0
1  65 0 106.5 112
0

0101000
+712 37 -809 37 *
Wi

0101100
-711 0 -715 0 -808 0 +710 0 *
Fa
0  1e-07 28 0

0111000
+709 0 *
Ve
1.50000016e-07
54.8889727457342 -50.2 7.00000000000002
0 0

0101101
*
Ve
1.50000017e-07
52.117691453624 -50.2 2.2
0 0

0101101
*
Ed
 1.5e-07 1 1 0
1  66 0 -20.985382907248 -15.4428203230275
0

0101000
+707 37 -706 37 *
Ed
 1.5e-07 1 1 0
1  67 0 45.5847350330118 46.0429926025074
0

0101000
+706 37 -712 37 *
Ed
 1e-07 1 1 0
1  68 0 106.2 112
0

0101000
+707 37 -807 37 *
Wi

0101100
-705 0 -704 0 -710 0 -806 0 +703 0 *
Fa
0  1e-07 29 0

0111000
+702 0 *
Ed
 1.5e-07 1 1 0
1  69 0 8.51461709275201 14.4035898384862
0

0101000
+730 37 -707 37 *
Wi

0101100
-700 0 -703 0 -805 0 +728 0 *
Fa
0  1e-07 30 0

0111000
+699 0 *
Ve
1.01e-07
-10 -53 -3
0 0

0101101
*
Ed
 1e-07 1 1 0
1  70 0 3.14159265358979 4.71238898038469
2  22 10 0 3.14159265358979 4.71238898038469
2  23 31 0 3.14159265358979 4.71238898038469
4 G1 10 0 31 0
0

0101000
+760 28 -697 28 *
Ed
 1e-07 1 1 0
1  71 0 0 1.41421356237309
2  24 10 0 0 1.41421356237309
4 G1 10 0 32 0
0

0101000
+802 28 -697 28 *
Wi

0101100
+800 0 -758 0 -696 0 +695 0 *
Fa
0  1e-07 10 0

0111000
+694 0 *
Ve
1.01e-07
-10 -53 17
0 0

0101101
*
Ed
 1e-07 1 1 0
1  72 0 0 1.41421356237309
2  25 12 0 0 1.41421356237309
4 G1 12 0 33 0
0

0101000
+797 31 -692 31 *
Ed
 1e-07 1 1 0
1  73 0 1.5707963267949 3.14159265358979
2  26 12 0 1.5707963267949 3.14159265358979
2  27 34 0 1.5707963267949 3.14159265358979
4 G1 12 0 34 0
0

0101000
+692 31 -755 31 *
Wi

0101100
+795 0 -691 0 -690 0 +754 0 *
Fa
0  1e-07 12 0

0111000
+689 0 *
Ve
3.91969889e-07
108 54 -4
0 0

0101101
*
Ed
 1e-07 1 1 0
1  74 0 -118 -0
0

0101000
+687 28 -772 28 *
Ed
 1e-07 1 1 0
1  75 0 1.5 3.5
0

0101000
+792 28 -687 28 *
Wi

0101100
-770 0 +686 0 +685 0 +791 29 *
Fa
0  1e-07 35 27

0111000
+684 0 *
Ve
3.91969889e-07
108 54 18
0 0

0101101
*
Ed
 1e-07 1 1 0
1  76 0 0 118
0

0101000
+767 31 -682 31 *
Ed
 1e-07 1 1 0
1  77 0 1.5 3.5
0

0101000
+790 31 -682 31 *
Wi

0101100
-765 0 -681 0 +680 0 +789 32 *
Fa
0  1e-07 36 30

0111000
+679 0 *
Ve
2.12133034e-07
116 48 -4
0 0

0101101
*
Ve
2.12133034e-07
116 48 18
0 0

0101101
*
Ed
 1e-07 1 1 0
1  78 0 0 22
2  28 13 0 0 22
4 G1 13 0 22 0
0

0101000
+677 16 -676 16 *
Ed
 1.00000007e-07 1 1 0
1  79 0 0 1.5707963267949
2  29 13 24 0 1.5707963267949
0

0101000
+677 20 -792 20 *
Ed
 1.00000007e-07 1 1 0
1  80 0 0 1.5707963267949
2  30 13 25 0 1.5707963267949
0

0101000
+676 23 -790 23 *
Wi

0101100
+675 0 -788 0 -674 19 +673 22 *
Fa
0  1e-07 13 0

0111000
+672 0 *
Ve
1.50000008e-07
51.9444863728671 50.2 12.1
0 0

0101101
*
Ed
 1e-07 1 1 0
1  81 0 0 5.8
0

0101000
+785 37 -670 37 *
Ve
1.5e-07
46.0555136271329 50.2 12.1
0 0

0101101
*
Ed
 1.5e-07 1 1 0
1  82 0 25.0832704406994 30.9722431864335
0

0101000
+670 37 -668 37 *
Ed
 1e-07 1 1 0
1  83 0 0 5.8
0

0101000
+786 37 -668 37 *
Wi

0101100
-784 39 -669 0 -667 0 +666 0 *
Fa
0  1e-07 37 0

0111000
+665 0 *
Ve
1.50000008e-07
54.8889727457342 50.2 7
0 0

0101101
*
Ed
 1e-07 1 1 0
1  84 0 0 5.8
0

0101000
+783 37 -663 37 *
Ed
 1.5e-07 1 1 0
1  85 0 15.0964101615138 20.985382907248
0

0101000
+663 37 -670 37 *
Wi

0101100
-782 39 -662 0 -661 0 +669 0 *
Fa
0  1e-07 38 0

0111000
+660 0 *
Ve
1.50000011e-07
51.9444863728671 50.5 1.9
0 0

0101101
*
Ed
 1e-07 1 1 0
1  86 0 0 5.49999999999999
0

0101000
+781 37 -658 37 *
Ve
1.50000007e-07
52.117691453624 50.2 2.19999999999999
0 0

0101101
*
Ed
 1.5e-07 1 1 0
1  87 0 12.9175168646837 13.3757744341793
0

0101000
+658 37 -656 37 *
Ed
 1.5e-07 1 1 0
1  88 0 -14.0571796769725 -8.51461709275203
0

0101000
+656 37 -663 37 *
Wi

0101100
-780 39 -657 0 -655 0 -654 0 +662 0 *
Fa
0  1e-07 39 0

0111000
+653 0 *
Ve
1.5000001e-07
46.0555136271329 50.5 1.9
0 0

0101101
*
Ed
 1e-07 1 1 0
1  89 0 0 5.49999999999999
0

0101000
+779 37 -651 37 *
Ed
 1.5e-07 1 1 0
1  90 0 25.0832704406994 30.9722431864335
0

0101000
+651 37 -658 37 *
Wi

0101100
-778 39 -650 0 -649 0 +657 0 *
Fa
0  1e-07 40 0

0111000
+648 0 *
Ve
1.50000005e-07
43.1110272542658 50.2 7
0 0

0101101
*
Ed
 1e-07 1 1 0
1  91 0 0 5.8
0

0101000
+777 37 -646 37 *
Ve
1.50000008e-07
45.882308546376 50.2 2.19999999999999
0 0

0101101
*
Ed
 1.5e-07 1 1 0
1  92 0 -23.929869280115 -18.3873066958946
0

0101000
+646 37 -644 37 *
Ed
 1.5e-07 1 1 0
1  93 0 6.69830699295796 7.15656456245354
0

0101000
+644 37 -651 37 *
Wi

0101100
-776 39 -645 0 -643 0 -642 0 +650 0 *
Fa
0  1e-07 41 0

0111000
+641 0 *
Ed
 1.5e-07 1 1 0
1  94 0 5.57013071988493 11.4591034656191
0

0101000
+668 37 -646 37 *
Wi

0101100
-775 39 -666 0 -639 0 +645 0 *
Fa
0  1e-07 42 0

0111000
+638 0 *
Ve
1.01e-07
-10 53 -3
0 0

0101101
*
Ed
 1e-07 1 1 0
1  95 0 0 1.41421356237309
2  31 15 0 0 1.41421356237309
4 G1 15 0 43 0
0

0101000
+772 28 -636 28 *
Ed
 1e-07 1 1 0
1  96 0 1.5707963267949 3.14159265358979
2  32 15 0 1.5707963267949 3.14159265358979
2  33 44 0 1.5707963267949 3.14159265358979
4 G1 15 0 44 0
0

0101000
+636 28 -762 28 *
Wi

0101100
+771 0 -635 0 -634 0 +761 0 *
Fa
0  1e-07 15 0

0111000
+633 0 *
Ve
1.01e-07
-10 53 17
0 0

0101101
*
Ed
 1e-07 1 1 0
1  97 0 3.14159265358979 4.71238898038469
2  34 17 0 3.14159265358979 4.71238898038469
2  35 45 0 3.14159265358979 4.71238898038469
4 G1 17 0 45 0
0

0101000
+753 31 -631 31 *
Ed
 1e-07 1 1 0
1  98 0 0 1.41421356237309
2  36 17 0 0 1.41421356237309
4 G1 17 0 46 0
0

0101000
+767 31 -631 31 *
Wi

0101100
+766 0 -751 0 -630 0 +629 0 *
Fa
0  1e-07 17 0

0111000
+628 0 *
Ve
1.01e-07
-14.8 48 -2.8
0 0

0101101
*
Ed
 1e-07 1 1 0
1  99 0 0 0.282842712474618
2  37 44 0 0 0.282842712474618
4 G1 19 0 44 0
0

0101000
+762 28 -626 28 *
Ve
1.01e-07
-14.8 -48 -2.8
0 0

0101101
*
Ed
 1e-07 1 1 0
1  100 0 -96 -0
0

0101000
+626 28 -624 28 *
Ed
 1e-07 1 1 0
1  101 0 0 0.282842712474618
2  38 31 0 0 0.282842712474618
4 G1 19 0 31 0
0

0101000
+760 28 -624 28 *
Wi

0101100
-759 0 +625 0 +623 0 -622 0 *
Fa
0  1e-07 19 0

0111000
+621 0 *
Ve
1.01e-07
-14.8 -48 16.8
0 0

0101101
*
Ed
 1e-07 1 1 0
1  102 0 0 0.282842712474618
2  39 34 0 0 0.282842712474618
4 G1 21 0 34 0
0

0101000
+755 31 -619 31 *
Ve
1.01e-07
-14.8 48 16.8
0 0

0101101
*
Ed
 1e-07 1 1 0
1  103 0 0 96
0

0101000
+619 31 -617 31 *
Ed
 1e-07 1 1 0
1  104 0 0 0.282842712474618
2  40 45 0 0 0.282842712474618
4 G1 21 0 45 0
0

0101000
+753 31 -617 31 *
Wi

0101100
-752 0 +618 0 +616 0 -615 0 *
Fa
0  1e-07 21 0

0111000
+614 0 *
Ed
 1e-07 1 1 0
1  105 0 0 96
0

0101000
+677 20 -748 20 *
Ed
 1e-07 1 1 0
1  106 0 0 96
0

0101000
+676 23 -747 23 *
Wi

0101100
+675 42 -612 43 +611 44 -746 42 *
Ve
2.12133034e-07
116 -6.4 -0.5
0 0

0101101
*
Ve
2.12133034e-07
116 -6.4 11.3
0 0

0101101
*
Ed
 1e-07 1 1 0
1  107 0 0 11.8
0

0101000
+609 47 -608 47 *
Ve
2.12133034e-07
116 6.4 -0.5
0 0

0101101
*
Ed
 1e-07 1 1 0
1  108 0 0 12.8
0

0101000
+606 47 -609 47 *
Ve
2.12133034e-07
116 6.4 11.3
0 0

0101101
*
Ed
 1e-07 1 1 0
1  109 0 0 12.8
0

0101000
+608 47 -604 47 *
Ed
 1e-07 1 1 0
1  110 0 0 11.8
0

0101000
+604 47 -606 47 *
Wi

0101100
+607 46 +605 46 +603 46 +602 46 *
Ve
1.5e-07
116 17.1132486540518 12
0 0

0101101
*
Ve
1.50000004e-07
116 22.8867513459481 12
0 0

0101101
*
Ed
 1.5e-07 1 1 0
1  111 0 -18.3301270189222 -12.556624327026
0

0101000
+600 48 -599 48 *
Ve
1.50000003e-07
116 14.2264973081037 7.00000000000004
0 0

0101101
*
Ed
 1.5e-07 1 1 0
1  112 0 -6.56698729810796 -0.793484606211686
0

0101000
+597 48 -600 48 *
Ve
1.50000001e-07
116 17.1132486540518 1.99999999999999
0 0

0101101
*
Ed
 1.5e-07 1 1 0
1  113 0 7.43301270189217 13.2065153937885
0

0101000
+595 48 -597 48 *
Ve
1.50000014e-07
116 22.8867513459481 2.00000000000002
0 0

0101101
*
Ed
 1.5e-07 1 1 0
1  114 0 9.66987298107779 15.4433756729741
0

0101000
+593 48 -595 48 *
Ve
1.50000014e-07
116 25.7735026918963 7
0 0

0101101
*
Ed
 1.5e-07 1 1 0
1  115 0 -2.09326673973647 3.68023595215982
0

0101000
+591 48 -593 48 *
Ed
 1.5e-07 1 1 0
1  116 0 -16.0932667397367 -10.3197640478404
0

0101000
+599 48 -591 48 *
Wi

0101100
+598 0 +596 0 +594 0 +592 0 +590 0 +589 0 *
Fa
0  1e-07 22 42

0111000
+610 0 +601 0 +588 0 *
Ve
3.91969889e-07
114 -48 -4
0 0

0101101
*
Ed
 1e-07 1 1 0
1  117 0 1.5 3.5
0

0101000
+748 28 -586 28 *
Ed
 1e-07 1 1 0
1  118 0 4.71238898038469 6.28318530717959
2  41 48 0 4.71238898038469 6.28318530717959
0

0101000
+741 28 -586 28 *
Wi

0101100
-745 29 -585 0 +584 0 +740 0 *
Fa
0  1e-07 47 27

0111000
+583 0 *
Ve
3.91969889e-07
114 -48 18
0 0

0101101
*
Ed
 1e-07 1 1 0
1  119 0 1.50000000000009 3.5
0

0101000
+747 31 -581 31 *
Ed
 1e-07 1 1 0
1  120 0 0 1.5707963267949
2  42 50 0 0 1.5707963267949
0

0101000
+581 31 -736 31 *
Wi

0101100
-744 32 -580 0 -579 0 +735 0 *
Fa
0  1e-07 49 30

0111000
+578 0 *
Ve
1.01e-07
108 -53 -3
0 0

0101101
*
Ed
 1e-07 1 1 0
1  121 0 -118 -0
4 G1 32 0 51 0
0

0101000
+697 28 -576 28 *
Ed
 1e-07 1 1 0
1  122 0 0 1.41421356237309
2  43 48 0 0 1.41421356237309
4 G1 32 0 48 0
0

0101000
+741 28 -576 28 *
Wi

0101100
-739 0 +695 0 +575 0 -574 0 *
Fa
0  1e-07 32 0

0111000
+573 0 *
Ve
1.01e-07
108 -53 17
0 0

0101101
*
Ed
 1e-07 1 1 0
1  123 0 0 1.41421356237309
2  44 50 0 0 1.41421356237309
4 G1 33 0 50 0
0

0101000
+736 31 -571 31 *
Ed
 1e-07 1 1 0
1  124 0 0 118
4 G1 33 0 52 0
0

0101000
+571 31 -692 31 *
Wi

0101100
-734 0 +570 0 +569 0 -691 0 *
Fa
0  1e-07 33 0

0111000
+568 0 *
Ve
3.91969889e-07
-10 -50.2 2.2
0 0

0101101
*
Ed
 1.00000007e-07 1 1 0
1  125 0 -118 -62.117691453624
0

0101000
+566 28 -718 28 *
Ve
3.91969889e-07
108 -50.2 2.2
0 0

0101101
*
Ed
 1.00000007e-07 1 1 0
1  126 0 -55.882308546376 -0
0

0101000
+706 28 -564 28 *
Ve
1.5e-07
108 -50.2 13.2
0 0

0101101
*
Ed
 1e-07 1 1 0
1  127 0 6.2 17.2
2  45 54 0 6.2 17.2
4 G1 53 0 54 0
0

0101000
+564 50 -562 50 *
Ve
1.5e-07
-10 -50.2 13.2
0 0

0101101
*
Ed
 1.5e-07 1 1 0
1  128 0 -59 59
0

0101000
+560 31 -562 31 *
Ed
 1e-07 1 1 0
1  129 0 6.2 17.2
2  46 55 0 6.2 17.2
4 G1 53 0 55 0
0

0101000
+566 50 -560 50 *
Wi

0101100
-565 26 -716 33 -723 33 -729 33 -700 33 -705 33 -563 26 -561 49 +559 0 +558 49 
*
Fa
0  1e-07 53 49

0111000
+557 0 *
Ve
1.01e-07
-10 -53 -0.6
0 0

0101101
*
Ve
1.01e-07
108 -53 -0.6
0 0

0101101
*
Ed
 1e-07 1 1 0
1  130 0 -118 -0
0

0101000
+555 28 -554 28 *
Ed
 1e-07 1 1 0
1  131 0 0 3.95979797464467
2  47 57 0 0 3.95979797464467
4 G1 56 0 57 0
0

0101000
+554 28 -564 28 *
Ed
 1e-07 1 1 0
1  132 0 0 3.95979797464467
2  48 58 0 0 3.95979797464467
4 G1 56 0 58 0
0

0101000
+555 28 -566 28 *
Wi

0101100
-553 51 -552 51 +563 51 -704 0 -711 0 -717 0 +565 51 +551 51 *
Fa
0  1e-07 56 51

0111000
+550 0 *
Ve
1.01e-07
-10 -52.8 -2.8
0 0

0101101
*
Ed
 1e-07 1 1 0
1  133 0 3.14159265358979 4.71238898038469
2  49 31 0 3.14159265358979 4.71238898038469
2  50 59 0 3.14159265358979 4.71238898038469
0

0101000
+624 28 -548 28 *
Ed
 1e-07 1 1 0
1  134 0 0 0.282842712474618
2  51 31 0 0 0.282842712474618
4 G1 31 0 51 0
0

0101000
+697 28 -548 28 *
Wi

0101100
+696 0 -622 0 -547 0 +546 0 *
Fa
0  1e-07 31 0

0111000
+545 0 *
Ve
1.01e-07
-10 -52.8 16.8
0 0

0101101
*
Ed
 1e-07 1 1 0
1  135 0 0 0.282842712474618
2  52 34 0 0 0.282842712474618
4 G1 34 0 52 0
0

0101000
+692 31 -543 31 *
Ed
 1e-07 1 1 0
1  136 0 1.5707963267949 3.14159265358979
2  53 34 0 1.5707963267949 3.14159265358979
2  54 60 0 1.5707963267949 3.14159265358979
0

0101000
+543 31 -619 31 *
Wi

0101100
+690 0 -542 0 -541 0 +618 0 *
Fa
0  1e-07 34 0

0111000
+540 0 *
Ve
1.01e-07
108 53 -3
0 0

0101101
*
Ed
 1e-07 1 1 0
1  137 0 0 1.41421356237309
2  55 61 0 0 1.41421356237309
4 G1 43 0 61 0
0

0101000
+687 28 -538 28 *
Ed
 1e-07 1 1 0
1  138 0 -118 -0
4 G1 43 0 62 0
0

0101000
+538 28 -636 28 *
Wi

0101100
-686 0 +537 0 +536 0 -635 0 *
Fa
0  1e-07 43 0

0111000
+535 0 *
Ve
3.91969889e-07
114 48 -4
0 0

0101101
*
Ed
 1e-07 1 1 0
1  139 0 0 1.5707963267949
2  56 61 0 0 1.5707963267949
0

0101000
+533 28 -687 28 *
Ed
 1e-07 1 1 0
1  140 0 1.5 3.5
0

0101000
+677 28 -533 28 *
Wi

0101100
-685 0 +532 0 +531 0 -674 29 *
Fa
0  1e-07 63 27

0111000
+530 0 *
Ve
1.01e-07
108 53 17
0 0

0101101
*
Ed
 1e-07 1 1 0
1  141 0 0 118
4 G1 46 0 64 0
0

0101000
+631 31 -528 31 *
Ed
 1e-07 1 1 0
1  142 0 0 1.41421356237309
2  57 65 0 0 1.41421356237309
4 G1 46 0 65 0
0

0101000
+682 31 -528 31 *
Wi

0101100
-681 0 +629 0 +527 0 -526 0 *
Fa
0  1e-07 46 0

0111000
+525 0 *
Ve
3.91969889e-07
114 48 18
0 0

0101101
*
Ed
 1e-07 1 1 0
1  143 0 4.71238898038469 6.28318530717959
2  58 65 0 4.71238898038469 6.28318530717959
0

0101000
+682 31 -523 31 *
Ed
 1e-07 1 1 0
1  144 0 1.5 3.5
0

0101000
+676 31 -523 31 *
Wi

0101100
-680 0 -522 0 +521 0 -673 32 *
Fa
0  1e-07 66 30

0111000
+520 0 *
Ve
3.91969889e-07
108 50.2 2.2
0 0

0101101
*
Ed
 1.00000007e-07 1 1 0
1  145 0 -118 -62.117691453624
0

0101000
+518 28 -656 28 *
Ve
3.91969889e-07
-9.99999999999999 50.2 2.2
0 0

0101101
*
Ed
 1.00000007e-07 1 1 0
1  146 0 -55.882308546376 -0
0

0101000
+644 28 -516 28 *
Ve
1.50000004e-07
-10 50.2 13.2
0 0

0101101
*
Ed
 1.00000001e-07 1 1 0
1  147 0 6.2 17.2
2  59 68 0 6.2 17.2
4 G1 67 0 68 0
0

0101000
+516 50 -514 50 *
Ve
1.5e-07
108 50.2 13.2
0 0

0101101
*
Ed
 1.5e-07 1 1 0
1  148 0 -59 59
0

0101000
+512 31 -514 31 *
Ed
 1e-07 1 1 0
1  149 0 6.2 17.2
2  60 69 0 6.2 17.2
4 G1 67 0 69 0
0

0101000
+518 50 -512 50 *
Wi

0101100
-517 26 -654 33 -661 33 -667 33 -639 33 -643 33 -515 26 -513 49 +511 0 +510 49 
*
Fa
0  1e-07 67 49

0111000
+509 0 *
Ve
1.01e-07
108 53 -0.6
0 0

0101101
*
Ve
1.01e-07
-10 53 -0.6
0 0

0101101
*
Ed
 1e-07 1 1 0
1  150 0 -118 -0
0

0101000
+507 28 -506 28 *
Ed
 1e-07 1 1 0
1  151 0 0 3.95979797464467
2  61 71 0 0 3.95979797464467
4 G1 70 0 71 0
0

0101000
+506 28 -516 28 *
Ed
 1e-07 1 1 0
1  152 0 0 3.95979797464467
2  62 72 0 0 3.95979797464467
4 G1 70 0 72 0
0

0101000
+507 28 -518 28 *
Wi

0101100
-505 51 -504 51 +515 51 -642 0 -649 0 -655 0 +517 51 +503 51 *
Fa
0  1e-07 70 51

0111000
+502 0 *
Ve
1.01e-07
-10 52.8 -2.8
0 0

0101101
*
Ed
 1e-07 1 1 0
1  153 0 0 0.282842712474618
2  63 44 0 0 0.282842712474618
4 G1 44 0 62 0
0

0101000
+636 28 -500 28 *
Ed
 1e-07 1 1 0
1  154 0 1.5707963267949 3.14159265358979
2  64 44 0 1.5707963267949 3.14159265358979
2  65 73 0 1.5707963267949 3.14159265358979
0

0101000
+500 28 -626 28 *
Wi

0101100
+634 0 -499 0 -498 0 +625 0 *
Fa
0  1e-07 44 0

0111000
+497 0 *
Ve
1.01e-07
-10 52.8 16.8
0 0

0101101
*
Ed
 1e-07 1 1 0
1  155 0 3.14159265358979 4.71238898038469
2  66 45 0 3.14159265358979 4.71238898038469
2  67 74 0 3.14159265358979 4.71238898038469
0

0101000
+617 31 -495 31 *
Ed
 1e-07 1 1 0
1  156 0 0 0.282842712474618
2  68 45 0 0 0.282842712474618
4 G1 45 0 64 0
0

0101000
+631 31 -495 31 *
Wi

0101100
+630 0 -615 0 -494 0 +493 0 *
Fa
0  1e-07 45 0

0111000
+492 0 *
Ve
1.01e-07
-14.8 48 -1.8
0 0

0101101
*
Ed
 1e-07 1 1 0
1  157 0 0 1
2  69 73 0 0 1
4 G1 75 0 73 0
0

0101000
+626 28 -490 28 *
Ve
1.01e-07
-14.8 -48 -1.8
0 0

0101101
*
Ed
 1e-07 1 1 0
1  158 0 -96 -0
0

0101000
+490 28 -488 28 *
Ed
 1e-07 1 1 0
1  159 0 0 1
2  70 59 0 0 1
4 G1 75 0 59 0
0

0101000
+624 28 -488 28 *
Wi

0101100
-623 0 +489 0 +487 0 -486 0 *
Fa
0  1e-07 75 0

0111000
+485 0 *
Ve
1.01e-07
-14.8 -48 15.8
0 0

0101101
*
Ed
 1e-07 1 1 0
1  160 0 0 1
2  71 60 0 0 1
4 G1 76 0 60 0
0

0101000
+619 31 -483 31 *
Ve
1.01e-07
-14.8 48 15.8
0 0

0101101
*
Ed
 1e-07 1 1 0
1  161 0 0 96
0

0101000
+483 31 -481 31 *
Ed
 1e-07 1 1 0
1  162 0 0 1
2  72 74 0 0 1
4 G1 76 0 74 0
0

0101000
+617 31 -481 31 *
Wi

0101100
-616 0 +482 0 +480 0 -479 0 *
Fa
0  1e-07 76 0

0111000
+478 0 *
Ed
 1e-07 1 1 0
1  163 0 -96 -0
0

0101000
+586 28 -533 28 *
Wi

0101100
+612 29 -531 0 +476 0 +585 0 *
Fa
0  1e-07 77 27

0111000
+475 0 *
Ed
 1e-07 1 1 0
1  164 0 0 96
0

0101000
+523 31 -581 31 *
Wi

0101100
+611 32 -521 0 -473 0 +580 0 *
Fa
0  1e-07 78 30

0111000
+472 0 *
Ve
1.50000002e-07
110.2 -6.4 11.3
0 0

0101101
*
Ed
 1e-07 1 1 0
1  165 0 0 5.8
0

0101000
+608 54 -470 54 *
Ve
1.50000028e-07
110.2 -6.4 2.20000000000002
0 0

0101101
*
Ed
 1.5e-07 1 1 0
1  166 0 -13.55 -4.45000000000002
0

0101000
+470 54 -468 54 *
Ve
1.50000014e-07
112.9 -6.4 -0.5
0 0

0101101
*
Ed
 1.5e-07 1 1 0
1  167 0 -4.98510280736519 -1.16672618895781
0

0101000
+468 54 -466 54 *
Ed
 1e-07 1 1 0
1  168 0 0 3.10000000000001
0

0101000
+609 54 -466 54 *
Wi

0101100
-607 53 -469 0 -467 0 -465 0 +464 0 *
Fa
0  1e-07 79 0

0111000
+463 0 *
Ve
1.50000014e-07
112.9 6.4 -0.5
0 0

0101101
*
Ed
 1.5e-07 1 1 0
1  169 0 -33.6 -20.8
0

0101000
+466 54 -461 54 *
Ed
 1e-07 1 1 0
1  170 0 0 3.10000000000001
0

0101000
+606 54 -461 54 *
Wi

0101100
-605 53 -464 0 -460 0 +459 0 *
Fa
0  1e-07 80 0

0111000
+458 0 *
Ve
1.50000002e-07
110.2 6.4 11.3
0 0

0101101
*
Ed
 1e-07 1 1 0
1  171 0 0 5.8
0

0101000
+604 54 -456 54 *
Ed
 1.5e-07 1 1 0
1  172 0 -33.6 -20.8
0

0101000
+456 54 -470 54 *
Wi

0101100
-603 53 -455 0 -454 0 +469 0 *
Fa
0  1e-07 81 0

0111000
+453 0 *
Ve
1.50000014e-07
110.2 6.4 2.20000000000002
0 0

0101101
*
Ed
 1.5e-07 1 1 0
1  173 0 -3.00520382004281 0.813172798364557
0

0101000
+461 54 -451 54 *
Ed
 1.5e-07 1 1 0
1  174 0 -1.44999999999998 7.65
0

0101000
+451 54 -456 54 *
Wi

0101100
-602 53 -459 0 -450 0 -449 0 +455 0 *
Fa
0  1e-07 82 0

0111000
+448 0 *
Ve
1.50000004e-07
110.2 22.8867513459481 12
0 0

0101101
*
Ve
1.50000007e-07
110.2 17.1132486540518 12
0 0

0101101
*
Ed
 1.5e-07 1 1 0
1  175 0 -35.443375672974 -29.6698729810778
0

0101000
+446 48 -445 48 *
Ed
 1e-07 1 1 0
1  176 0 110.2 116
0

0101000
+445 48 -600 48 *
Ed
 1e-07 1 1 0
1  177 0 110.2 116
0

0101000
+446 48 -599 48 *
Wi

0101100
-444 0 -443 0 -598 0 +442 0 *
Fa
0  1e-07 83 0

0111000
+441 0 *
Ve
1.50000007e-07
110.2 14.2264973081037 7.00000000000004
0 0

0101101
*
Ed
 1.5e-07 1 1 0
1  178 0 -23.2065153937887 -17.4330127018925
0

0101000
+445 48 -439 48 *
Ed
 1e-07 1 1 0
1  179 0 110.2 116
0

0101000
+439 48 -597 48 *
Wi

0101100
-438 0 -437 0 -596 0 +443 0 *
Fa
0  1e-07 84 0

0111000
+436 0 *
Ve
1.50000021e-07
110.2 16.9977786002138 2.20000000000001
0 0

0101101
*
Ed
 1.5e-07 1 1 0
1  180 0 10.7934846062113 16.3360471904317
0

0101000
+439 48 -434 48 *
Ve
1.50000041e-07
110.4 17.1132486540518 1.99999999999999
0 0

0101101
*
Ed
 1.5e-07 1 1 0
1  181 0 30.47440958755 30.7799146338805
0

0101000
+434 48 -432 48 *
Ed
 1e-07 1 1 0
1  182 0 110.4 116
0

0101000
+432 48 -595 48 *
Wi

0101100
-433 0 -431 0 -430 0 -594 0 +437 0 *
Fa
0  1e-07 85 0

0111000
+429 0 *
Ve
1.5000002e-07
110.4 22.8867513459481 2.00000000000001
0 0

0101101
*
Ed
 1.5e-07 1 1 0
1  183 0 -15.4433756729744 -9.66987298107806
0

0101000
+432 48 -427 48 *
Ed
 1e-07 1 1 0
1  184 0 110.4 116
0

0101000
+427 48 -593 48 *
Wi

0101100
-426 0 -425 0 -592 0 +430 0 *
Fa
0  1e-07 86 0

0111000
+424 0 *
Ve
1.5000003e-07
110.2 23.002221399786 2.20000000000001
0 0

0101101
*
Ed
 1.5e-07 1 1 0
1  185 0 -39.1807409757787 -38.8752359294484
0

0101000
+427 48 -422 48 *
Ve
1.50000016e-07
110.2 25.7735026918963 7
0 0

0101101
*
Ed
 1.5e-07 1 1 0
1  186 0 20.5507041555166 26.093266739737
0

0101000
+422 48 -420 48 *
Ed
 1e-07 1 1 0
1  187 0 110.2 116
0

0101000
+420 48 -591 48 *
Wi

0101100
-421 0 -419 0 -418 0 -590 0 +425 0 *
Fa
0  1e-07 87 0

0111000
+417 0 *
Ed
 1.5e-07 1 1 0
1  188 0 -13.6802359521599 -7.9067332602636
0

0101000
+420 48 -446 48 *
Wi

0101100
-415 0 -442 0 -589 0 +418 0 *
Fa
0  1e-07 88 0

0111000
+414 0 *
Ve
1.01e-07
113 -48 -3
0 0

0101101
*
Ed
 1e-07 1 1 0
1  189 0 4.71238898038469 6.28318530717959
2  73 48 0 4.71238898038469 6.28318530717959
2  74 89 0 4.71238898038469 6.28318530717959
4 G1 48 0 89 0
0

0101000
+576 28 -412 28 *
Ed
 1e-07 1 1 0
1  190 0 0 1.41421356237309
2  75 48 0 0 1.41421356237309
4 G1 48 0 90 0
0

0101000
+586 28 -412 28 *
Wi

0101100
+584 0 -574 0 -411 0 +410 0 *
Fa
0  1e-07 48 0

0111000
+409 0 *
Ve
1.01e-07
113 -48 17
0 0

0101101
*
Ed
 1e-07 1 1 0
1  191 0 0 1.41421356237309
2  76 50 0 0 1.41421356237309
4 G1 50 0 91 0
0

0101000
+581 31 -407 31 *
Ed
 1e-07 1 1 0
1  192 0 0 1.5707963267949
2  77 50 0 0 1.5707963267949
2  78 92 0 0 1.5707963267949
4 G1 50 0 92 0
0

0101000
+407 31 -571 31 *
Wi

0101100
+579 0 -406 0 -405 0 +570 0 *
Fa
0  1e-07 50 0

0111000
+404 0 *
Ve
1.01e-07
108 -52.8 -2.8
0 0

0101101
*
Ed
 1e-07 1 1 0
1  193 0 -118 -0
0

0101000
+548 28 -402 28 *
Ed
 1e-07 1 1 0
1  194 0 0 0.282842712474618
2  79 89 0 0 0.282842712474618
4 G1 51 0 89 0
0

0101000
+576 28 -402 28 *
Wi

0101100
-575 0 +546 0 +401 0 -400 0 *
Fa
0  1e-07 51 0

0111000
+399 0 *
Ve
1.01e-07
108 -52.8 16.8
0 0

0101101
*
Ed
 1e-07 1 1 0
1  195 0 0 0.282842712474618
2  80 92 0 0 0.282842712474618
4 G1 52 0 92 0
0

0101000
+571 31 -397 31 *
Ed
 1e-07 1 1 0
1  196 0 0 118
0

0101000
+397 31 -543 31 *
Wi

0101100
-569 0 +396 0 +395 0 -542 0 *
Fa
0  1e-07 52 0

0111000
+394 0 *
Ve
1.5e-07
110.2 -48 13.2
0 0

0101101
*
Ed
 1e-07 1 1 0
1  197 0 0 1.5707963267949
2  81 54 49 0 1.5707963267949
0

0101000
+392 31 -562 31 *
Ve
3.91969889e-07
110.2 -48 2.2
0 0

0101101
*
Ed
 1e-07 1 1 0
1  198 0 6.2 17.2
2  82 54 0 6.2 17.2
4 G1 54 0 93 0
0

0101000
+390 50 -392 50 *
Ed
 1.00000007e-07 1 1 0
1  199 0 4.71238898038469 6.28318530717959
2  83 54 55 4.71238898038469 6.28318530717959
2  84 57 0 4.71238898038469 6.28318530717959
0

0101000
+564 28 -390 28 *
Wi

0101100
-561 49 +391 0 +389 49 +388 26 *
Fa
0  1e-07 54 49

0111000
+387 0 *
Ve
1.01e-07
108 -51.6 13.2
0 0

0101101
*
Ve
1.01e-07
-10 -51.6 13.2
0 0

0101101
*
Ed
 1e-07 1 1 0
1  200 0 0 118
0

0101000
+385 31 -384 31 *
Ed
 1e-07 1 1 0
1  201 0 0 1.40000000000023
4 C1 94 0 95 0
0

0101000
+384 31 -560 31 *
Ed
 1e-07 1 1 0
1  202 0 0 1.39999999999999
4 C1 94 0 96 0
0

0101000
+385 31 -562 31 *
Wi

0101100
-383 0 -382 0 -559 0 +381 0 *
Fa
0  1e-07 94 0

0111000
+380 0 *
Ve
3.91969889e-07
-12.2 -48 2.2
0 0

0101101
*
Ve
1.5e-07
-12.2 -48 13.2
0 0

0101101
*
Ed
 1e-07 1 1 0
1  203 0 6.2 17.2
2  85 55 0 6.2 17.2
4 G1 55 0 97 0
0

0101000
+378 50 -377 50 *
Ed
 1e-07 1 1 0
1  204 0 1.5707963267949 3.14159265358979
2  86 55 49 1.5707963267949 3.14159265358979
0

0101000
+560 31 -377 31 *
Ed
 1.00000007e-07 1 1 0
1  205 0 3.14159265358979 4.71238898038469
2  87 55 55 3.14159265358979 4.71238898038469
2  88 58 0 3.14159265358979 4.71238898038469
0

0101000
+378 28 -566 28 *
Wi

0101100
-376 49 +375 0 +558 49 +374 26 *
Fa
0  1e-07 55 49

0111000
+373 0 *
Ve
1.01e-07
-10 -53 -1.6
0 0

0101101
*
Ve
1.01e-07
108 -53 -1.6
0 0

0101101
*
Ed
 1e-07 1 1 0
1  206 0 -118 -0
0

0101000
+371 28 -370 28 *
Ed
 1e-07 1 1 0
1  207 0 0 1
2  89 99 0 0 1
4 G1 98 0 99 0
0

0101000
+371 28 -555 28 *
Ed
 1e-07 1 1 0
1  208 0 0 1
2  90 100 0 0 1
4 G1 98 0 100 0
0

0101000
+370 28 -554 28 *
Wi

0101100
-369 0 +368 0 +553 0 -367 0 *
Fa
0  1e-07 98 0

0111000
+366 0 *
Ve
1.01e-07
113 -48 -0.6
0 0

0101101
*
Ed
 1e-07 1 1 0
1  209 0 4.71238898038469 6.28318530717959
2  91 57 0 4.71238898038469 6.28318530717959
2  92 100 0 4.71238898038469 6.28318530717959
0

0101000
+554 28 -364 28 *
Ed
 1e-07 1 1 0
1  210 0 0 3.95979797464467
2  93 57 0 0 3.95979797464467
4 G1 57 0 101 0
0

0101000
+364 28 -390 28 *
Wi

0101100
+363 0 -552 0 -388 0 +362 0 *
Fa
0  1e-07 57 0

0111000
+361 0 *
Ve
1.01e-07
-15 -48 -0.6
0 0

0101101
*
Ed
 1e-07 1 1 0
1  211 0 3.14159265358979 4.71238898038469
2  94 58 0 3.14159265358979 4.71238898038469
2  95 99 0 3.14159265358979 4.71238898038469
0

0101000
+359 28 -555 28 *
Ed
 1e-07 1 1 0
1  212 0 0 3.95979797464467
2  96 58 0 0 3.95979797464467
4 G1 58 0 102 0
0

0101000
+359 28 -378 28 *
Wi

0101100
+358 0 -357 0 -374 0 +551 0 *
Fa
0  1e-07 58 0

0111000
+356 0 *
Ve
1.01e-07
-10 -52.8 -1.8
0 0

0101101
*
Ed
 1e-07 1 1 0
1  213 0 3.14159265358979 4.71238898038469
2  97 59 0 3.14159265358979 4.71238898038469
2  98 103 0 3.14159265358979 4.71238898038469
0

0101000
+488 28 -354 28 *
Ed
 1e-07 1 1 0
1  214 0 0 1
2  99 59 0 0 1
4 G1 59 0 104 0
0

0101000
+548 28 -354 28 *
Wi

0101100
+547 0 -486 0 -353 0 +352 0 *
Fa
0  1e-07 59 0

0111000
+351 0 *
Ve
1.01e-07
-10 -52.8 15.8
0 0

0101101
*
Ed
 1e-07 1 1 0
1  215 0 0 1
2  100 60 0 0 1
4 G1 60 0 105 0
0

0101000
+543 31 -349 31 *
Ed
 1e-07 1 1 0
1  216 0 1.5707963267949 3.14159265358979
2  101 60 0 1.5707963267949 3.14159265358979
2  102 106 0 1.5707963267949 3.14159265358979
0

0101000
+349 31 -483 31 *
Wi

0101100
+541 0 -348 0 -347 0 +482 0 *
Fa
0  1e-07 60 0

0111000
+346 0 *
Ve
1.01e-07
113 48 -3
0 0

0101101
*
Ed
 1e-07 1 1 0
1  217 0 0 1.41421356237309
2  103 61 0 0 1.41421356237309
4 G1 61 0 90 0
0

0101000
+533 28 -344 28 *
Ed
 1e-07 1 1 0
1  218 0 0 1.5707963267949
2  104 61 0 0 1.5707963267949
2  105 107 0 0 1.5707963267949
4 G1 61 0 107 0
0

0101000
+344 28 -538 28 *
Wi

0101100
+532 0 -343 0 -342 0 +537 0 *
Fa
0  1e-07 61 0

0111000
+341 0 *
Ve
1.01e-07
108 52.8 -2.8
0 0

0101101
*
Ed
 1e-07 1 1 0
1  219 0 0 0.282842712474618
2  106 107 0 0 0.282842712474618
4 G1 62 0 107 0
0

0101000
+538 28 -339 28 *
Ed
 1e-07 1 1 0
1  220 0 -118 -0
0

0101000
+339 28 -500 28 *
Wi

0101100
-536 0 +338 0 +337 0 -499 0 *
Fa
0  1e-07 62 0

0111000
+336 0 *
Ve
1.01e-07
108 52.8 16.8
0 0

0101101
*
Ed
 1e-07 1 1 0
1  221 0 0 118
0

0101000
+495 31 -334 31 *
Ed
 1e-07 1 1 0
1  222 0 0 0.282842712474618
2  107 108 0 0 0.282842712474618
4 G1 64 0 108 0
0

0101000
+528 31 -334 31 *
Wi

0101100
-527 0 +493 0 +333 0 -332 0 *
Fa
0  1e-07 64 0

0111000
+331 0 *
Ve
1.01e-07
113 48 17
0 0

0101101
*
Ed
 1e-07 1 1 0
1  223 0 4.71238898038469 6.28318530717959
2  108 65 0 4.71238898038469 6.28318530717959
2  109 108 0 4.71238898038469 6.28318530717959
4 G1 65 0 108 0
0

0101000
+528 31 -329 31 *
Ed
 1e-07 1 1 0
1  224 0 0 1.41421356237309
2  110 65 0 0 1.41421356237309
4 G1 65 0 91 0
0

0101000
+523 31 -329 31 *
Wi

0101100
+522 0 -526 0 -328 0 +327 0 *
Fa
0  1e-07 65 0

0111000
+326 0 *
Ve
1.5e-07
-12.2 48 13.2
0 0

0101101
*
Ed
 1e-07 1 1 0
1  225 0 3.14159265358979 4.71238898038469
2  111 68 49 3.14159265358979 4.71238898038469
0

0101000
+324 31 -514 31 *
Ve
3.91969889e-07
-12.2 48 2.2
0 0

0101101
*
Ed
 1e-07 1 1 0
1  226 0 6.2 17.2
2  112 68 0 6.2 17.2
4 G1 68 0 97 0
0

0101000
+322 50 -324 50 *
Ed
 1.00000002e-07 1 1 0
1  227 0 1.5707963267949 3.14159265358979
2  113 68 55 1.5707963267949 3.14159265358979
2  114 71 0 1.5707963267949 3.14159265358979
0

0101000
+516 28 -322 28 *
Wi

0101100
-513 49 +323 0 +321 49 +320 26 *
Fa
0  1e-07 68 49

0111000
+319 0 *
Ve
1.01e-07
-10 51.6 13.2
0 0

0101101
*
Ve
1.01e-07
108 51.6 13.2
0 0

0101101
*
Ed
 1e-07 1 1 0
1  228 0 0 118
0

0101000
+317 31 -316 31 *
Ed
 1e-07 1 1 0
1  229 0 0 1.4
4 C1 109 0 110 0
0

0101000
+316 31 -512 31 *
Ed
 1e-07 1 1 0
1  230 0 0 1.4
4 C1 109 0 111 0
0

0101000
+317 31 -514 31 *
Wi

0101100
-315 0 -314 0 -511 0 +313 0 *
Fa
0  1e-07 109 0

0111000
+312 0 *
Ve
3.91969889e-07
110.2 48 2.2
0 0

0101101
*
Ve
1.5e-07
110.2 48 13.2
0 0

0101101
*
Ed
 1e-07 1 1 0
1  231 0 6.2 17.2
2  115 69 0 6.2 17.2
4 G1 69 0 93 0
0

0101000
+310 50 -309 50 *
Ed
 1e-07 1 1 0
1  232 0 4.71238898038469 6.28318530717959
2  116 69 49 4.71238898038469 6.28318530717959
0

0101000
+512 31 -309 31 *
Ed
 1.00000007e-07 1 1 0
1  233 0 0 1.5707963267949
2  117 69 55 0 1.5707963267949
2  118 72 0 0 1.5707963267949
0

0101000
+310 28 -518 28 *
Wi

0101100
-308 49 +307 0 +510 49 +306 26 *
Fa
0  1e-07 69 49

0111000
+305 0 *
Ve
1.01e-07
108 53 -1.6
0 0

0101101
*
Ve
1.01e-07
-10 53 -1.6
0 0

0101101
*
Ed
 1e-07 1 1 0
1  234 0 -118 -0
0

0101000
+303 28 -302 28 *
Ed
 1e-07 1 1 0
1  235 0 0 1
2  119 113 0 0 1
4 G1 112 0 113 0
0

0101000
+303 28 -507 28 *
Ed
 1e-07 1 1 0
1  236 0 0 1
2  120 114 0 0 1
4 G1 112 0 114 0
0

0101000
+302 28 -506 28 *
Wi

0101100
-301 0 +300 0 +505 0 -299 0 *
Fa
0  1e-07 112 0

0111000
+298 0 *
Ve
1.01e-07
-15 48 -0.6
0 0

0101101
*
Ed
 1e-07 1 1 0
1  237 0 1.5707963267949 3.14159265358979
2  121 71 0 1.5707963267949 3.14159265358979
2  122 114 0 1.5707963267949 3.14159265358979
0

0101000
+506 28 -296 28 *
Ed
 1e-07 1 1 0
1  238 0 0 3.95979797464467
2  123 71 0 0 3.95979797464467
4 G1 71 0 102 0
0

0101000
+296 28 -322 28 *
Wi

0101100
+295 0 -504 0 -320 0 +294 0 *
Fa
0  1e-07 71 0

0111000
+293 0 *
Ve
1.01e-07
113 48 -0.6
0 0

0101101
*
Ed
 1e-07 1 1 0
1  239 0 0 1.5707963267949
2  124 72 0 0 1.5707963267949
2  125 113 0 0 1.5707963267949
0

0101000
+291 28 -507 28 *
Ed
 1e-07 1 1 0
1  240 0 0 3.95979797464467
2  126 72 0 0 3.95979797464467
4 G1 72 0 101 0
0

0101000
+291 28 -310 28 *
Wi

0101100
+290 0 -289 0 -306 0 +503 0 *
Fa
0  1e-07 72 0

0111000
+288 0 *
Ve
1.01e-07
-10 52.8 -1.8
0 0

0101101
*
Ed
 1e-07 1 1 0
1  241 0 0 1
2  127 73 0 0 1
4 G1 73 0 115 0
0

0101000
+500 28 -286 28 *
Ed
 1e-07 1 1 0
1  242 0 1.5707963267949 3.14159265358979
2  128 73 0 1.5707963267949 3.14159265358979
2  129 116 0 1.5707963267949 3.14159265358979
0

0101000
+286 28 -490 28 *
Wi

0101100
+498 0 -285 0 -284 0 +489 0 *
Fa
0  1e-07 73 0

0111000
+283 0 *
Ve
1.01e-07
-10 52.8 15.8
0 0

0101101
*
Ed
 1e-07 1 1 0
1  243 0 3.14159265358979 4.71238898038469
2  130 74 0 3.14159265358979 4.71238898038469
2  131 117 0 3.14159265358979 4.71238898038469
0

0101000
+481 31 -281 31 *
Ed
 1e-07 1 1 0
1  244 0 0 1
2  132 74 0 0 1
4 G1 74 0 118 0
0

0101000
+495 31 -281 31 *
Wi

0101100
+494 0 -479 0 -280 0 +279 0 *
Fa
0  1e-07 74 0

0111000
+278 0 *
Ve
1.01e-07
-15 48 -1.6
0 0

0101101
*
Ed
 1e-07 1 1 0
1  245 0 0 0.282842712474619
2  133 116 0 0 0.282842712474619
4 G1 119 0 116 0
0

0101000
+490 28 -276 28 *
Ve
1.01e-07
-15 -48 -1.6
0 0

0101101
*
Ed
 1e-07 1 1 0
1  246 0 -96 -0
0

0101000
+276 28 -274 28 *
Ed
 1e-07 1 1 0
1  247 0 0 0.282842712474619
2  134 103 0 0 0.282842712474619
4 G1 119 0 103 0
0

0101000
+488 28 -274 28 *
Wi

0101100
-487 0 +275 0 +273 0 -272 0 *
Fa
0  1e-07 119 0

0111000
+271 0 *
Ve
1.01e-07
-15 -48 15.6
0 0

0101101
*
Ed
 1e-07 1 1 0
1  248 0 0 0.282842712474619
2  135 106 0 0 0.282842712474619
4 G1 120 0 106 0
0

0101000
+483 31 -269 31 *
Ve
1.01e-07
-15 48 15.6
0 0

0101101
*
Ed
 1e-07 1 1 0
1  249 0 0 96
0

0101000
+269 31 -267 31 *
Ed
 1e-07 1 1 0
1  250 0 0 0.282842712474619
2  136 117 0 0 0.282842712474619
4 G1 120 0 117 0
0

0101000
+481 31 -267 31 *
Wi

0101100
-480 0 +268 0 +266 0 -265 0 *
Fa
0  1e-07 120 0

0111000
+264 0 *
Ed
 1e-07 1 1 0
1  251 0 -96 -0
4 G1 90 0 121 0
0

0101000
+412 28 -344 28 *
Wi

0101100
-476 0 +410 0 +262 0 -343 0 *
Fa
0  1e-07 90 0

0111000
+261 0 *
Ed
 1e-07 1 1 0
1  252 0 0 96
4 G1 91 0 122 0
0

0101000
+329 31 -407 31 *
Wi

0101100
-473 0 +327 0 +259 0 -406 0 *
Fa
0  1e-07 91 0

0111000
+258 0 *
Ed
 1.00000028e-07 1 1 0
1  253 0 -96 -54.4
0

0101000
+390 28 -468 28 *
Ed
 1.00000028e-07 1 1 0
1  254 0 -41.6 -31.0022213997862
0

0101000
+451 28 -434 28 *
Ed
 1.00000028e-07 1 1 0
1  255 0 -24.997778600214 -0
0

0101000
+422 28 -310 28 *
Ed
 1.5e-07 1 1 0
1  256 0 -48 48
0

0101000
+392 31 -309 31 *
Wi

0101100
-256 26 +467 52 +454 52 +449 52 -255 26 +433 41 +438 41 +444 41 +415 41 +419 41 
-254 26 -308 49 +253 0 +389 49 *
Fa
0  1e-07 93 49

0111000
+252 0 *
Ed
 1e-07 1 1 0
1  257 0 -96 -0
0

0101000
+364 28 -291 28 *
Wi

0101100
-250 56 -289 56 +254 56 +421 0 +426 0 +431 0 +255 56 +450 57 +460 57 +465 57 
+256 56 +362 56 *
Fa
0  1e-07 101 56

0111000
+249 0 *
Ve
1.01e-07
112.8 -48 -2.8
0 0

0101101
*
Ed
 1e-07 1 1 0
1  258 0 4.71238898038469 6.28318530717959
2  137 89 0 4.71238898038469 6.28318530717959
2  138 123 0 4.71238898038469 6.28318530717959
0

0101000
+402 28 -247 28 *
Ed
 1e-07 1 1 0
1  259 0 0 0.282842712474618
2  139 89 0 0 0.282842712474618
4 G1 89 0 121 0
0

0101000
+412 28 -247 28 *
Wi

0101100
+411 0 -400 0 -246 0 +245 0 *
Fa
0  1e-07 89 0

0111000
+244 0 *
Ve
1.01e-07
112.8 -48 16.8
0 0

0101101
*
Ed
 1e-07 1 1 0
1  260 0 0 0.282842712474618
2  140 92 0 0 0.282842712474618
4 G1 92 0 122 0
0

0101000
+407 31 -242 31 *
Ed
 1e-07 1 1 0
1  261 0 0 1.5707963267949
2  141 92 0 0 1.5707963267949
2  142 124 0 0 1.5707963267949
0

0101000
+242 31 -397 31 *
Wi

0101100
+405 0 -241 0 -240 0 +396 0 *
Fa
0  1e-07 92 0

0111000
+239 0 *
Ve
1.01e-07
108 -52.8 -1.8
0 0

0101101
*
Ed
 1e-07 1 1 0
1  262 0 -118 -0
0

0101000
+354 28 -237 28 *
Ed
 1e-07 1 1 0
1  263 0 0 1
2  143 123 0 0 1
4 G1 104 0 123 0
0

0101000
+402 28 -237 28 *
Wi

0101100
-401 0 +352 0 +236 0 -235 0 *
Fa
0  1e-07 104 0

0111000
+234 0 *
Ve
1.01e-07
108 -52.8 15.8
0 0

0101101
*
Ed
 1e-07 1 1 0
1  264 0 0 1
2  144 124 0 0 1
4 G1 105 0 124 0
0

0101000
+397 31 -232 31 *
Ed
 1e-07 1 1 0
1  265 0 0 118
0

0101000
+232 31 -349 31 *
Wi

0101100
-395 0 +231 0 +230 0 -348 0 *
Fa
0  1e-07 105 0

0111000
+229 0 *
Ve
1.01e-07
111.6 -48 13.2
0 0

0101101
*
Ed
 1e-07 1 1 0
1  266 0 0 1.40000000000008
4 C1 96 0 125 0
0

0101000
+227 31 -392 31 *
Ed
 1e-07 1 1 0
1  267 0 0 1.5707963267949
2  145 126 0 0 1.5707963267949
0

0101000
+227 31 -385 31 *
Wi

0101100
-226 0 -391 0 +381 0 +225 0 *
Fa
0  1e-07 96 0

0111000
+224 0 *
Ve
1.01e-07
108 -53 14.6
0 0

0101101
*
Ve
1.01e-07
-10 -53 14.6
0 0

0101101
*
Ed
 1e-07 1 1 0
1  268 0 0 118
0

0101000
+222 31 -221 31 *
Ed
 1e-07 1 1 0
1  269 0 0 1.97989898732233
2  146 126 0 0 1.97989898732233
4 G1 127 0 126 0
0

0101000
+222 31 -385 31 *
Ed
 1e-07 1 1 0
1  270 0 0 1.97989898732233
2  147 128 0 0 1.97989898732233
4 G1 127 0 128 0
0

0101000
+221 31 -384 31 *
Wi

0101100
-220 0 +219 0 +383 0 -218 0 *
Fa
0  1e-07 127 0

0111000
+217 0 *
Ve
1.01e-07
-13.6 -48 13.2
0 0

0101101
*
Ed
 1e-07 1 1 0
1  271 0 0 1.4
4 C1 95 0 129 0
0

0101000
+215 31 -377 31 *
Ed
 1e-07 1 1 0
1  272 0 1.5707963267949 3.14159265358979
2  148 128 0 1.5707963267949 3.14159265358979
0

0101000
+384 31 -215 31 *
Wi

0101100
-382 0 -375 0 +214 0 +213 0 *
Fa
0  1e-07 95 0

0111000
+212 0 *
Ed
 1.00000011e-07 1 1 0
1  273 0 -96 -0
0

0101000
+322 28 -378 28 *
Ed
 1.5e-07 1 1 0
1  274 0 -48 48
0

0101000
+324 31 -377 31 *
Wi

0101100
-210 26 -376 49 +209 0 +321 49 *
Fa
0  1e-07 97 49

0111000
+208 0 *
Ed
 1e-07 1 1 0
1  275 0 0 0.282842712474619
2  149 103 0 0 0.282842712474619
4 G1 130 0 103 0
0

0101000
+354 28 -371 28 *
Ed
 1e-07 1 1 0
1  276 0 0 0.282842712474619
2  150 131 0 0 0.282842712474619
4 G1 130 0 131 0
0

0101000
+237 28 -370 28 *
Wi

0101100
-236 0 +206 0 +369 0 -205 0 *
Fa
0  1e-07 130 0

0111000
+204 0 *
Ed
 1e-07 1 1 0
1  277 0 3.14159265358979 4.71238898038469
2  151 99 0 3.14159265358979 4.71238898038469
2  152 103 0 3.14159265358979 4.71238898038469
0

0101000
+274 28 -371 28 *
Ed
 1e-07 1 1 0
1  278 0 0 1
2  153 99 0 0 1
4 G1 99 0 132 0
0

0101000
+274 28 -359 28 *
Wi

0101100
+202 0 -201 0 -358 0 +368 0 *
Fa
0  1e-07 99 0

0111000
+200 0 *
Ve
1.01e-07
113 -48 -1.6
0 0

0101101
*
Ed
 1e-07 1 1 0
1  279 0 4.71238898038469 6.28318530717959
2  154 100 0 4.71238898038469 6.28318530717959
2  155 131 0 4.71238898038469 6.28318530717959
0

0101000
+370 28 -198 28 *
Ed
 1e-07 1 1 0
1  280 0 0 1
2  156 100 0 0 1
4 G1 100 0 133 0
0

0101000
+198 28 -364 28 *
Wi

0101100
+197 0 -367 0 -363 0 +196 0 *
Fa
0  1e-07 100 0

0111000
+195 0 *
Ed
 1e-07 1 1 0
1  281 0 -96 -0
0

0101000
+296 28 -359 28 *
Wi

0101100
-193 0 +294 0 +210 0 -357 0 *
Fa
0  1e-07 102 0

0111000
+192 0 *
Wi

0101100
+353 0 -272 0 -202 0 +206 0 *
Fa
0  1e-07 103 0

0111000
+190 0 *
Ve
1.01e-07
-10 -53 15.6
0 0

0101101
*
Ed
 1e-07 1 1 0
1  282 0 0 0.282842712474619
2  157 106 0 0 0.282842712474619
4 G1 106 0 134 0
0

0101000
+349 31 -188 31 *
Ed
 1e-07 1 1 0
1  283 0 1.5707963267949 3.14159265358979
2  158 106 0 1.5707963267949 3.14159265358979
2  159 135 0 1.5707963267949 3.14159265358979
0

0101000
+188 31 -269 31 *
Wi

0101100
+347 0 -187 0 -186 0 +268 0 *
Fa
0  1e-07 106 0

0111000
+185 0 *
Ve
1.01e-07
112.8 48 -2.8
0 0

0101101
*
Ed
 1e-07 1 1 0
1  284 0 0 0.282842712474618
2  160 107 0 0 0.282842712474618
4 G1 107 0 121 0
0

0101000
+344 28 -183 28 *
Ed
 1e-07 1 1 0
1  285 0 0 1.5707963267949
2  161 107 0 0 1.5707963267949
2  162 136 0 0 1.5707963267949
0

0101000
+183 28 -339 28 *
Wi

0101100
+342 0 -182 0 -181 0 +338 0 *
Fa
0  1e-07 107 0

0111000
+180 0 *
Ve
1.01e-07
108 52.8 -1.8
0 0

0101101
*
Ed
 1e-07 1 1 0
1  286 0 0 1
2  163 136 0 0 1
4 G1 115 0 136 0
0

0101000
+339 28 -178 28 *
Ed
 1e-07 1 1 0
1  287 0 -118 -0
0

0101000
+178 28 -286 28 *
Wi

0101100
-337 0 +177 0 +176 0 -285 0 *
Fa
0  1e-07 115 0

0111000
+175 0 *
Ve
1.01e-07
108 52.8 15.8
0 0

0101101
*
Ed
 1e-07 1 1 0
1  288 0 0 118
0

0101000
+281 31 -173 31 *
Ed
 1e-07 1 1 0
1  289 0 0 1
2  164 137 0 0 1
4 G1 118 0 137 0
0

0101000
+334 31 -173 31 *
Wi

0101100
-333 0 +279 0 +172 0 -171 0 *
Fa
0  1e-07 118 0

0111000
+170 0 *
Ve
1.01e-07
112.8 48 16.8
0 0

0101101
*
Ed
 1e-07 1 1 0
1  290 0 4.71238898038469 6.28318530717959
2  165 108 0 4.71238898038469 6.28318530717959
2  166 137 0 4.71238898038469 6.28318530717959
0

0101000
+334 31 -168 31 *
Ed
 1e-07 1 1 0
1  291 0 0 0.282842712474618
2  167 108 0 0 0.282842712474618
4 G1 108 0 122 0
0

0101000
+329 31 -168 31 *
Wi

0101100
+328 0 -332 0 -167 0 +166 0 *
Fa
0  1e-07 108 0

0111000
+165 0 *
Ve
1.01e-07
-13.6 48 13.2
0 0

0101101
*
Ed
 1e-07 1 1 0
1  292 0 0 1.4
4 C1 111 0 129 0
0

0101000
+163 31 -324 31 *
Ed
 1e-07 1 1 0
1  293 0 3.14159265358979 4.71238898038469
2  168 138 0 3.14159265358979 4.71238898038469
0

0101000
+163 31 -317 31 *
Wi

0101100
-162 0 -323 0 +313 0 +161 0 *
Fa
0  1e-07 111 0

0111000
+160 0 *
Ve
1.01e-07
-10 53 14.6
0 0

0101101
*
Ve
1.01e-07
108 53 14.6
0 0

0101101
*
Ed
 1e-07 1 1 0
1  294 0 0 118
0

0101000
+158 31 -157 31 *
Ed
 1e-07 1 1 0
1  295 0 0 1.97989898732233
2  169 138 0 0 1.97989898732233
4 G1 139 0 138 0
0

0101000
+158 31 -317 31 *
Ed
 1e-07 1 1 0
1  296 0 0 1.97989898732233
2  170 140 0 0 1.97989898732233
4 G1 139 0 140 0
0

0101000
+157 31 -316 31 *
Wi

0101100
-156 0 +155 0 +315 0 -154 0 *
Fa
0  1e-07 139 0

0111000
+153 0 *
Ve
1.01e-07
111.6 48 13.2
0 0

0101101
*
Ed
 1e-07 1 1 0
1  297 0 0 1.39999999999999
4 C1 110 0 125 0
0

0101000
+151 31 -309 31 *
Ed
 1e-07 1 1 0
1  298 0 4.71238898038469 6.28318530717959
2  171 140 0 4.71238898038469 6.28318530717959
0

0101000
+316 31 -151 31 *
Wi

0101100
-314 0 -307 0 +150 0 +149 0 *
Fa
0  1e-07 110 0

0111000
+148 0 *
Ed
 1e-07 1 1 0
1  299 0 0 0.282842712474619
2  172 142 0 0 0.282842712474619
4 G1 141 0 142 0
0

0101000
+178 28 -303 28 *
Ed
 1e-07 1 1 0
1  300 0 0 0.282842712474619
2  173 116 0 0 0.282842712474619
4 G1 141 0 116 0
0

0101000
+286 28 -302 28 *
Wi

0101100
-176 0 +146 0 +301 0 -145 0 *
Fa
0  1e-07 141 0

0111000
+144 0 *
Ve
1.01e-07
113 48 -1.6
0 0

0101101
*
Ed
 1e-07 1 1 0
1  301 0 0 1.5707963267949
2  174 113 0 0 1.5707963267949
2  175 142 0 0 1.5707963267949
0

0101000
+142 28 -303 28 *
Ed
 1e-07 1 1 0
1  302 0 0 1
2  176 113 0 0 1
4 G1 113 0 133 0
0

0101000
+142 28 -291 28 *
Wi

0101100
+141 0 -140 0 -290 0 +300 0 *
Fa
0  1e-07 113 0

0111000
+139 0 *
Ed
 1e-07 1 1 0
1  303 0 1.5707963267949 3.14159265358979
2  177 114 0 1.5707963267949 3.14159265358979
2  178 116 0 1.5707963267949 3.14159265358979
0

0101000
+302 28 -276 28 *
Ed
 1e-07 1 1 0
1  304 0 0 1
2  179 114 0 0 1
4 G1 114 0 132 0
0

0101000
+276 28 -296 28 *
Wi

0101100
+137 0 -299 0 -295 0 +136 0 *
Fa
0  1e-07 114 0

0111000
+135 0 *
Wi

0101100
+284 0 -145 0 -137 0 +275 0 *
Fa
0  1e-07 116 0

0111000
+133 0 *
Ve
1.01e-07
-10 53 15.6
0 0

0101101
*
Ed
 1e-07 1 1 0
1  305 0 3.14159265358979 4.71238898038469
2  180 117 0 3.14159265358979 4.71238898038469
2  181 143 0 3.14159265358979 4.71238898038469
0

0101000
+267 31 -131 31 *
Ed
 1e-07 1 1 0
1  306 0 0 0.282842712474619
2  182 117 0 0 0.282842712474619
4 G1 117 0 144 0
0

0101000
+281 31 -131 31 *
Wi

0101100
+280 0 -265 0 -130 0 +129 0 *
Fa
0  1e-07 117 0

0111000
+128 0 *
Wi

0101100
-273 0 +136 0 +193 0 -201 0 *
Fa
0  1e-07 132 0

0111000
+126 0 *
Ve
1.01e-07
-15 -48 14.6
0 0

0101101
*
Ed
 1e-07 1 1 0
1  307 0 0 1
2  183 135 0 0 1
4 G1 145 0 135 0
0

0101000
+269 31 -124 31 *
Ve
1.01e-07
-15 48 14.6
0 0

0101101
*
Ed
 1e-07 1 1 0
1  308 0 0 96
0

0101000
+124 31 -122 31 *
Ed
 1e-07 1 1 0
1  309 0 0 1
2  184 143 0 0 1
4 G1 145 0 143 0
0

0101000
+267 31 -122 31 *
Wi

0101100
-266 0 +123 0 +121 0 -120 0 *
Fa
0  1e-07 145 0

0111000
+119 0 *
Ed
 1e-07 1 1 0
1  310 0 -96 -0
0

0101000
+247 28 -183 28 *
Wi

0101100
-262 0 +245 0 +117 0 -182 0 *
Fa
0  1e-07 121 0

0111000
+116 0 *
Ed
 1e-07 1 1 0
1  311 0 0 96
0

0101000
+168 31 -242 31 *
Wi

0101100
-259 0 +166 0 +114 0 -241 0 *
Fa
0  1e-07 122 0

0111000
+113 0 *
Ed
 1e-07 1 1 0
1  312 0 0 96
0

0101000
+151 31 -227 31 *
Wi

0101100
-111 0 -226 0 -253 0 +150 0 *
Fa
0  1e-07 125 0

0111000
+110 0 *
Ed
 1e-07 1 1 0
1  313 0 -96 -0
0

0101000
+198 28 -142 28 *
Wi

0101100
-108 0 +196 0 +250 0 -140 0 *
Fa
0  1e-07 133 0

0111000
+107 0 *
Ve
1.01e-07
112.8 -48 -1.8
0 0

0101101
*
Ed
 1e-07 1 1 0
1  314 0 4.71238898038469 6.28318530717959
2  185 123 0 4.71238898038469 6.28318530717959
2  186 131 0 4.71238898038469 6.28318530717959
0

0101000
+237 28 -105 28 *
Ed
 1e-07 1 1 0
1  315 0 0 1
2  187 123 0 0 1
4 G1 123 0 146 0
0

0101000
+247 28 -105 28 *
Wi

0101100
+246 0 -235 0 -104 0 +103 0 *
Fa
0  1e-07 123 0

0111000
+102 0 *
Ve
1.01e-07
112.8 -48 15.8
0 0

0101101
*
Ed
 1e-07 1 1 0
1  316 0 0 1
2  188 124 0 0 1
4 G1 124 0 147 0
0

0101000
+242 31 -100 31 *
Ed
 1e-07 1 1 0
1  317 0 0 1.5707963267949
2  189 124 0 0 1.5707963267949
2  190 148 0 0 1.5707963267949
0

0101000
+100 31 -232 31 *
Wi

0101100
+240 0 -99 0 -98 0 +231 0 *
Fa
0  1e-07 124 0

0111000
+97 0 *
Ve
1.01e-07
108 -53 15.6
0 0

0101101
*
Ed
 1e-07 1 1 0
1  318 0 0 0.282842712474619
2  191 148 0 0 0.282842712474619
4 G1 134 0 148 0
0

0101000
+232 31 -95 31 *
Ed
 1e-07 1 1 0
1  319 0 0 118
0

0101000
+95 31 -188 31 *
Wi

0101100
-230 0 +94 0 +93 0 -187 0 *
Fa
0  1e-07 134 0

0111000
+92 0 *
Ve
1.01e-07
113 -48 14.6
0 0

0101101
*
Ed
 1e-07 1 1 0
1  320 0 0 1.5707963267949
2  192 126 0 0 1.5707963267949
2  193 149 0 0 1.5707963267949
0

0101000
+90 31 -222 31 *
Ed
 1e-07 1 1 0
1  321 0 0 1.97989898732233
2  194 126 0 0 1.97989898732233
4 G1 126 0 150 0
0

0101000
+90 31 -227 31 *
Wi

0101100
+89 0 -88 0 -225 0 +219 0 *
Fa
0  1e-07 126 0

0111000
+87 0 *
Ed
 1e-07 1 1 0
1  322 0 0 1
2  195 149 0 0 1
4 G1 151 0 149 0
0

0101000
+95 31 -222 31 *
Ed
 1e-07 1 1 0
1  323 0 0 1
2  196 135 0 0 1
4 G1 151 0 135 0
0

0101000
+188 31 -221 31 *
Wi

0101100
-93 0 +85 0 +220 0 -84 0 *
Fa
0  1e-07 151 0

0111000
+83 0 *
Ed
 1e-07 1 1 0
1  324 0 1.5707963267949 3.14159265358979
2  197 128 0 1.5707963267949 3.14159265358979
2  198 135 0 1.5707963267949 3.14159265358979
0

0101000
+221 31 -124 31 *
Ed
 1e-07 1 1 0
1  325 0 0 1.97989898732233
2  199 128 0 0 1.97989898732233
4 G1 128 0 152 0
0

0101000
+124 31 -215 31 *
Wi

0101100
+81 0 -218 0 -213 0 +80 0 *
Fa
0  1e-07 128 0

0111000
+79 0 *
Ed
 1e-07 1 1 0
1  326 0 0 96
0

0101000
+215 31 -163 31 *
Wi

0101100
-77 0 -162 0 -209 0 +214 0 *
Fa
0  1e-07 129 0

0111000
+76 0 *
Ed
 1e-07 1 1 0
1  327 0 0 0.282842712474619
2  200 131 0 0 0.282842712474619
4 G1 131 0 153 0
0

0101000
+105 28 -198 28 *
Wi

0101100
+104 0 -205 0 -197 0 +74 0 *
Fa
0  1e-07 131 0

0111000
+73 0 *
Wi

0101100
+186 0 -84 0 -81 0 +123 0 *
Fa
0  1e-07 135 0

0111000
+71 0 *
Ve
1.01e-07
112.8 48 -1.8
0 0

0101101
*
Ed
 1e-07 1 1 0
1  328 0 0 1
2  201 136 0 0 1
4 G1 136 0 146 0
0

0101000
+183 28 -69 28 *
Ed
 1e-07 1 1 0
1  329 0 0 1.5707963267949
2  202 136 0 0 1.5707963267949
2  203 142 0 0 1.5707963267949
0

0101000
+69 28 -178 28 *
Wi

0101100
+181 0 -68 0 -67 0 +177 0 *
Fa
0  1e-07 136 0

0111000
+66 0 *
Ve
1.01e-07
108 53 15.6
0 0

0101101
*
Ed
 1e-07 1 1 0
1  330 0 0 118
0

0101000
+131 31 -64 31 *
Ed
 1e-07 1 1 0
1  331 0 0 0.282842712474619
2  204 154 0 0 0.282842712474619
4 G1 144 0 154 0
0

0101000
+173 31 -64 31 *
Wi

0101100
-172 0 +129 0 +63 0 -62 0 *
Fa
0  1e-07 144 0

0111000
+61 0 *
Ve
1.01e-07
112.8 48 15.8
0 0

0101101
*
Ed
 1e-07 1 1 0
1  332 0 4.71238898038469 6.28318530717959
2  205 137 0 4.71238898038469 6.28318530717959
2  206 154 0 4.71238898038469 6.28318530717959
0

0101000
+173 31 -59 31 *
Ed
 1e-07 1 1 0
1  333 0 0 1
2  207 137 0 0 1
4 G1 137 0 147 0
0

0101000
+168 31 -59 31 *
Wi

0101100
+167 0 -171 0 -58 0 +57 0 *
Fa
0  1e-07 137 0

0111000
+56 0 *
Ed
 1e-07 1 1 0
1  334 0 3.14159265358979 4.71238898038469
2  208 138 0 3.14159265358979 4.71238898038469
2  209 143 0 3.14159265358979 4.71238898038469
0

0101000
+122 31 -158 31 *
Ed
 1e-07 1 1 0
1  335 0 0 1.97989898732233
2  210 138 0 0 1.97989898732233
4 G1 138 0 152 0
0

0101000
+122 31 -163 31 *
Wi

0101100
+54 0 -53 0 -161 0 +155 0 *
Fa
0  1e-07 138 0

0111000
+52 0 *
Ed
 1e-07 1 1 0
1  336 0 0 1
2  211 143 0 0 1
4 G1 155 0 143 0
0

0101000
+131 31 -158 31 *
Ed
 1e-07 1 1 0
1  337 0 0 1
2  212 156 0 0 1
4 G1 155 0 156 0
0

0101000
+64 31 -157 31 *
Wi

0101100
-63 0 +50 0 +156 0 -49 0 *
Fa
0  1e-07 155 0

0111000
+48 0 *
Ve
1.01e-07
113 48 14.6
0 0

0101101
*
Ed
 1e-07 1 1 0
1  338 0 4.71238898038469 6.28318530717959
2  213 140 0 4.71238898038469 6.28318530717959
2  214 156 0 4.71238898038469 6.28318530717959
0

0101000
+157 31 -46 31 *
Ed
 1e-07 1 1 0
1  339 0 0 1.97989898732233
2  215 140 0 0 1.97989898732233
4 G1 140 0 150 0
0

0101000
+46 31 -151 31 *
Wi

0101100
+45 0 -154 0 -149 0 +44 0 *
Fa
0  1e-07 140 0

0111000
+43 0 *
Ed
 1e-07 1 1 0
1  340 0 0 0.282842712474619
2  216 142 0 0 0.282842712474619
4 G1 142 0 153 0
0

0101000
+69 28 -142 28 *
Wi

0101100
+67 0 -41 0 -141 0 +146 0 *
Fa
0  1e-07 142 0

0111000
+40 0 *
Wi

0101100
+130 0 -120 0 -54 0 +50 0 *
Fa
0  1e-07 143 0

0111000
+38 0 *
Wi

0101100
-121 0 +80 0 +77 0 -53 0 *
Fa
0  1e-07 152 0

0111000
+36 0 *
Ed
 1e-07 1 1 0
1  341 0 -96 -0
0

0101000
+105 28 -69 28 *
Wi

0101100
-117 0 +103 0 +34 0 -68 0 *
Fa
0  1e-07 146 0

0111000
+33 0 *
Ed
 1e-07 1 1 0
1  342 0 0 96
0

0101000
+59 31 -100 31 *
Wi

0101100
-114 0 +57 0 +31 0 -99 0 *
Fa
0  1e-07 147 0

0111000
+30 0 *
Ed
 1e-07 1 1 0
1  343 0 0 96
0

0101000
+46 31 -90 31 *
Wi

0101100
-28 0 +44 0 +111 0 -88 0 *
Fa
0  1e-07 150 0

0111000
+27 0 *
Wi

0101100
-34 0 +74 0 +108 0 -41 0 *
Fa
0  1e-07 153 0

0111000
+25 0 *
Ve
1.01e-07
113 -48 15.6
0 0

0101101
*
Ed
 1e-07 1 1 0
1  344 0 0 0.282842712474619
2  217 148 0 0 0.282842712474619
4 G1 148 0 157 0
0

0101000
+100 31 -23 31 *
Ed
 1e-07 1 1 0
1  345 0 0 1.5707963267949
2  218 148 0 0 1.5707963267949
2  219 149 0 0 1.5707963267949
0

0101000
+23 31 -95 31 *
Wi

0101100
+98 0 -22 0 -21 0 +94 0 *
Fa
0  1e-07 148 0

0111000
+20 0 *
Ed
 1e-07 1 1 0
1  346 0 0 1
2  220 149 0 0 1
4 G1 149 0 158 0
0

0101000
+23 31 -90 31 *
Wi

0101100
+21 0 -18 0 -89 0 +85 0 *
Fa
0  1e-07 149 0

0111000
+17 0 *
Ve
1.01e-07
113 48 15.6
0 0

0101101
*
Ed
 1e-07 1 1 0
1  347 0 4.71238898038469 6.28318530717959
2  221 154 0 4.71238898038469 6.28318530717959
2  222 156 0 4.71238898038469 6.28318530717959
0

0101000
+64 31 -15 31 *
Ed
 1e-07 1 1 0
1  348 0 0 0.282842712474619
2  223 154 0 0 0.282842712474619
4 G1 154 0 157 0
0

0101000
+59 31 -15 31 *
Wi

0101100
+58 0 -62 0 -14 0 +13 0 *
Fa
0  1e-07 154 0

0111000
+12 0 *
Ed
 1e-07 1 1 0
1  349 0 0 1
2  224 156 0 0 1
4 G1 156 0 158 0
0

0101000
+15 31 -46 31 *
Wi

0101100
+14 0 -49 0 -45 0 +10 0 *
Fa
0  1e-07 156 0

0111000
+9 0 *
Ed
 1e-07 1 1 0
1  350 0 0 96
0

0101000
+15 31 -23 31 *
Wi

0101100
-31 0 +13 0 +7 0 -22 0 *
Fa
0  1e-07 157 0

0111000
+6 0 *
Wi

0101100
-7 0 +10 0 +28 0 -18 0 *
Fa
0  1e-07 158 0

0111000
+4 0 *
Sh

0101100
+851 14 -844 14 -837 14 +830 26 -823 0 +803 33 +798 26 -793 0 +773 33 +768 26 
-763 0 +756 26 +749 0 -742 14 +737 26 -732 0 -725 33 -720 33 -713 33 -708 33 
-701 33 -698 33 -693 26 -688 0 +683 26 -678 0 -671 14 -664 33 -659 33 -652 33 
-647 33 -640 33 -637 33 -632 26 -627 0 +620 26 +613 0 +587 41 +582 26 -577 0 
+572 26 +567 0 +556 0 +549 33 -544 26 -539 0 +534 26 +529 26 +524 0 -519 0 
+508 0 +501 33 -496 26 -491 0 +484 26 +477 0 +474 26 -471 0 +462 52 +457 52 
+452 52 +447 52 +440 41 +435 41 +428 41 +423 41 +416 41 +413 41 -408 26 -403 0 
+398 26 +393 0 -386 0 +379 0 -372 0 +365 26 -360 26 -355 26 -350 26 -345 0 
-340 26 +335 26 +330 0 -325 0 -318 0 +311 0 -304 0 +297 26 -292 26 -287 26 
-282 26 -277 0 +270 26 +263 0 +260 26 +257 0 +251 0 +248 41 -243 26 -238 0 
+233 26 +228 0 -223 0 +216 0 -211 0 +207 0 +203 26 -199 26 -194 26 +191 26 
-189 26 -184 0 -179 26 +174 26 +169 0 -164 0 -159 0 +152 0 -147 0 +143 26 
-138 26 -134 26 -132 26 -127 0 +125 26 +118 0 +115 26 +112 0 +109 0 +106 26 
-101 26 -96 0 +91 0 -86 0 +82 0 -78 0 +75 0 -72 26 -70 0 -65 26 
+60 0 -55 0 -51 0 +47 0 -42 0 -39 26 -37 0 +35 0 +32 26 +29 0 
+26 0 +24 26 -19 0 -16 0 -11 0 -8 0 +5 0 +3 0 *
So

0100000
+2 0 *

+1 1 