
/home/mitg/Dokumente/GitHub/htl-loetregler-mini/arduino/pico-loetregler/build/pico_loetregler.elf:     file format elf32-littlearm

Sections:
Idx Name          Size      VMA       LMA       File off  Algn
  0 .boot2        00000100  10000000  10000000  00001000  2**0
                  CONTENTS, ALLOC, LOAD, READONLY, CODE
  1 .text         00005670  10000100  10000100  00001100  2**3
                  CONTENTS, ALLOC, LOAD, READONLY, CODE
  2 .rodata       00000550  10005770  10005770  00006770  2**3
                  CONTENTS, ALLOC, LOAD, READONLY, DATA
  3 .binary_info  00000028  10005cc0  10005cc0  00006cc0  2**2
                  CONTENTS, ALLOC, LOAD, READONLY, DATA
  4 .ram_vector_table 000000c0  20000000  20000000  00008000  2**2
                  ALLOC
  5 .uninitialized_data 00000000  200000c0  200000c0  000077a0  2**0
                  CONTENTS
  6 .data         000006e0  200000c0  10005ce8  000070c0  2**4
                  CONTENTS, ALLOC, LOAD, READONLY, CODE
  7 .tdata        00000000  200007a0  200007a0  000077a0  2**0
                  CONTENTS, ALLOC, LOAD, DATA, THREAD_LOCAL
  8 .tbss         00000000  200007a0  200007a0  00000000  2**0
                  ALLOC, THREAD_LOCAL
  9 .bss          000005a8  200007a0  100063c8  000077a0  2**3
                  ALLOC
 10 .heap         00000800  20000d48  20000d48  000077a0  2**2
                  CONTENTS, READONLY
 11 .scratch_x    00000000  20040000  20040000  00007fa0  2**0
                  CONTENTS
 12 .scratch_y    00000000  20041000  20041000  00007fa0  2**0
                  CONTENTS
 13 .stack_dummy  00000800  20041000  20041000  00007fa0  2**5
                  CONTENTS, READONLY
 14 .ARM.attributes 00000028  00000000  00000000  000087a0  2**0
                  CONTENTS, READONLY
 15 .comment      00000045  00000000  00000000  000087c8  2**0
                  CONTENTS, READONLY
 16 .debug_info   0002241b  00000000  00000000  0000880d  2**0
                  CONTENTS, READONLY, DEBUGGING, OCTETS
 17 .debug_abbrev 000061f5  00000000  00000000  0002ac28  2**0
                  CONTENTS, READONLY, DEBUGGING, OCTETS
 18 .debug_loclists 0001338e  00000000  00000000  00030e1d  2**0
                  CONTENTS, READONLY, DEBUGGING, OCTETS
 19 .debug_aranges 000010e8  00000000  00000000  000441b0  2**3
                  CONTENTS, READONLY, DEBUGGING, OCTETS
 20 .debug_rnglists 000032d2  00000000  00000000  00045298  2**0
                  CONTENTS, READONLY, DEBUGGING, OCTETS
 21 .debug_line   0001a18d  00000000  00000000  0004856a  2**0
                  CONTENTS, READONLY, DEBUGGING, OCTETS
 22 .debug_str    000052b0  00000000  00000000  000626f7  2**0
                  CONTENTS, READONLY, DEBUGGING, OCTETS
 23 .debug_frame  00002474  00000000  00000000  000679a8  2**2
                  CONTENTS, READONLY, DEBUGGING, OCTETS
 24 .debug_line_str 0000035c  00000000  00000000  00069e1c  2**0
                  CONTENTS, READONLY, DEBUGGING, OCTETS

/home/mitg/Dokumente/GitHub/htl-loetregler-mini/arduino/pico-loetregler/build/pico_loetregler.elf:     file format elf32-littlearm


Disassembly of section .boot2:

10000000 <__boot2_start__>:
10000000:	4b32b500 	.word	0x4b32b500
10000004:	60582021 	.word	0x60582021
10000008:	21026898 	.word	0x21026898
1000000c:	60984388 	.word	0x60984388
10000010:	611860d8 	.word	0x611860d8
10000014:	4b2e6158 	.word	0x4b2e6158
10000018:	60992100 	.word	0x60992100
1000001c:	61592102 	.word	0x61592102
10000020:	22f02101 	.word	0x22f02101
10000024:	492b5099 	.word	0x492b5099
10000028:	21016019 	.word	0x21016019
1000002c:	20356099 	.word	0x20356099
10000030:	f844f000 	.word	0xf844f000
10000034:	42902202 	.word	0x42902202
10000038:	2106d014 	.word	0x2106d014
1000003c:	f0006619 	.word	0xf0006619
10000040:	6e19f834 	.word	0x6e19f834
10000044:	66192101 	.word	0x66192101
10000048:	66182000 	.word	0x66182000
1000004c:	f000661a 	.word	0xf000661a
10000050:	6e19f82c 	.word	0x6e19f82c
10000054:	6e196e19 	.word	0x6e196e19
10000058:	f0002005 	.word	0xf0002005
1000005c:	2101f82f 	.word	0x2101f82f
10000060:	d1f94208 	.word	0xd1f94208
10000064:	60992100 	.word	0x60992100
10000068:	6019491b 	.word	0x6019491b
1000006c:	60592100 	.word	0x60592100
10000070:	481b491a 	.word	0x481b491a
10000074:	21016001 	.word	0x21016001
10000078:	21eb6099 	.word	0x21eb6099
1000007c:	21a06619 	.word	0x21a06619
10000080:	f0006619 	.word	0xf0006619
10000084:	2100f812 	.word	0x2100f812
10000088:	49166099 	.word	0x49166099
1000008c:	60014814 	.word	0x60014814
10000090:	60992101 	.word	0x60992101
10000094:	2800bc01 	.word	0x2800bc01
10000098:	4700d000 	.word	0x4700d000
1000009c:	49134812 	.word	0x49134812
100000a0:	c8036008 	.word	0xc8036008
100000a4:	8808f380 	.word	0x8808f380
100000a8:	b5034708 	.word	0xb5034708
100000ac:	20046a99 	.word	0x20046a99
100000b0:	d0fb4201 	.word	0xd0fb4201
100000b4:	42012001 	.word	0x42012001
100000b8:	bd03d1f8 	.word	0xbd03d1f8
100000bc:	6618b502 	.word	0x6618b502
100000c0:	f7ff6618 	.word	0xf7ff6618
100000c4:	6e18fff2 	.word	0x6e18fff2
100000c8:	bd026e18 	.word	0xbd026e18
100000cc:	40020000 	.word	0x40020000
100000d0:	18000000 	.word	0x18000000
100000d4:	00070000 	.word	0x00070000
100000d8:	005f0300 	.word	0x005f0300
100000dc:	00002221 	.word	0x00002221
100000e0:	180000f4 	.word	0x180000f4
100000e4:	a0002022 	.word	0xa0002022
100000e8:	10000100 	.word	0x10000100
100000ec:	e000ed08 	.word	0xe000ed08
	...
100000fc:	7a4eb274 	.word	0x7a4eb274

Disassembly of section .text:

10000100 <__VECTOR_TABLE>:
10000100:	20042000 	.word	0x20042000
10000104:	100001f7 	.word	0x100001f7
10000108:	100001c3 	.word	0x100001c3
1000010c:	100001c5 	.word	0x100001c5
10000110:	100001c1 	.word	0x100001c1
10000114:	100001c1 	.word	0x100001c1
10000118:	100001c1 	.word	0x100001c1
1000011c:	100001c1 	.word	0x100001c1
10000120:	100001c1 	.word	0x100001c1
10000124:	100001c1 	.word	0x100001c1
10000128:	100001c1 	.word	0x100001c1
1000012c:	100001c7 	.word	0x100001c7
10000130:	100001c1 	.word	0x100001c1
10000134:	100001c1 	.word	0x100001c1
10000138:	100001c9 	.word	0x100001c9
1000013c:	100001cb 	.word	0x100001cb
10000140:	100001cd 	.word	0x100001cd
10000144:	100001cd 	.word	0x100001cd
10000148:	100001cd 	.word	0x100001cd
1000014c:	100001cd 	.word	0x100001cd
10000150:	100001cd 	.word	0x100001cd
10000154:	100001cd 	.word	0x100001cd
10000158:	100001cd 	.word	0x100001cd
1000015c:	100001cd 	.word	0x100001cd
10000160:	100001cd 	.word	0x100001cd
10000164:	100001cd 	.word	0x100001cd
10000168:	100001cd 	.word	0x100001cd
1000016c:	100001cd 	.word	0x100001cd
10000170:	100001cd 	.word	0x100001cd
10000174:	100001cd 	.word	0x100001cd
10000178:	100001cd 	.word	0x100001cd
1000017c:	100001cd 	.word	0x100001cd
10000180:	100001cd 	.word	0x100001cd
10000184:	100001cd 	.word	0x100001cd
10000188:	100001cd 	.word	0x100001cd
1000018c:	100001cd 	.word	0x100001cd
10000190:	100001cd 	.word	0x100001cd
10000194:	100001cd 	.word	0x100001cd
10000198:	100001cd 	.word	0x100001cd
1000019c:	100001cd 	.word	0x100001cd
100001a0:	100001cd 	.word	0x100001cd
100001a4:	100001cd 	.word	0x100001cd
100001a8:	100001cd 	.word	0x100001cd
100001ac:	100001cd 	.word	0x100001cd
100001b0:	100001cd 	.word	0x100001cd
100001b4:	100001cd 	.word	0x100001cd
100001b8:	100001cd 	.word	0x100001cd
100001bc:	100001cd 	.word	0x100001cd

100001c0 <isr_invalid>:
100001c0:	be00      	bkpt	0x0000

100001c2 <isr_nmi>:
100001c2:	be00      	bkpt	0x0000

100001c4 <isr_hardfault>:
100001c4:	be00      	bkpt	0x0000

100001c6 <isr_svcall>:
100001c6:	be00      	bkpt	0x0000

100001c8 <isr_pendsv>:
100001c8:	be00      	bkpt	0x0000

100001ca <isr_systick>:
100001ca:	be00      	bkpt	0x0000

100001cc <__unhandled_user_irq>:
100001cc:	f3ef 8005 	mrs	r0, IPSR
100001d0:	3810      	subs	r0, #16

100001d2 <unhandled_user_irq_num_in_r0>:
100001d2:	be00      	bkpt	0x0000

100001d4 <binary_info_header>:
100001d4:	7188ebf2 	.word	0x7188ebf2
100001d8:	10005cc0 	.word	0x10005cc0
100001dc:	10005ce8 	.word	0x10005ce8
100001e0:	10000238 	.word	0x10000238
100001e4:	e71aa390 	.word	0xe71aa390

100001e8 <_entry_point>:
100001e8:	481e      	ldr	r0, [pc, #120]	@ (10000264 <data_cpy_table+0x2c>)

100001ea <_enter_vtable_in_r0>:
100001ea:	491f      	ldr	r1, [pc, #124]	@ (10000268 <data_cpy_table+0x30>)
100001ec:	6008      	str	r0, [r1, #0]
100001ee:	c806      	ldmia	r0!, {r1, r2}
100001f0:	f381 8808 	msr	MSP, r1
100001f4:	4710      	bx	r2

100001f6 <_reset_handler>:
100001f6:	481d      	ldr	r0, [pc, #116]	@ (1000026c <data_cpy_table+0x34>)
100001f8:	6800      	ldr	r0, [r0, #0]
100001fa:	2800      	cmp	r0, #0
100001fc:	d001      	beq.n	10000202 <hold_non_core0_in_bootrom+0x4>

100001fe <hold_non_core0_in_bootrom>:
100001fe:	4819      	ldr	r0, [pc, #100]	@ (10000264 <data_cpy_table+0x2c>)
10000200:	e7f3      	b.n	100001ea <_enter_vtable_in_r0>
10000202:	a40d      	add	r4, pc, #52	@ (adr r4, 10000238 <data_cpy_table>)
10000204:	cc0e      	ldmia	r4!, {r1, r2, r3}
10000206:	2900      	cmp	r1, #0
10000208:	d002      	beq.n	10000210 <hold_non_core0_in_bootrom+0x12>
1000020a:	f000 f812 	bl	10000232 <data_cpy>
1000020e:	e7f9      	b.n	10000204 <hold_non_core0_in_bootrom+0x6>
10000210:	4917      	ldr	r1, [pc, #92]	@ (10000270 <data_cpy_table+0x38>)
10000212:	4a18      	ldr	r2, [pc, #96]	@ (10000274 <data_cpy_table+0x3c>)
10000214:	2000      	movs	r0, #0
10000216:	e000      	b.n	1000021a <bss_fill_test>

10000218 <bss_fill_loop>:
10000218:	c101      	stmia	r1!, {r0}

1000021a <bss_fill_test>:
1000021a:	4291      	cmp	r1, r2
1000021c:	d1fc      	bne.n	10000218 <bss_fill_loop>

1000021e <platform_entry>:
1000021e:	4916      	ldr	r1, [pc, #88]	@ (10000278 <data_cpy_table+0x40>)
10000220:	4788      	blx	r1
10000222:	4916      	ldr	r1, [pc, #88]	@ (1000027c <data_cpy_table+0x44>)
10000224:	4788      	blx	r1
10000226:	4916      	ldr	r1, [pc, #88]	@ (10000280 <data_cpy_table+0x48>)
10000228:	4788      	blx	r1
1000022a:	be00      	bkpt	0x0000
1000022c:	e7fd      	b.n	1000022a <platform_entry+0xc>

1000022e <data_cpy_loop>:
1000022e:	c901      	ldmia	r1!, {r0}
10000230:	c201      	stmia	r2!, {r0}

10000232 <data_cpy>:
10000232:	429a      	cmp	r2, r3
10000234:	d3fb      	bcc.n	1000022e <data_cpy_loop>
10000236:	4770      	bx	lr

10000238 <data_cpy_table>:
10000238:	10005ce8 	.word	0x10005ce8
1000023c:	200000c0 	.word	0x200000c0
10000240:	200007a0 	.word	0x200007a0
10000244:	100063c8 	.word	0x100063c8
10000248:	20040000 	.word	0x20040000
1000024c:	20040000 	.word	0x20040000
10000250:	100063c8 	.word	0x100063c8
10000254:	20041000 	.word	0x20041000
10000258:	20041000 	.word	0x20041000
1000025c:	00000000 	.word	0x00000000
10000260:	4770      	bx	lr
10000262:	0000      	.short	0x0000
10000264:	00000000 	.word	0x00000000
10000268:	e000ed08 	.word	0xe000ed08
1000026c:	d0000000 	.word	0xd0000000
10000270:	200007a0 	.word	0x200007a0
10000274:	20000d48 	.word	0x20000d48
10000278:	100045b9 	.word	0x100045b9
1000027c:	10000369 	.word	0x10000369
10000280:	100045b1 	.word	0x100045b1

10000284 <_init>:
10000284:	b5f8      	push	{r3, r4, r5, r6, r7, lr}
10000286:	46c0      	nop			@ (mov r8, r8)

10000288 <register_tm_clones>:
10000288:	4806      	ldr	r0, [pc, #24]	@ (100002a4 <register_tm_clones+0x1c>)
1000028a:	4907      	ldr	r1, [pc, #28]	@ (100002a8 <register_tm_clones+0x20>)
1000028c:	1a09      	subs	r1, r1, r0
1000028e:	108b      	asrs	r3, r1, #2
10000290:	0fc9      	lsrs	r1, r1, #31
10000292:	18c9      	adds	r1, r1, r3
10000294:	b510      	push	{r4, lr}
10000296:	1049      	asrs	r1, r1, #1
10000298:	d003      	beq.n	100002a2 <register_tm_clones+0x1a>
1000029a:	4b04      	ldr	r3, [pc, #16]	@ (100002ac <register_tm_clones+0x24>)
1000029c:	2b00      	cmp	r3, #0
1000029e:	d000      	beq.n	100002a2 <register_tm_clones+0x1a>
100002a0:	4798      	blx	r3
100002a2:	bd10      	pop	{r4, pc}
100002a4:	200007a0 	.word	0x200007a0
100002a8:	200007a0 	.word	0x200007a0
100002ac:	00000000 	.word	0x00000000

100002b0 <frame_dummy>:
100002b0:	4b05      	ldr	r3, [pc, #20]	@ (100002c8 <frame_dummy+0x18>)
100002b2:	b510      	push	{r4, lr}
100002b4:	2b00      	cmp	r3, #0
100002b6:	d003      	beq.n	100002c0 <frame_dummy+0x10>
100002b8:	4904      	ldr	r1, [pc, #16]	@ (100002cc <frame_dummy+0x1c>)
100002ba:	4805      	ldr	r0, [pc, #20]	@ (100002d0 <frame_dummy+0x20>)
100002bc:	e000      	b.n	100002c0 <frame_dummy+0x10>
100002be:	bf00      	nop
100002c0:	f7ff ffe2 	bl	10000288 <register_tm_clones>
100002c4:	bd10      	pop	{r4, pc}
100002c6:	46c0      	nop			@ (mov r8, r8)
100002c8:	00000000 	.word	0x00000000
100002cc:	20000d04 	.word	0x20000d04
100002d0:	10005770 	.word	0x10005770

100002d4 <adc_gpio_init>:
100002d4:	b510      	push	{r4, lr}
100002d6:	0004      	movs	r4, r0
100002d8:	211f      	movs	r1, #31
100002da:	f000 fbf1 	bl	10000ac0 <gpio_set_function>
100002de:	2200      	movs	r2, #0
100002e0:	0020      	movs	r0, r4
100002e2:	2100      	movs	r1, #0
100002e4:	f000 fc06 	bl	10000af4 <gpio_set_pulls>
100002e8:	2100      	movs	r1, #0
100002ea:	0020      	movs	r0, r4
100002ec:	f000 fc16 	bl	10000b1c <gpio_set_input_enabled>
100002f0:	bd10      	pop	{r4, pc}
100002f2:	46c0      	nop			@ (mov r8, r8)

100002f4 <init_display>:
100002f4:	b530      	push	{r4, r5, lr}
100002f6:	4d18      	ldr	r5, [pc, #96]	@ (10000358 <init_display+0x64>)
100002f8:	b083      	sub	sp, #12
100002fa:	0028      	movs	r0, r5
100002fc:	4917      	ldr	r1, [pc, #92]	@ (1000035c <init_display+0x68>)
100002fe:	f004 fcc3 	bl	10004c88 <i2c_init>
10000302:	2103      	movs	r1, #3
10000304:	2004      	movs	r0, #4
10000306:	f000 fbdb 	bl	10000ac0 <gpio_set_function>
1000030a:	2103      	movs	r1, #3
1000030c:	2005      	movs	r0, #5
1000030e:	f000 fbd7 	bl	10000ac0 <gpio_set_function>
10000312:	2200      	movs	r2, #0
10000314:	2101      	movs	r1, #1
10000316:	2004      	movs	r0, #4
10000318:	f000 fbec 	bl	10000af4 <gpio_set_pulls>
1000031c:	2200      	movs	r2, #0
1000031e:	2101      	movs	r1, #1
10000320:	2005      	movs	r0, #5
10000322:	f000 fbe7 	bl	10000af4 <gpio_set_pulls>
10000326:	2320      	movs	r3, #32
10000328:	4c0d      	ldr	r4, [pc, #52]	@ (10000360 <init_display+0x6c>)
1000032a:	0029      	movs	r1, r5
1000032c:	223c      	movs	r2, #60	@ 0x3c
1000032e:	0020      	movs	r0, r4
10000330:	9300      	str	r3, [sp, #0]
10000332:	3360      	adds	r3, #96	@ 0x60
10000334:	f000 f9f8 	bl	10000728 <ssd1306_init>
10000338:	0020      	movs	r0, r4
1000033a:	f000 fa53 	bl	100007e4 <ssd1306_clear>
1000033e:	4b09      	ldr	r3, [pc, #36]	@ (10000364 <init_display+0x70>)
10000340:	2200      	movs	r2, #0
10000342:	2100      	movs	r1, #0
10000344:	0020      	movs	r0, r4
10000346:	9300      	str	r3, [sp, #0]
10000348:	2301      	movs	r3, #1
1000034a:	f000 fb79 	bl	10000a40 <ssd1306_draw_string>
1000034e:	0020      	movs	r0, r4
10000350:	f000 fa54 	bl	100007fc <ssd1306_show>
10000354:	b003      	add	sp, #12
10000356:	bd30      	pop	{r4, r5, pc}
10000358:	20000238 	.word	0x20000238
1000035c:	00061a80 	.word	0x00061a80
10000360:	20000ce4 	.word	0x20000ce4
10000364:	10005770 	.word	0x10005770

10000368 <main>:
10000368:	b5f0      	push	{r4, r5, r6, r7, lr}
1000036a:	46de      	mov	lr, fp
1000036c:	4657      	mov	r7, sl
1000036e:	4645      	mov	r5, r8
10000370:	464e      	mov	r6, r9
10000372:	24d0      	movs	r4, #208	@ 0xd0
10000374:	b5e0      	push	{r5, r6, r7, lr}
10000376:	2504      	movs	r5, #4
10000378:	b091      	sub	sp, #68	@ 0x44
1000037a:	0624      	lsls	r4, r4, #24
1000037c:	f004 fa28 	bl	100047d0 <stdio_init_all>
10000380:	2002      	movs	r0, #2
10000382:	f000 fbdf 	bl	10000b44 <gpio_init>
10000386:	2003      	movs	r0, #3
10000388:	6265      	str	r5, [r4, #36]	@ 0x24
1000038a:	f000 fbdb 	bl	10000b44 <gpio_init>
1000038e:	2308      	movs	r3, #8
10000390:	2009      	movs	r0, #9
10000392:	6263      	str	r3, [r4, #36]	@ 0x24
10000394:	f000 fbd6 	bl	10000b44 <gpio_init>
10000398:	2380      	movs	r3, #128	@ 0x80
1000039a:	009b      	lsls	r3, r3, #2
1000039c:	6263      	str	r3, [r4, #36]	@ 0x24
1000039e:	f004 fb7b 	bl	10004a98 <adc_init>
100003a2:	201a      	movs	r0, #26
100003a4:	f7ff ff96 	bl	100002d4 <adc_gpio_init>
100003a8:	201b      	movs	r0, #27
100003aa:	f7ff ff93 	bl	100002d4 <adc_gpio_init>
100003ae:	201c      	movs	r0, #28
100003b0:	f7ff ff90 	bl	100002d4 <adc_gpio_init>
100003b4:	f000 f8e0 	bl	10000578 <button_init>
100003b8:	f7ff ff9c 	bl	100002f4 <init_display>
100003bc:	4b60      	ldr	r3, [pc, #384]	@ (10000540 <main+0x1d8>)
100003be:	6165      	str	r5, [r4, #20]
100003c0:	4699      	mov	r9, r3
100003c2:	4b60      	ldr	r3, [pc, #384]	@ (10000544 <main+0x1dc>)
100003c4:	4c60      	ldr	r4, [pc, #384]	@ (10000548 <main+0x1e0>)
100003c6:	9307      	str	r3, [sp, #28]
100003c8:	4b60      	ldr	r3, [pc, #384]	@ (1000054c <main+0x1e4>)
100003ca:	af08      	add	r7, sp, #32
100003cc:	469a      	mov	sl, r3
100003ce:	4b60      	ldr	r3, [pc, #384]	@ (10000550 <main+0x1e8>)
100003d0:	9306      	str	r3, [sp, #24]
100003d2:	4b60      	ldr	r3, [pc, #384]	@ (10000554 <main+0x1ec>)
100003d4:	4698      	mov	r8, r3
100003d6:	4b60      	ldr	r3, [pc, #384]	@ (10000558 <main+0x1f0>)
100003d8:	469b      	mov	fp, r3
100003da:	4b60      	ldr	r3, [pc, #384]	@ (1000055c <main+0x1f4>)
100003dc:	9305      	str	r3, [sp, #20]
100003de:	f000 f8f7 	bl	100005d0 <button_update>
100003e2:	2000      	movs	r0, #0
100003e4:	f000 f994 	bl	10000710 <button_pressed>
100003e8:	2800      	cmp	r0, #0
100003ea:	d000      	beq.n	100003ee <main+0x86>
100003ec:	e08c      	b.n	10000508 <main+0x1a0>
100003ee:	2001      	movs	r0, #1
100003f0:	f000 f98e 	bl	10000710 <button_pressed>
100003f4:	464b      	mov	r3, r9
100003f6:	881e      	ldrh	r6, [r3, #0]
100003f8:	2800      	cmp	r0, #0
100003fa:	d002      	beq.n	10000402 <main+0x9a>
100003fc:	3e0a      	subs	r6, #10
100003fe:	b2b6      	uxth	r6, r6
10000400:	801e      	strh	r6, [r3, #0]
10000402:	2380      	movs	r3, #128	@ 0x80
10000404:	6822      	ldr	r2, [r4, #0]
10000406:	015b      	lsls	r3, r3, #5
10000408:	4053      	eors	r3, r2
1000040a:	22e0      	movs	r2, #224	@ 0xe0
1000040c:	01d2      	lsls	r2, r2, #7
1000040e:	4013      	ands	r3, r2
10000410:	4a53      	ldr	r2, [pc, #332]	@ (10000560 <main+0x1f8>)
10000412:	6013      	str	r3, [r2, #0]
10000414:	2204      	movs	r2, #4
10000416:	4b53      	ldr	r3, [pc, #332]	@ (10000564 <main+0x1fc>)
10000418:	601a      	str	r2, [r3, #0]
1000041a:	32fc      	adds	r2, #252	@ 0xfc
1000041c:	6823      	ldr	r3, [r4, #0]
1000041e:	4213      	tst	r3, r2
10000420:	d0fc      	beq.n	1000041c <main+0xb4>
10000422:	6860      	ldr	r0, [r4, #4]
10000424:	0400      	lsls	r0, r0, #16
10000426:	0c00      	lsrs	r0, r0, #16
10000428:	f002 fb7a 	bl	10002b20 <__wrap___aeabi_i2f>
1000042c:	494e      	ldr	r1, [pc, #312]	@ (10000568 <main+0x200>)
1000042e:	f002 fb42 	bl	10002ab6 <__wrap___aeabi_fmul>
10000432:	494e      	ldr	r1, [pc, #312]	@ (1000056c <main+0x204>)
10000434:	f002 fb2b 	bl	10002a8e <__wrap___aeabi_fdiv>
10000438:	494d      	ldr	r1, [pc, #308]	@ (10000570 <main+0x208>)
1000043a:	f002 fb3c 	bl	10002ab6 <__wrap___aeabi_fmul>
1000043e:	22e0      	movs	r2, #224	@ 0xe0
10000440:	6823      	ldr	r3, [r4, #0]
10000442:	01d2      	lsls	r2, r2, #7
10000444:	4013      	ands	r3, r2
10000446:	4a46      	ldr	r2, [pc, #280]	@ (10000560 <main+0x1f8>)
10000448:	1c05      	adds	r5, r0, #0
1000044a:	6013      	str	r3, [r2, #0]
1000044c:	2204      	movs	r2, #4
1000044e:	4b45      	ldr	r3, [pc, #276]	@ (10000564 <main+0x1fc>)
10000450:	601a      	str	r2, [r3, #0]
10000452:	32fc      	adds	r2, #252	@ 0xfc
10000454:	6823      	ldr	r3, [r4, #0]
10000456:	4213      	tst	r3, r2
10000458:	d0fc      	beq.n	10000454 <main+0xec>
1000045a:	6860      	ldr	r0, [r4, #4]
1000045c:	0400      	lsls	r0, r0, #16
1000045e:	0c00      	lsrs	r0, r0, #16
10000460:	f002 fb5e 	bl	10002b20 <__wrap___aeabi_i2f>
10000464:	4940      	ldr	r1, [pc, #256]	@ (10000568 <main+0x200>)
10000466:	f002 fb26 	bl	10002ab6 <__wrap___aeabi_fmul>
1000046a:	4940      	ldr	r1, [pc, #256]	@ (1000056c <main+0x204>)
1000046c:	f002 fb0f 	bl	10002a8e <__wrap___aeabi_fdiv>
10000470:	4940      	ldr	r1, [pc, #256]	@ (10000574 <main+0x20c>)
10000472:	f002 fb20 	bl	10002ab6 <__wrap___aeabi_fmul>
10000476:	4653      	mov	r3, sl
10000478:	6018      	str	r0, [r3, #0]
1000047a:	0030      	movs	r0, r6
1000047c:	f002 fb50 	bl	10002b20 <__wrap___aeabi_i2f>
10000480:	1c29      	adds	r1, r5, #0
10000482:	f002 fb47 	bl	10002b14 <__wrap___aeabi_fcmpgt>
10000486:	2800      	cmp	r0, #0
10000488:	d04f      	beq.n	1000052a <main+0x1c2>
1000048a:	9b06      	ldr	r3, [sp, #24]
1000048c:	781b      	ldrb	r3, [r3, #0]
1000048e:	2b00      	cmp	r3, #0
10000490:	d14b      	bne.n	1000052a <main+0x1c2>
10000492:	23d0      	movs	r3, #208	@ 0xd0
10000494:	2208      	movs	r2, #8
10000496:	061b      	lsls	r3, r3, #24
10000498:	615a      	str	r2, [r3, #20]
1000049a:	4640      	mov	r0, r8
1000049c:	f000 f9a2 	bl	100007e4 <ssd1306_clear>
100004a0:	464b      	mov	r3, r9
100004a2:	881b      	ldrh	r3, [r3, #0]
100004a4:	1c28      	adds	r0, r5, #0
100004a6:	9302      	str	r3, [sp, #8]
100004a8:	f002 fb5c 	bl	10002b64 <__wrap___aeabi_f2d>
100004ac:	465a      	mov	r2, fp
100004ae:	9000      	str	r0, [sp, #0]
100004b0:	9101      	str	r1, [sp, #4]
100004b2:	2120      	movs	r1, #32
100004b4:	0038      	movs	r0, r7
100004b6:	f004 f833 	bl	10004520 <__wrap_snprintf>
100004ba:	2200      	movs	r2, #0
100004bc:	2301      	movs	r3, #1
100004be:	2100      	movs	r1, #0
100004c0:	4640      	mov	r0, r8
100004c2:	9700      	str	r7, [sp, #0]
100004c4:	f000 fabc 	bl	10000a40 <ssd1306_draw_string>
100004c8:	4653      	mov	r3, sl
100004ca:	6818      	ldr	r0, [r3, #0]
100004cc:	f002 fb4a 	bl	10002b64 <__wrap___aeabi_f2d>
100004d0:	9a05      	ldr	r2, [sp, #20]
100004d2:	9000      	str	r0, [sp, #0]
100004d4:	9101      	str	r1, [sp, #4]
100004d6:	2120      	movs	r1, #32
100004d8:	0038      	movs	r0, r7
100004da:	f004 f821 	bl	10004520 <__wrap_snprintf>
100004de:	2301      	movs	r3, #1
100004e0:	220a      	movs	r2, #10
100004e2:	2100      	movs	r1, #0
100004e4:	4640      	mov	r0, r8
100004e6:	9700      	str	r7, [sp, #0]
100004e8:	f000 faaa 	bl	10000a40 <ssd1306_draw_string>
100004ec:	4640      	mov	r0, r8
100004ee:	f000 f985 	bl	100007fc <ssd1306_show>
100004f2:	20c8      	movs	r0, #200	@ 0xc8
100004f4:	f000 fff4 	bl	100014e0 <sleep_ms>
100004f8:	f000 f86a 	bl	100005d0 <button_update>
100004fc:	2000      	movs	r0, #0
100004fe:	f000 f907 	bl	10000710 <button_pressed>
10000502:	2800      	cmp	r0, #0
10000504:	d100      	bne.n	10000508 <main+0x1a0>
10000506:	e772      	b.n	100003ee <main+0x86>
10000508:	464b      	mov	r3, r9
1000050a:	464a      	mov	r2, r9
1000050c:	881b      	ldrh	r3, [r3, #0]
1000050e:	330a      	adds	r3, #10
10000510:	8013      	strh	r3, [r2, #0]
10000512:	f001 f8fb 	bl	1000170c <time_us_64>
10000516:	2900      	cmp	r1, #0
10000518:	d00c      	beq.n	10000534 <main+0x1cc>
1000051a:	22fa      	movs	r2, #250	@ 0xfa
1000051c:	2300      	movs	r3, #0
1000051e:	0092      	lsls	r2, r2, #2
10000520:	f001 fcac 	bl	10001e7c <__wrap___aeabi_uldivmod>
10000524:	9b07      	ldr	r3, [sp, #28]
10000526:	6018      	str	r0, [r3, #0]
10000528:	e761      	b.n	100003ee <main+0x86>
1000052a:	23d0      	movs	r3, #208	@ 0xd0
1000052c:	2208      	movs	r2, #8
1000052e:	061b      	lsls	r3, r3, #24
10000530:	619a      	str	r2, [r3, #24]
10000532:	e7b2      	b.n	1000049a <main+0x132>
10000534:	21fa      	movs	r1, #250	@ 0xfa
10000536:	0089      	lsls	r1, r1, #2
10000538:	f001 fc62 	bl	10001e00 <__wrap___aeabi_uidiv>
1000053c:	e7f2      	b.n	10000524 <main+0x1bc>
1000053e:	46c0      	nop			@ (mov r8, r8)
10000540:	20000198 	.word	0x20000198
10000544:	20000d34 	.word	0x20000d34
10000548:	4004c000 	.word	0x4004c000
1000054c:	20000d38 	.word	0x20000d38
10000550:	20000d45 	.word	0x20000d45
10000554:	20000ce4 	.word	0x20000ce4
10000558:	10005784 	.word	0x10005784
1000055c:	10005794 	.word	0x10005794
10000560:	4004d000 	.word	0x4004d000
10000564:	4004e000 	.word	0x4004e000
10000568:	40400000 	.word	0x40400000
1000056c:	457ff000 	.word	0x457ff000
10000570:	42c80000 	.word	0x42c80000
10000574:	41555555 	.word	0x41555555

10000578 <button_init>:
10000578:	b510      	push	{r4, lr}
1000057a:	2000      	movs	r0, #0
1000057c:	f000 fae2 	bl	10000b44 <gpio_init>
10000580:	2001      	movs	r0, #1
10000582:	f000 fadf 	bl	10000b44 <gpio_init>
10000586:	2002      	movs	r0, #2
10000588:	f000 fadc 	bl	10000b44 <gpio_init>
1000058c:	2003      	movs	r0, #3
1000058e:	f000 fad9 	bl	10000b44 <gpio_init>
10000592:	23d0      	movs	r3, #208	@ 0xd0
10000594:	2201      	movs	r2, #1
10000596:	061b      	lsls	r3, r3, #24
10000598:	629a      	str	r2, [r3, #40]	@ 0x28
1000059a:	3201      	adds	r2, #1
1000059c:	629a      	str	r2, [r3, #40]	@ 0x28
1000059e:	3202      	adds	r2, #2
100005a0:	629a      	str	r2, [r3, #40]	@ 0x28
100005a2:	3204      	adds	r2, #4
100005a4:	629a      	str	r2, [r3, #40]	@ 0x28
100005a6:	2101      	movs	r1, #1
100005a8:	2200      	movs	r2, #0
100005aa:	2000      	movs	r0, #0
100005ac:	f000 faa2 	bl	10000af4 <gpio_set_pulls>
100005b0:	2200      	movs	r2, #0
100005b2:	2101      	movs	r1, #1
100005b4:	2001      	movs	r0, #1
100005b6:	f000 fa9d 	bl	10000af4 <gpio_set_pulls>
100005ba:	2200      	movs	r2, #0
100005bc:	2101      	movs	r1, #1
100005be:	2002      	movs	r0, #2
100005c0:	f000 fa98 	bl	10000af4 <gpio_set_pulls>
100005c4:	2200      	movs	r2, #0
100005c6:	2101      	movs	r1, #1
100005c8:	2003      	movs	r0, #3
100005ca:	f000 fa93 	bl	10000af4 <gpio_set_pulls>
100005ce:	bd10      	pop	{r4, pc}

100005d0 <button_update>:
100005d0:	b5f8      	push	{r3, r4, r5, r6, r7, lr}
100005d2:	f001 f89b 	bl	1000170c <time_us_64>
100005d6:	2900      	cmp	r1, #0
100005d8:	d040      	beq.n	1000065c <button_update+0x8c>
100005da:	22fa      	movs	r2, #250	@ 0xfa
100005dc:	2300      	movs	r3, #0
100005de:	0092      	lsls	r2, r2, #2
100005e0:	f001 fc4c 	bl	10001e7c <__wrap___aeabi_uldivmod>
100005e4:	23d0      	movs	r3, #208	@ 0xd0
100005e6:	061b      	lsls	r3, r3, #24
100005e8:	685a      	ldr	r2, [r3, #4]
100005ea:	2301      	movs	r3, #1
100005ec:	001e      	movs	r6, r3
100005ee:	4396      	bics	r6, r2
100005f0:	4a42      	ldr	r2, [pc, #264]	@ (100006fc <button_update+0x12c>)
100005f2:	0033      	movs	r3, r6
100005f4:	7811      	ldrb	r1, [r2, #0]
100005f6:	42b1      	cmp	r1, r6
100005f8:	d065      	beq.n	100006c6 <button_update+0xf6>
100005fa:	4941      	ldr	r1, [pc, #260]	@ (10000700 <button_update+0x130>)
100005fc:	7016      	strb	r6, [r2, #0]
100005fe:	6008      	str	r0, [r1, #0]
10000600:	23d0      	movs	r3, #208	@ 0xd0
10000602:	2602      	movs	r6, #2
10000604:	2501      	movs	r5, #1
10000606:	061b      	lsls	r3, r3, #24
10000608:	685b      	ldr	r3, [r3, #4]
1000060a:	7854      	ldrb	r4, [r2, #1]
1000060c:	401e      	ands	r6, r3
1000060e:	07b3      	lsls	r3, r6, #30
10000610:	0fdb      	lsrs	r3, r3, #31
10000612:	406b      	eors	r3, r5
10000614:	b2db      	uxtb	r3, r3
10000616:	429c      	cmp	r4, r3
10000618:	d046      	beq.n	100006a8 <button_update+0xd8>
1000061a:	6048      	str	r0, [r1, #4]
1000061c:	7053      	strb	r3, [r2, #1]
1000061e:	23d0      	movs	r3, #208	@ 0xd0
10000620:	2604      	movs	r6, #4
10000622:	2501      	movs	r5, #1
10000624:	061b      	lsls	r3, r3, #24
10000626:	685b      	ldr	r3, [r3, #4]
10000628:	7894      	ldrb	r4, [r2, #2]
1000062a:	401e      	ands	r6, r3
1000062c:	0773      	lsls	r3, r6, #29
1000062e:	0fdb      	lsrs	r3, r3, #31
10000630:	406b      	eors	r3, r5
10000632:	b2db      	uxtb	r3, r3
10000634:	429c      	cmp	r4, r3
10000636:	d028      	beq.n	1000068a <button_update+0xba>
10000638:	6088      	str	r0, [r1, #8]
1000063a:	7093      	strb	r3, [r2, #2]
1000063c:	23d0      	movs	r3, #208	@ 0xd0
1000063e:	2508      	movs	r5, #8
10000640:	2601      	movs	r6, #1
10000642:	061b      	lsls	r3, r3, #24
10000644:	685b      	ldr	r3, [r3, #4]
10000646:	78d4      	ldrb	r4, [r2, #3]
10000648:	401d      	ands	r5, r3
1000064a:	072b      	lsls	r3, r5, #28
1000064c:	0fdb      	lsrs	r3, r3, #31
1000064e:	4073      	eors	r3, r6
10000650:	b2db      	uxtb	r3, r3
10000652:	429c      	cmp	r4, r3
10000654:	d007      	beq.n	10000666 <button_update+0x96>
10000656:	60c8      	str	r0, [r1, #12]
10000658:	70d3      	strb	r3, [r2, #3]
1000065a:	bdf8      	pop	{r3, r4, r5, r6, r7, pc}
1000065c:	21fa      	movs	r1, #250	@ 0xfa
1000065e:	0089      	lsls	r1, r1, #2
10000660:	f001 fbce 	bl	10001e00 <__wrap___aeabi_uidiv>
10000664:	e7be      	b.n	100005e4 <button_update+0x14>
10000666:	68ca      	ldr	r2, [r1, #12]
10000668:	1a80      	subs	r0, r0, r2
1000066a:	2832      	cmp	r0, #50	@ 0x32
1000066c:	d9f5      	bls.n	1000065a <button_update+0x8a>
1000066e:	4c25      	ldr	r4, [pc, #148]	@ (10000704 <button_update+0x134>)
10000670:	2100      	movs	r1, #0
10000672:	78e2      	ldrb	r2, [r4, #3]
10000674:	2d00      	cmp	r5, #0
10000676:	d102      	bne.n	1000067e <button_update+0xae>
10000678:	4072      	eors	r2, r6
1000067a:	b2d1      	uxtb	r1, r2
1000067c:	2200      	movs	r2, #0
1000067e:	4822      	ldr	r0, [pc, #136]	@ (10000708 <button_update+0x138>)
10000680:	70e3      	strb	r3, [r4, #3]
10000682:	70c1      	strb	r1, [r0, #3]
10000684:	4921      	ldr	r1, [pc, #132]	@ (1000070c <button_update+0x13c>)
10000686:	70ca      	strb	r2, [r1, #3]
10000688:	e7e7      	b.n	1000065a <button_update+0x8a>
1000068a:	688c      	ldr	r4, [r1, #8]
1000068c:	1b04      	subs	r4, r0, r4
1000068e:	2c32      	cmp	r4, #50	@ 0x32
10000690:	d9d4      	bls.n	1000063c <button_update+0x6c>
10000692:	4c1c      	ldr	r4, [pc, #112]	@ (10000704 <button_update+0x134>)
10000694:	78a7      	ldrb	r7, [r4, #2]
10000696:	2e00      	cmp	r6, #0
10000698:	d02c      	beq.n	100006f4 <button_update+0x124>
1000069a:	2500      	movs	r5, #0
1000069c:	4e1a      	ldr	r6, [pc, #104]	@ (10000708 <button_update+0x138>)
1000069e:	70a3      	strb	r3, [r4, #2]
100006a0:	70b5      	strb	r5, [r6, #2]
100006a2:	4d1a      	ldr	r5, [pc, #104]	@ (1000070c <button_update+0x13c>)
100006a4:	70af      	strb	r7, [r5, #2]
100006a6:	e7c9      	b.n	1000063c <button_update+0x6c>
100006a8:	684c      	ldr	r4, [r1, #4]
100006aa:	1b04      	subs	r4, r0, r4
100006ac:	2c32      	cmp	r4, #50	@ 0x32
100006ae:	d9b6      	bls.n	1000061e <button_update+0x4e>
100006b0:	4c14      	ldr	r4, [pc, #80]	@ (10000704 <button_update+0x134>)
100006b2:	7867      	ldrb	r7, [r4, #1]
100006b4:	2e00      	cmp	r6, #0
100006b6:	d019      	beq.n	100006ec <button_update+0x11c>
100006b8:	2500      	movs	r5, #0
100006ba:	4e13      	ldr	r6, [pc, #76]	@ (10000708 <button_update+0x138>)
100006bc:	7063      	strb	r3, [r4, #1]
100006be:	7075      	strb	r5, [r6, #1]
100006c0:	4d12      	ldr	r5, [pc, #72]	@ (1000070c <button_update+0x13c>)
100006c2:	706f      	strb	r7, [r5, #1]
100006c4:	e7ab      	b.n	1000061e <button_update+0x4e>
100006c6:	490e      	ldr	r1, [pc, #56]	@ (10000700 <button_update+0x130>)
100006c8:	680c      	ldr	r4, [r1, #0]
100006ca:	1b04      	subs	r4, r0, r4
100006cc:	2c32      	cmp	r4, #50	@ 0x32
100006ce:	d997      	bls.n	10000600 <button_update+0x30>
100006d0:	4c0c      	ldr	r4, [pc, #48]	@ (10000704 <button_update+0x134>)
100006d2:	7825      	ldrb	r5, [r4, #0]
100006d4:	2e00      	cmp	r6, #0
100006d6:	d003      	beq.n	100006e0 <button_update+0x110>
100006d8:	2601      	movs	r6, #1
100006da:	406e      	eors	r6, r5
100006dc:	2500      	movs	r5, #0
100006de:	b2f6      	uxtb	r6, r6
100006e0:	4f09      	ldr	r7, [pc, #36]	@ (10000708 <button_update+0x138>)
100006e2:	7023      	strb	r3, [r4, #0]
100006e4:	703e      	strb	r6, [r7, #0]
100006e6:	4e09      	ldr	r6, [pc, #36]	@ (1000070c <button_update+0x13c>)
100006e8:	7035      	strb	r5, [r6, #0]
100006ea:	e789      	b.n	10000600 <button_update+0x30>
100006ec:	407d      	eors	r5, r7
100006ee:	b2ed      	uxtb	r5, r5
100006f0:	2700      	movs	r7, #0
100006f2:	e7e2      	b.n	100006ba <button_update+0xea>
100006f4:	407d      	eors	r5, r7
100006f6:	b2ed      	uxtb	r5, r5
100006f8:	2700      	movs	r7, #0
100006fa:	e7cf      	b.n	1000069c <button_update+0xcc>
100006fc:	20000ca8 	.word	0x20000ca8
10000700:	20000c98 	.word	0x20000c98
10000704:	20000cac 	.word	0x20000cac
10000708:	20000c90 	.word	0x20000c90
1000070c:	20000c94 	.word	0x20000c94

10000710 <button_pressed>:
10000710:	0003      	movs	r3, r0
10000712:	2803      	cmp	r0, #3
10000714:	d804      	bhi.n	10000720 <button_pressed+0x10>
10000716:	2100      	movs	r1, #0
10000718:	4a02      	ldr	r2, [pc, #8]	@ (10000724 <button_pressed+0x14>)
1000071a:	5c10      	ldrb	r0, [r2, r0]
1000071c:	54d1      	strb	r1, [r2, r3]
1000071e:	4770      	bx	lr
10000720:	2000      	movs	r0, #0
10000722:	e7fc      	b.n	1000071e <button_pressed+0xe>
10000724:	20000c90 	.word	0x20000c90

10000728 <ssd1306_init>:
10000728:	b5f0      	push	{r4, r5, r6, r7, lr}
1000072a:	46d6      	mov	lr, sl
1000072c:	464f      	mov	r7, r9
1000072e:	4646      	mov	r6, r8
10000730:	b5c0      	push	{r6, r7, lr}
10000732:	0017      	movs	r7, r2
10000734:	0006      	movs	r6, r0
10000736:	b08a      	sub	sp, #40	@ 0x28
10000738:	aa12      	add	r2, sp, #72	@ 0x48
1000073a:	7815      	ldrb	r5, [r2, #0]
1000073c:	021a      	lsls	r2, r3, #8
1000073e:	6001      	str	r1, [r0, #0]
10000740:	042c      	lsls	r4, r5, #16
10000742:	08e8      	lsrs	r0, r5, #3
10000744:	433a      	orrs	r2, r7
10000746:	4322      	orrs	r2, r4
10000748:	4688      	mov	r8, r1
1000074a:	0601      	lsls	r1, r0, #24
1000074c:	430a      	orrs	r2, r1
1000074e:	4358      	muls	r0, r3
10000750:	2101      	movs	r1, #1
10000752:	6072      	str	r2, [r6, #4]
10000754:	f002 fa70 	bl	10002c38 <__wrap_calloc>
10000758:	4b1d      	ldr	r3, [pc, #116]	@ (100007d0 <ssd1306_init+0xa8>)
1000075a:	ac03      	add	r4, sp, #12
1000075c:	9303      	str	r3, [sp, #12]
1000075e:	1e6b      	subs	r3, r5, #1
10000760:	7123      	strb	r3, [r4, #4]
10000762:	23d3      	movs	r3, #211	@ 0xd3
10000764:	7163      	strb	r3, [r4, #5]
10000766:	2380      	movs	r3, #128	@ 0x80
10000768:	01db      	lsls	r3, r3, #7
1000076a:	80e3      	strh	r3, [r4, #6]
1000076c:	4b19      	ldr	r3, [pc, #100]	@ (100007d4 <ssd1306_init+0xac>)
1000076e:	3d20      	subs	r5, #32
10000770:	9305      	str	r3, [sp, #20]
10000772:	4b19      	ldr	r3, [pc, #100]	@ (100007d8 <ssd1306_init+0xb0>)
10000774:	60b0      	str	r0, [r6, #8]
10000776:	81a3      	strh	r3, [r4, #12]
10000778:	23da      	movs	r3, #218	@ 0xda
1000077a:	73a3      	strb	r3, [r4, #14]
1000077c:	1e6b      	subs	r3, r5, #1
1000077e:	419d      	sbcs	r5, r3
10000780:	4b16      	ldr	r3, [pc, #88]	@ (100007dc <ssd1306_init+0xb4>)
10000782:	012d      	lsls	r5, r5, #4
10000784:	9307      	str	r3, [sp, #28]
10000786:	4b16      	ldr	r3, [pc, #88]	@ (100007e0 <ssd1306_init+0xb8>)
10000788:	3502      	adds	r5, #2
1000078a:	9308      	str	r3, [sp, #32]
1000078c:	23af      	movs	r3, #175	@ 0xaf
1000078e:	7623      	strb	r3, [r4, #24]
10000790:	3b8a      	subs	r3, #138	@ 0x8a
10000792:	446b      	add	r3, sp
10000794:	469a      	mov	sl, r3
10000796:	2300      	movs	r3, #0
10000798:	73e5      	strb	r5, [r4, #15]
1000079a:	4699      	mov	r9, r3
1000079c:	ad02      	add	r5, sp, #8
1000079e:	e002      	b.n	100007a6 <ssd1306_init+0x7e>
100007a0:	6833      	ldr	r3, [r6, #0]
100007a2:	7937      	ldrb	r7, [r6, #4]
100007a4:	4698      	mov	r8, r3
100007a6:	464a      	mov	r2, r9
100007a8:	7823      	ldrb	r3, [r4, #0]
100007aa:	702a      	strb	r2, [r5, #0]
100007ac:	706b      	strb	r3, [r5, #1]
100007ae:	0039      	movs	r1, r7
100007b0:	9200      	str	r2, [sp, #0]
100007b2:	2302      	movs	r3, #2
100007b4:	002a      	movs	r2, r5
100007b6:	4640      	mov	r0, r8
100007b8:	3401      	adds	r4, #1
100007ba:	f004 fa8d 	bl	10004cd8 <i2c_write_blocking>
100007be:	45a2      	cmp	sl, r4
100007c0:	d1ee      	bne.n	100007a0 <ssd1306_init+0x78>
100007c2:	b00a      	add	sp, #40	@ 0x28
100007c4:	bce0      	pop	{r5, r6, r7}
100007c6:	46ba      	mov	sl, r7
100007c8:	46b1      	mov	r9, r6
100007ca:	46a8      	mov	r8, r5
100007cc:	bdf0      	pop	{r4, r5, r6, r7, pc}
100007ce:	46c0      	nop			@ (mov r8, r8)
100007d0:	a880d5ae 	.word	0xa880d5ae
100007d4:	0020148d 	.word	0x0020148d
100007d8:	ffffc8a1 	.word	0xffffc8a1
100007dc:	f1d98f81 	.word	0xf1d98f81
100007e0:	a6a440db 	.word	0xa6a440db

100007e4 <ssd1306_clear>:
100007e4:	0003      	movs	r3, r0
100007e6:	6880      	ldr	r0, [r0, #8]
100007e8:	b510      	push	{r4, lr}
100007ea:	2800      	cmp	r0, #0
100007ec:	d005      	beq.n	100007fa <ssd1306_clear+0x16>
100007ee:	7959      	ldrb	r1, [r3, #5]
100007f0:	79da      	ldrb	r2, [r3, #7]
100007f2:	434a      	muls	r2, r1
100007f4:	2100      	movs	r1, #0
100007f6:	f002 fa3b 	bl	10002c70 <__wrap_memset>
100007fa:	bd10      	pop	{r4, pc}

100007fc <ssd1306_show>:
100007fc:	b5f0      	push	{r4, r5, r6, r7, lr}
100007fe:	46ce      	mov	lr, r9
10000800:	4647      	mov	r7, r8
10000802:	b580      	push	{r7, lr}
10000804:	6883      	ldr	r3, [r0, #8]
10000806:	0005      	movs	r5, r0
10000808:	b089      	sub	sp, #36	@ 0x24
1000080a:	2b00      	cmp	r3, #0
1000080c:	d062      	beq.n	100008d4 <ssd1306_show+0xd8>
1000080e:	2384      	movs	r3, #132	@ 0x84
10000810:	2400      	movs	r4, #0
10000812:	2600      	movs	r6, #0
10000814:	af03      	add	r7, sp, #12
10000816:	019b      	lsls	r3, r3, #6
10000818:	803b      	strh	r3, [r7, #0]
1000081a:	7901      	ldrb	r1, [r0, #4]
1000081c:	2302      	movs	r3, #2
1000081e:	003a      	movs	r2, r7
10000820:	6800      	ldr	r0, [r0, #0]
10000822:	9400      	str	r4, [sp, #0]
10000824:	f004 fa58 	bl	10004cd8 <i2c_write_blocking>
10000828:	803c      	strh	r4, [r7, #0]
1000082a:	7929      	ldrb	r1, [r5, #4]
1000082c:	2302      	movs	r3, #2
1000082e:	003a      	movs	r2, r7
10000830:	6828      	ldr	r0, [r5, #0]
10000832:	9400      	str	r4, [sp, #0]
10000834:	f004 fa50 	bl	10004cd8 <i2c_write_blocking>
10000838:	796b      	ldrb	r3, [r5, #5]
1000083a:	703e      	strb	r6, [r7, #0]
1000083c:	3b01      	subs	r3, #1
1000083e:	707b      	strb	r3, [r7, #1]
10000840:	7929      	ldrb	r1, [r5, #4]
10000842:	2302      	movs	r3, #2
10000844:	003a      	movs	r2, r7
10000846:	6828      	ldr	r0, [r5, #0]
10000848:	9400      	str	r4, [sp, #0]
1000084a:	f004 fa45 	bl	10004cd8 <i2c_write_blocking>
1000084e:	2388      	movs	r3, #136	@ 0x88
10000850:	019b      	lsls	r3, r3, #6
10000852:	803b      	strh	r3, [r7, #0]
10000854:	7929      	ldrb	r1, [r5, #4]
10000856:	2302      	movs	r3, #2
10000858:	003a      	movs	r2, r7
1000085a:	6828      	ldr	r0, [r5, #0]
1000085c:	9400      	str	r4, [sp, #0]
1000085e:	f004 fa3b 	bl	10004cd8 <i2c_write_blocking>
10000862:	803c      	strh	r4, [r7, #0]
10000864:	7929      	ldrb	r1, [r5, #4]
10000866:	2302      	movs	r3, #2
10000868:	003a      	movs	r2, r7
1000086a:	6828      	ldr	r0, [r5, #0]
1000086c:	9400      	str	r4, [sp, #0]
1000086e:	f004 fa33 	bl	10004cd8 <i2c_write_blocking>
10000872:	79eb      	ldrb	r3, [r5, #7]
10000874:	703e      	strb	r6, [r7, #0]
10000876:	3b01      	subs	r3, #1
10000878:	707b      	strb	r3, [r7, #1]
1000087a:	7929      	ldrb	r1, [r5, #4]
1000087c:	2302      	movs	r3, #2
1000087e:	6828      	ldr	r0, [r5, #0]
10000880:	003a      	movs	r2, r7
10000882:	9400      	str	r4, [sp, #0]
10000884:	f004 fa28 	bl	10004cd8 <i2c_write_blocking>
10000888:	796b      	ldrb	r3, [r5, #5]
1000088a:	79ec      	ldrb	r4, [r5, #7]
1000088c:	435c      	muls	r4, r3
1000088e:	2c00      	cmp	r4, #0
10000890:	d020      	beq.n	100008d4 <ssd1306_show+0xd8>
10000892:	2340      	movs	r3, #64	@ 0x40
10000894:	4699      	mov	r9, r3
10000896:	2300      	movs	r3, #0
10000898:	2600      	movs	r6, #0
1000089a:	4698      	mov	r8, r3
1000089c:	464b      	mov	r3, r9
1000089e:	1ba4      	subs	r4, r4, r6
100008a0:	703b      	strb	r3, [r7, #0]
100008a2:	2c10      	cmp	r4, #16
100008a4:	d900      	bls.n	100008a8 <ssd1306_show+0xac>
100008a6:	2410      	movs	r4, #16
100008a8:	230d      	movs	r3, #13
100008aa:	68a9      	ldr	r1, [r5, #8]
100008ac:	446b      	add	r3, sp
100008ae:	0022      	movs	r2, r4
100008b0:	1989      	adds	r1, r1, r6
100008b2:	0018      	movs	r0, r3
100008b4:	f002 f9e2 	bl	10002c7c <__wrap___aeabi_memcpy>
100008b8:	4642      	mov	r2, r8
100008ba:	1c63      	adds	r3, r4, #1
100008bc:	7929      	ldrb	r1, [r5, #4]
100008be:	6828      	ldr	r0, [r5, #0]
100008c0:	9200      	str	r2, [sp, #0]
100008c2:	003a      	movs	r2, r7
100008c4:	f004 fa08 	bl	10004cd8 <i2c_write_blocking>
100008c8:	796b      	ldrb	r3, [r5, #5]
100008ca:	79ec      	ldrb	r4, [r5, #7]
100008cc:	3610      	adds	r6, #16
100008ce:	435c      	muls	r4, r3
100008d0:	42b4      	cmp	r4, r6
100008d2:	d8e3      	bhi.n	1000089c <ssd1306_show+0xa0>
100008d4:	b009      	add	sp, #36	@ 0x24
100008d6:	bcc0      	pop	{r6, r7}
100008d8:	46b9      	mov	r9, r7
100008da:	46b0      	mov	r8, r6
100008dc:	bdf0      	pop	{r4, r5, r6, r7, pc}
100008de:	46c0      	nop			@ (mov r8, r8)

100008e0 <ssd1306_draw_char>:
100008e0:	b5f0      	push	{r4, r5, r6, r7, lr}
100008e2:	4645      	mov	r5, r8
100008e4:	46de      	mov	lr, fp
100008e6:	4657      	mov	r7, sl
100008e8:	464e      	mov	r6, r9
100008ea:	b5e0      	push	{r5, r6, r7, lr}
100008ec:	b08b      	sub	sp, #44	@ 0x2c
100008ee:	0014      	movs	r4, r2
100008f0:	9207      	str	r2, [sp, #28]
100008f2:	aa14      	add	r2, sp, #80	@ 0x50
100008f4:	7812      	ldrb	r2, [r2, #0]
100008f6:	000d      	movs	r5, r1
100008f8:	3a20      	subs	r2, #32
100008fa:	b2d2      	uxtb	r2, r2
100008fc:	2a5f      	cmp	r2, #95	@ 0x5f
100008fe:	d900      	bls.n	10000902 <ssd1306_draw_char+0x22>
10000900:	e094      	b.n	10000a2c <ssd1306_draw_char+0x14c>
10000902:	1859      	adds	r1, r3, r1
10000904:	b2c9      	uxtb	r1, r1
10000906:	4689      	mov	r9, r1
10000908:	0091      	lsls	r1, r2, #2
1000090a:	188a      	adds	r2, r1, r2
1000090c:	494b      	ldr	r1, [pc, #300]	@ (10000a3c <ssd1306_draw_char+0x15c>)
1000090e:	46ac      	mov	ip, r5
10000910:	1851      	adds	r1, r2, r1
10000912:	0022      	movs	r2, r4
10000914:	3a01      	subs	r2, #1
10000916:	189a      	adds	r2, r3, r2
10000918:	b2d2      	uxtb	r2, r2
1000091a:	9209      	str	r2, [sp, #36]	@ 0x24
1000091c:	2201      	movs	r2, #1
1000091e:	4692      	mov	sl, r2
10000920:	3206      	adds	r2, #6
10000922:	4693      	mov	fp, r2
10000924:	9108      	str	r1, [sp, #32]
10000926:	464a      	mov	r2, r9
10000928:	2100      	movs	r1, #0
1000092a:	9503      	str	r5, [sp, #12]
1000092c:	9200      	str	r2, [sp, #0]
1000092e:	9104      	str	r1, [sp, #16]
10000930:	9908      	ldr	r1, [sp, #32]
10000932:	9a04      	ldr	r2, [sp, #16]
10000934:	2700      	movs	r7, #0
10000936:	5c8d      	ldrb	r5, [r1, r2]
10000938:	4462      	add	r2, ip
1000093a:	b2d2      	uxtb	r2, r2
1000093c:	4690      	mov	r8, r2
1000093e:	9c07      	ldr	r4, [sp, #28]
10000940:	4641      	mov	r1, r8
10000942:	0022      	movs	r2, r4
10000944:	003c      	movs	r4, r7
10000946:	9e09      	ldr	r6, [sp, #36]	@ 0x24
10000948:	46e0      	mov	r8, ip
1000094a:	0037      	movs	r7, r6
1000094c:	469c      	mov	ip, r3
1000094e:	002e      	movs	r6, r5
10000950:	9102      	str	r1, [sp, #8]
10000952:	0025      	movs	r5, r4
10000954:	e01f      	b.n	10000996 <ssd1306_draw_char+0xb6>
10000956:	7943      	ldrb	r3, [r0, #5]
10000958:	9902      	ldr	r1, [sp, #8]
1000095a:	4299      	cmp	r1, r3
1000095c:	d214      	bcs.n	10000988 <ssd1306_draw_char+0xa8>
1000095e:	7981      	ldrb	r1, [r0, #6]
10000960:	4291      	cmp	r1, r2
10000962:	d911      	bls.n	10000988 <ssd1306_draw_char+0xa8>
10000964:	6881      	ldr	r1, [r0, #8]
10000966:	2900      	cmp	r1, #0
10000968:	d00e      	beq.n	10000988 <ssd1306_draw_char+0xa8>
1000096a:	08d4      	lsrs	r4, r2, #3
1000096c:	4363      	muls	r3, r4
1000096e:	9c02      	ldr	r4, [sp, #8]
10000970:	46a1      	mov	r9, r4
10000972:	465c      	mov	r4, fp
10000974:	4499      	add	r9, r3
10000976:	4663      	mov	r3, ip
10000978:	4014      	ands	r4, r2
1000097a:	40a3      	lsls	r3, r4
1000097c:	001c      	movs	r4, r3
1000097e:	464b      	mov	r3, r9
10000980:	5ccb      	ldrb	r3, [r1, r3]
10000982:	431c      	orrs	r4, r3
10000984:	464b      	mov	r3, r9
10000986:	54cc      	strb	r4, [r1, r3]
10000988:	3201      	adds	r2, #1
1000098a:	4467      	add	r7, ip
1000098c:	3501      	adds	r5, #1
1000098e:	b2d2      	uxtb	r2, r2
10000990:	b2ff      	uxtb	r7, r7
10000992:	2d08      	cmp	r5, #8
10000994:	d03b      	beq.n	10000a0e <ssd1306_draw_char+0x12e>
10000996:	0033      	movs	r3, r6
10000998:	4651      	mov	r1, sl
1000099a:	412b      	asrs	r3, r5
1000099c:	4219      	tst	r1, r3
1000099e:	d0f3      	beq.n	10000988 <ssd1306_draw_char+0xa8>
100009a0:	4663      	mov	r3, ip
100009a2:	2b01      	cmp	r3, #1
100009a4:	d0d7      	beq.n	10000956 <ssd1306_draw_char+0x76>
100009a6:	2b00      	cmp	r3, #0
100009a8:	d0ee      	beq.n	10000988 <ssd1306_draw_char+0xa8>
100009aa:	1afb      	subs	r3, r7, r3
100009ac:	3301      	adds	r3, #1
100009ae:	b2db      	uxtb	r3, r3
100009b0:	9c03      	ldr	r4, [sp, #12]
100009b2:	9301      	str	r3, [sp, #4]
100009b4:	9605      	str	r6, [sp, #20]
100009b6:	9206      	str	r2, [sp, #24]
100009b8:	7943      	ldrb	r3, [r0, #5]
100009ba:	46a9      	mov	r9, r5
100009bc:	9901      	ldr	r1, [sp, #4]
100009be:	42a3      	cmp	r3, r4
100009c0:	d916      	bls.n	100009f0 <ssd1306_draw_char+0x110>
100009c2:	7982      	ldrb	r2, [r0, #6]
100009c4:	428a      	cmp	r2, r1
100009c6:	d90c      	bls.n	100009e2 <ssd1306_draw_char+0x102>
100009c8:	6882      	ldr	r2, [r0, #8]
100009ca:	2a00      	cmp	r2, #0
100009cc:	d009      	beq.n	100009e2 <ssd1306_draw_char+0x102>
100009ce:	08cd      	lsrs	r5, r1, #3
100009d0:	436b      	muls	r3, r5
100009d2:	465d      	mov	r5, fp
100009d4:	4656      	mov	r6, sl
100009d6:	400d      	ands	r5, r1
100009d8:	40ae      	lsls	r6, r5
100009da:	191b      	adds	r3, r3, r4
100009dc:	5cd5      	ldrb	r5, [r2, r3]
100009de:	432e      	orrs	r6, r5
100009e0:	54d6      	strb	r6, [r2, r3]
100009e2:	428f      	cmp	r7, r1
100009e4:	d004      	beq.n	100009f0 <ssd1306_draw_char+0x110>
100009e6:	7943      	ldrb	r3, [r0, #5]
100009e8:	3101      	adds	r1, #1
100009ea:	b2c9      	uxtb	r1, r1
100009ec:	42a3      	cmp	r3, r4
100009ee:	d8e8      	bhi.n	100009c2 <ssd1306_draw_char+0xe2>
100009f0:	3401      	adds	r4, #1
100009f2:	9b00      	ldr	r3, [sp, #0]
100009f4:	b2e4      	uxtb	r4, r4
100009f6:	464d      	mov	r5, r9
100009f8:	42a3      	cmp	r3, r4
100009fa:	d1dd      	bne.n	100009b8 <ssd1306_draw_char+0xd8>
100009fc:	9a06      	ldr	r2, [sp, #24]
100009fe:	4467      	add	r7, ip
10000a00:	3201      	adds	r2, #1
10000a02:	3501      	adds	r5, #1
10000a04:	9e05      	ldr	r6, [sp, #20]
10000a06:	b2d2      	uxtb	r2, r2
10000a08:	b2ff      	uxtb	r7, r7
10000a0a:	2d08      	cmp	r5, #8
10000a0c:	d1c3      	bne.n	10000996 <ssd1306_draw_char+0xb6>
10000a0e:	4663      	mov	r3, ip
10000a10:	9900      	ldr	r1, [sp, #0]
10000a12:	9a04      	ldr	r2, [sp, #16]
10000a14:	1859      	adds	r1, r3, r1
10000a16:	b2c9      	uxtb	r1, r1
10000a18:	9100      	str	r1, [sp, #0]
10000a1a:	9903      	ldr	r1, [sp, #12]
10000a1c:	3201      	adds	r2, #1
10000a1e:	1859      	adds	r1, r3, r1
10000a20:	b2c9      	uxtb	r1, r1
10000a22:	46c4      	mov	ip, r8
10000a24:	9204      	str	r2, [sp, #16]
10000a26:	9103      	str	r1, [sp, #12]
10000a28:	2a05      	cmp	r2, #5
10000a2a:	d181      	bne.n	10000930 <ssd1306_draw_char+0x50>
10000a2c:	b00b      	add	sp, #44	@ 0x2c
10000a2e:	bcf0      	pop	{r4, r5, r6, r7}
10000a30:	46bb      	mov	fp, r7
10000a32:	46b2      	mov	sl, r6
10000a34:	46a9      	mov	r9, r5
10000a36:	46a0      	mov	r8, r4
10000a38:	bdf0      	pop	{r4, r5, r6, r7, pc}
10000a3a:	46c0      	nop			@ (mov r8, r8)
10000a3c:	1000587c 	.word	0x1000587c

10000a40 <ssd1306_draw_string>:
10000a40:	b5f0      	push	{r4, r5, r6, r7, lr}
10000a42:	46de      	mov	lr, fp
10000a44:	4657      	mov	r7, sl
10000a46:	464e      	mov	r6, r9
10000a48:	4645      	mov	r5, r8
10000a4a:	b5e0      	push	{r5, r6, r7, lr}
10000a4c:	b085      	sub	sp, #20
10000a4e:	9e0e      	ldr	r6, [sp, #56]	@ 0x38
10000a50:	0015      	movs	r5, r2
10000a52:	7832      	ldrb	r2, [r6, #0]
10000a54:	0007      	movs	r7, r0
10000a56:	000c      	movs	r4, r1
10000a58:	469b      	mov	fp, r3
10000a5a:	2a00      	cmp	r2, #0
10000a5c:	d029      	beq.n	10000ab2 <ssd1306_draw_string+0x72>
10000a5e:	0059      	lsls	r1, r3, #1
10000a60:	4459      	add	r1, fp
10000a62:	0049      	lsls	r1, r1, #1
10000a64:	b2cb      	uxtb	r3, r1
10000a66:	4698      	mov	r8, r3
10000a68:	465b      	mov	r3, fp
10000a6a:	0099      	lsls	r1, r3, #2
10000a6c:	1a59      	subs	r1, r3, r1
10000a6e:	004b      	lsls	r3, r1, #1
10000a70:	4699      	mov	r9, r3
10000a72:	465b      	mov	r3, fp
10000a74:	00db      	lsls	r3, r3, #3
10000a76:	469a      	mov	sl, r3
10000a78:	b2db      	uxtb	r3, r3
10000a7a:	9303      	str	r3, [sp, #12]
10000a7c:	465b      	mov	r3, fp
10000a7e:	0021      	movs	r1, r4
10000a80:	9200      	str	r2, [sp, #0]
10000a82:	0038      	movs	r0, r7
10000a84:	002a      	movs	r2, r5
10000a86:	f7ff ff2b 	bl	100008e0 <ssd1306_draw_char>
10000a8a:	797b      	ldrb	r3, [r7, #5]
10000a8c:	4444      	add	r4, r8
10000a8e:	b2e4      	uxtb	r4, r4
10000a90:	444b      	add	r3, r9
10000a92:	3601      	adds	r6, #1
10000a94:	429c      	cmp	r4, r3
10000a96:	dd09      	ble.n	10000aac <ssd1306_draw_string+0x6c>
10000a98:	9b03      	ldr	r3, [sp, #12]
10000a9a:	4652      	mov	r2, sl
10000a9c:	469c      	mov	ip, r3
10000a9e:	79bb      	ldrb	r3, [r7, #6]
10000aa0:	4465      	add	r5, ip
10000aa2:	b2ed      	uxtb	r5, r5
10000aa4:	1a9b      	subs	r3, r3, r2
10000aa6:	429d      	cmp	r5, r3
10000aa8:	dc03      	bgt.n	10000ab2 <ssd1306_draw_string+0x72>
10000aaa:	2400      	movs	r4, #0
10000aac:	7832      	ldrb	r2, [r6, #0]
10000aae:	2a00      	cmp	r2, #0
10000ab0:	d1e4      	bne.n	10000a7c <ssd1306_draw_string+0x3c>
10000ab2:	b005      	add	sp, #20
10000ab4:	bcf0      	pop	{r4, r5, r6, r7}
10000ab6:	46bb      	mov	fp, r7
10000ab8:	46b2      	mov	sl, r6
10000aba:	46a9      	mov	r9, r5
10000abc:	46a0      	mov	r8, r4
10000abe:	bdf0      	pop	{r4, r5, r6, r7, pc}

10000ac0 <gpio_set_function>:
10000ac0:	4a09      	ldr	r2, [pc, #36]	@ (10000ae8 <gpio_set_function+0x28>)
10000ac2:	0083      	lsls	r3, r0, #2
10000ac4:	189a      	adds	r2, r3, r2
10000ac6:	b510      	push	{r4, lr}
10000ac8:	6814      	ldr	r4, [r2, #0]
10000aca:	2240      	movs	r2, #64	@ 0x40
10000acc:	4054      	eors	r4, r2
10000ace:	3280      	adds	r2, #128	@ 0x80
10000ad0:	4022      	ands	r2, r4
10000ad2:	4c06      	ldr	r4, [pc, #24]	@ (10000aec <gpio_set_function+0x2c>)
10000ad4:	00c0      	lsls	r0, r0, #3
10000ad6:	46a4      	mov	ip, r4
10000ad8:	4463      	add	r3, ip
10000ada:	601a      	str	r2, [r3, #0]
10000adc:	4b04      	ldr	r3, [pc, #16]	@ (10000af0 <gpio_set_function+0x30>)
10000ade:	469c      	mov	ip, r3
10000ae0:	4460      	add	r0, ip
10000ae2:	6041      	str	r1, [r0, #4]
10000ae4:	bd10      	pop	{r4, pc}
10000ae6:	46c0      	nop			@ (mov r8, r8)
10000ae8:	4001c004 	.word	0x4001c004
10000aec:	4001d004 	.word	0x4001d004
10000af0:	40014000 	.word	0x40014000

10000af4 <gpio_set_pulls>:
10000af4:	4b07      	ldr	r3, [pc, #28]	@ (10000b14 <gpio_set_pulls+0x20>)
10000af6:	0080      	lsls	r0, r0, #2
10000af8:	18c3      	adds	r3, r0, r3
10000afa:	681b      	ldr	r3, [r3, #0]
10000afc:	00c9      	lsls	r1, r1, #3
10000afe:	0092      	lsls	r2, r2, #2
10000b00:	430a      	orrs	r2, r1
10000b02:	405a      	eors	r2, r3
10000b04:	230c      	movs	r3, #12
10000b06:	4013      	ands	r3, r2
10000b08:	4a03      	ldr	r2, [pc, #12]	@ (10000b18 <gpio_set_pulls+0x24>)
10000b0a:	4694      	mov	ip, r2
10000b0c:	4460      	add	r0, ip
10000b0e:	6003      	str	r3, [r0, #0]
10000b10:	4770      	bx	lr
10000b12:	46c0      	nop			@ (mov r8, r8)
10000b14:	4001c004 	.word	0x4001c004
10000b18:	4001d004 	.word	0x4001d004

10000b1c <gpio_set_input_enabled>:
10000b1c:	0080      	lsls	r0, r0, #2
10000b1e:	2900      	cmp	r1, #0
10000b20:	d005      	beq.n	10000b2e <gpio_set_input_enabled+0x12>
10000b22:	4b06      	ldr	r3, [pc, #24]	@ (10000b3c <gpio_set_input_enabled+0x20>)
10000b24:	469c      	mov	ip, r3
10000b26:	2340      	movs	r3, #64	@ 0x40
10000b28:	4460      	add	r0, ip
10000b2a:	6003      	str	r3, [r0, #0]
10000b2c:	4770      	bx	lr
10000b2e:	4b04      	ldr	r3, [pc, #16]	@ (10000b40 <gpio_set_input_enabled+0x24>)
10000b30:	469c      	mov	ip, r3
10000b32:	2340      	movs	r3, #64	@ 0x40
10000b34:	4460      	add	r0, ip
10000b36:	6003      	str	r3, [r0, #0]
10000b38:	e7f8      	b.n	10000b2c <gpio_set_input_enabled+0x10>
10000b3a:	46c0      	nop			@ (mov r8, r8)
10000b3c:	4001e004 	.word	0x4001e004
10000b40:	4001f004 	.word	0x4001f004

10000b44 <gpio_init>:
10000b44:	2301      	movs	r3, #1
10000b46:	22d0      	movs	r2, #208	@ 0xd0
10000b48:	4083      	lsls	r3, r0
10000b4a:	0612      	lsls	r2, r2, #24
10000b4c:	6293      	str	r3, [r2, #40]	@ 0x28
10000b4e:	6193      	str	r3, [r2, #24]
10000b50:	4a09      	ldr	r2, [pc, #36]	@ (10000b78 <gpio_init+0x34>)
10000b52:	0083      	lsls	r3, r0, #2
10000b54:	189a      	adds	r2, r3, r2
10000b56:	6811      	ldr	r1, [r2, #0]
10000b58:	2240      	movs	r2, #64	@ 0x40
10000b5a:	4051      	eors	r1, r2
10000b5c:	3280      	adds	r2, #128	@ 0x80
10000b5e:	400a      	ands	r2, r1
10000b60:	4906      	ldr	r1, [pc, #24]	@ (10000b7c <gpio_init+0x38>)
10000b62:	00c0      	lsls	r0, r0, #3
10000b64:	468c      	mov	ip, r1
10000b66:	4463      	add	r3, ip
10000b68:	601a      	str	r2, [r3, #0]
10000b6a:	4b05      	ldr	r3, [pc, #20]	@ (10000b80 <gpio_init+0x3c>)
10000b6c:	469c      	mov	ip, r3
10000b6e:	2305      	movs	r3, #5
10000b70:	4460      	add	r0, ip
10000b72:	6043      	str	r3, [r0, #4]
10000b74:	4770      	bx	lr
10000b76:	46c0      	nop			@ (mov r8, r8)
10000b78:	4001c004 	.word	0x4001c004
10000b7c:	4001d004 	.word	0x4001d004
10000b80:	40014000 	.word	0x40014000

10000b84 <panic>:
10000b84:	b40f      	push	{r0, r1, r2, r3}
10000b86:	b500      	push	{lr}
10000b88:	4808      	ldr	r0, [pc, #32]	@ (10000bac <panic+0x28>)
10000b8a:	b083      	sub	sp, #12
10000b8c:	f003 fe70 	bl	10004870 <__wrap_puts>
10000b90:	9b04      	ldr	r3, [sp, #16]
10000b92:	2b00      	cmp	r3, #0
10000b94:	d007      	beq.n	10000ba6 <panic+0x22>
10000b96:	a905      	add	r1, sp, #20
10000b98:	0018      	movs	r0, r3
10000b9a:	9101      	str	r1, [sp, #4]
10000b9c:	f003 fcd4 	bl	10004548 <weak_raw_vprintf>
10000ba0:	4803      	ldr	r0, [pc, #12]	@ (10000bb0 <panic+0x2c>)
10000ba2:	f003 fe65 	bl	10004870 <__wrap_puts>
10000ba6:	2001      	movs	r0, #1
10000ba8:	f003 fce6 	bl	10004578 <_exit>
10000bac:	100057a0 	.word	0x100057a0
10000bb0:	100057b0 	.word	0x100057b0

10000bb4 <hw_claim_or_assert>:
10000bb4:	b570      	push	{r4, r5, r6, lr}
10000bb6:	f3ef 8c10 	mrs	ip, PRIMASK
10000bba:	b672      	cpsid	i
10000bbc:	4d0d      	ldr	r5, [pc, #52]	@ (10000bf4 <hw_claim_or_assert+0x40>)
10000bbe:	682b      	ldr	r3, [r5, #0]
10000bc0:	2b00      	cmp	r3, #0
10000bc2:	d0fc      	beq.n	10000bbe <hw_claim_or_assert+0xa>
10000bc4:	f3bf 8f5f 	dmb	sy
10000bc8:	2407      	movs	r4, #7
10000bca:	08cb      	lsrs	r3, r1, #3
10000bcc:	18c6      	adds	r6, r0, r3
10000bce:	5cc0      	ldrb	r0, [r0, r3]
10000bd0:	2301      	movs	r3, #1
10000bd2:	400c      	ands	r4, r1
10000bd4:	40a3      	lsls	r3, r4
10000bd6:	001c      	movs	r4, r3
10000bd8:	4004      	ands	r4, r0
10000bda:	4203      	tst	r3, r0
10000bdc:	d107      	bne.n	10000bee <hw_claim_or_assert+0x3a>
10000bde:	4318      	orrs	r0, r3
10000be0:	7030      	strb	r0, [r6, #0]
10000be2:	f3bf 8f5f 	dmb	sy
10000be6:	602c      	str	r4, [r5, #0]
10000be8:	f38c 8810 	msr	PRIMASK, ip
10000bec:	bd70      	pop	{r4, r5, r6, pc}
10000bee:	0010      	movs	r0, r2
10000bf0:	f7ff ffc8 	bl	10000b84 <panic>
10000bf4:	d000012c 	.word	0xd000012c

10000bf8 <next_striped_spin_lock_num>:
10000bf8:	4a04      	ldr	r2, [pc, #16]	@ (10000c0c <next_striped_spin_lock_num+0x14>)
10000bfa:	7810      	ldrb	r0, [r2, #0]
10000bfc:	1c43      	adds	r3, r0, #1
10000bfe:	b2db      	uxtb	r3, r3
10000c00:	2b17      	cmp	r3, #23
10000c02:	d900      	bls.n	10000c06 <next_striped_spin_lock_num+0xe>
10000c04:	2310      	movs	r3, #16
10000c06:	7013      	strb	r3, [r2, #0]
10000c08:	4770      	bx	lr
10000c0a:	46c0      	nop			@ (mov r8, r8)
10000c0c:	2000019a 	.word	0x2000019a

10000c10 <spin_locks_reset>:
10000c10:	2100      	movs	r1, #0
10000c12:	4b04      	ldr	r3, [pc, #16]	@ (10000c24 <spin_locks_reset+0x14>)
10000c14:	4a04      	ldr	r2, [pc, #16]	@ (10000c28 <spin_locks_reset+0x18>)
10000c16:	f3bf 8f5f 	dmb	sy
10000c1a:	c302      	stmia	r3!, {r1}
10000c1c:	4293      	cmp	r3, r2
10000c1e:	d1fa      	bne.n	10000c16 <spin_locks_reset+0x6>
10000c20:	4770      	bx	lr
10000c22:	46c0      	nop			@ (mov r8, r8)
10000c24:	d0000100 	.word	0xd0000100
10000c28:	d0000180 	.word	0xd0000180

10000c2c <runtime_init_per_core_irq_priorities>:
10000c2c:	4b05      	ldr	r3, [pc, #20]	@ (10000c44 <runtime_init_per_core_irq_priorities+0x18>)
10000c2e:	4a06      	ldr	r2, [pc, #24]	@ (10000c48 <runtime_init_per_core_irq_priorities+0x1c>)
10000c30:	6013      	str	r3, [r2, #0]
10000c32:	4a06      	ldr	r2, [pc, #24]	@ (10000c4c <runtime_init_per_core_irq_priorities+0x20>)
10000c34:	6013      	str	r3, [r2, #0]
10000c36:	6053      	str	r3, [r2, #4]
10000c38:	6093      	str	r3, [r2, #8]
10000c3a:	60d3      	str	r3, [r2, #12]
10000c3c:	6113      	str	r3, [r2, #16]
10000c3e:	6153      	str	r3, [r2, #20]
10000c40:	6193      	str	r3, [r2, #24]
10000c42:	4770      	bx	lr
10000c44:	80808080 	.word	0x80808080
10000c48:	e000e400 	.word	0xe000e400
10000c4c:	e000e404 	.word	0xe000e404

10000c50 <irq_set_enabled>:
10000c50:	231f      	movs	r3, #31
10000c52:	4018      	ands	r0, r3
10000c54:	3b1e      	subs	r3, #30
10000c56:	4083      	lsls	r3, r0
10000c58:	2900      	cmp	r1, #0
10000c5a:	d005      	beq.n	10000c68 <irq_set_enabled+0x18>
10000c5c:	21c0      	movs	r1, #192	@ 0xc0
10000c5e:	4a04      	ldr	r2, [pc, #16]	@ (10000c70 <irq_set_enabled+0x20>)
10000c60:	0049      	lsls	r1, r1, #1
10000c62:	5053      	str	r3, [r2, r1]
10000c64:	6013      	str	r3, [r2, #0]
10000c66:	4770      	bx	lr
10000c68:	2280      	movs	r2, #128	@ 0x80
10000c6a:	4901      	ldr	r1, [pc, #4]	@ (10000c70 <irq_set_enabled+0x20>)
10000c6c:	508b      	str	r3, [r1, r2]
10000c6e:	e7fa      	b.n	10000c66 <irq_set_enabled+0x16>
10000c70:	e000e100 	.word	0xe000e100

10000c74 <irq_set_exclusive_handler>:
10000c74:	b570      	push	{r4, r5, r6, lr}
10000c76:	000d      	movs	r5, r1
10000c78:	f3ef 8610 	mrs	r6, PRIMASK
10000c7c:	b672      	cpsid	i
10000c7e:	4a0f      	ldr	r2, [pc, #60]	@ (10000cbc <irq_set_exclusive_handler+0x48>)
10000c80:	6813      	ldr	r3, [r2, #0]
10000c82:	2b00      	cmp	r3, #0
10000c84:	d0fc      	beq.n	10000c80 <irq_set_exclusive_handler+0xc>
10000c86:	f3bf 8f5f 	dmb	sy
10000c8a:	4b0d      	ldr	r3, [pc, #52]	@ (10000cc0 <irq_set_exclusive_handler+0x4c>)
10000c8c:	3010      	adds	r0, #16
10000c8e:	689b      	ldr	r3, [r3, #8]
10000c90:	0084      	lsls	r4, r0, #2
10000c92:	591b      	ldr	r3, [r3, r4]
10000c94:	4a0b      	ldr	r2, [pc, #44]	@ (10000cc4 <irq_set_exclusive_handler+0x50>)
10000c96:	4293      	cmp	r3, r2
10000c98:	d003      	beq.n	10000ca2 <irq_set_exclusive_handler+0x2e>
10000c9a:	429d      	cmp	r5, r3
10000c9c:	d001      	beq.n	10000ca2 <irq_set_exclusive_handler+0x2e>
10000c9e:	f000 ffa9 	bl	10001bf4 <hard_assertion_failure>
10000ca2:	4b07      	ldr	r3, [pc, #28]	@ (10000cc0 <irq_set_exclusive_handler+0x4c>)
10000ca4:	689b      	ldr	r3, [r3, #8]
10000ca6:	511d      	str	r5, [r3, r4]
10000ca8:	f3bf 8f5f 	dmb	sy
10000cac:	f3bf 8f5f 	dmb	sy
10000cb0:	2200      	movs	r2, #0
10000cb2:	4b02      	ldr	r3, [pc, #8]	@ (10000cbc <irq_set_exclusive_handler+0x48>)
10000cb4:	601a      	str	r2, [r3, #0]
10000cb6:	f386 8810 	msr	PRIMASK, r6
10000cba:	bd70      	pop	{r4, r5, r6, pc}
10000cbc:	d0000124 	.word	0xd0000124
10000cc0:	e000ed00 	.word	0xe000ed00
10000cc4:	100001cd 	.word	0x100001cd

10000cc8 <irq_remove_handler>:
10000cc8:	b5f0      	push	{r4, r5, r6, r7, lr}
10000cca:	46de      	mov	lr, fp
10000ccc:	4657      	mov	r7, sl
10000cce:	464e      	mov	r6, r9
10000cd0:	4645      	mov	r5, r8
10000cd2:	b5e0      	push	{r5, r6, r7, lr}
10000cd4:	000c      	movs	r4, r1
10000cd6:	b083      	sub	sp, #12
10000cd8:	f3ef 8810 	mrs	r8, PRIMASK
10000cdc:	b672      	cpsid	i
10000cde:	4a63      	ldr	r2, [pc, #396]	@ (10000e6c <irq_remove_handler+0x1a4>)
10000ce0:	6813      	ldr	r3, [r2, #0]
10000ce2:	2b00      	cmp	r3, #0
10000ce4:	d0fc      	beq.n	10000ce0 <irq_remove_handler+0x18>
10000ce6:	f3bf 8f5f 	dmb	sy
10000cea:	4b61      	ldr	r3, [pc, #388]	@ (10000e70 <irq_remove_handler+0x1a8>)
10000cec:	4961      	ldr	r1, [pc, #388]	@ (10000e74 <irq_remove_handler+0x1ac>)
10000cee:	689a      	ldr	r2, [r3, #8]
10000cf0:	0003      	movs	r3, r0
10000cf2:	3310      	adds	r3, #16
10000cf4:	009f      	lsls	r7, r3, #2
10000cf6:	59d5      	ldr	r5, [r2, r7]
10000cf8:	9301      	str	r3, [sp, #4]
10000cfa:	428d      	cmp	r5, r1
10000cfc:	d043      	beq.n	10000d86 <irq_remove_handler+0xbe>
10000cfe:	42a5      	cmp	r5, r4
10000d00:	d054      	beq.n	10000dac <irq_remove_handler+0xe4>
10000d02:	4e5d      	ldr	r6, [pc, #372]	@ (10000e78 <irq_remove_handler+0x1b0>)
10000d04:	1baa      	subs	r2, r5, r6
10000d06:	2a2f      	cmp	r2, #47	@ 0x2f
10000d08:	d83d      	bhi.n	10000d86 <irq_remove_handler+0xbe>
10000d0a:	4b5c      	ldr	r3, [pc, #368]	@ (10000e7c <irq_remove_handler+0x1b4>)
10000d0c:	469b      	mov	fp, r3
10000d0e:	681b      	ldr	r3, [r3, #0]
10000d10:	4699      	mov	r9, r3
10000d12:	2301      	movs	r3, #1
10000d14:	001a      	movs	r2, r3
10000d16:	469c      	mov	ip, r3
10000d18:	4082      	lsls	r2, r0
10000d1a:	464b      	mov	r3, r9
10000d1c:	4013      	ands	r3, r2
10000d1e:	221f      	movs	r2, #31
10000d20:	4699      	mov	r9, r3
10000d22:	4663      	mov	r3, ip
10000d24:	4002      	ands	r2, r0
10000d26:	4093      	lsls	r3, r2
10000d28:	469a      	mov	sl, r3
10000d2a:	2280      	movs	r2, #128	@ 0x80
10000d2c:	465b      	mov	r3, fp
10000d2e:	4650      	mov	r0, sl
10000d30:	5098      	str	r0, [r3, r2]
10000d32:	f3bf 8f5f 	dmb	sy
10000d36:	f3ef 8305 	mrs	r3, IPSR
10000d3a:	469b      	mov	fp, r3
10000d3c:	2b00      	cmp	r3, #0
10000d3e:	d037      	beq.n	10000db0 <irq_remove_handler+0xe8>
10000d40:	9b01      	ldr	r3, [sp, #4]
10000d42:	455b      	cmp	r3, fp
10000d44:	d001      	beq.n	10000d4a <irq_remove_handler+0x82>
10000d46:	f000 ff55 	bl	10001bf4 <hard_assertion_failure>
10000d4a:	2301      	movs	r3, #1
10000d4c:	002a      	movs	r2, r5
10000d4e:	439a      	bics	r2, r3
10000d50:	6890      	ldr	r0, [r2, #8]
10000d52:	4284      	cmp	r4, r0
10000d54:	d108      	bne.n	10000d68 <irq_remove_handler+0xa0>
10000d56:	e076      	b.n	10000e46 <irq_remove_handler+0x17e>
10000d58:	004b      	lsls	r3, r1, #1
10000d5a:	185b      	adds	r3, r3, r1
10000d5c:	009b      	lsls	r3, r3, #2
10000d5e:	18f3      	adds	r3, r6, r3
10000d60:	6898      	ldr	r0, [r3, #8]
10000d62:	4284      	cmp	r4, r0
10000d64:	d036      	beq.n	10000dd4 <irq_remove_handler+0x10c>
10000d66:	001a      	movs	r2, r3
10000d68:	2106      	movs	r1, #6
10000d6a:	5651      	ldrsb	r1, [r2, r1]
10000d6c:	2900      	cmp	r1, #0
10000d6e:	daf3      	bge.n	10000d58 <irq_remove_handler+0x90>
10000d70:	4284      	cmp	r4, r0
10000d72:	d054      	beq.n	10000e1e <irq_remove_handler+0x156>
10000d74:	464b      	mov	r3, r9
10000d76:	2b00      	cmp	r3, #0
10000d78:	d027      	beq.n	10000dca <irq_remove_handler+0x102>
10000d7a:	22c0      	movs	r2, #192	@ 0xc0
10000d7c:	4651      	mov	r1, sl
10000d7e:	4b3f      	ldr	r3, [pc, #252]	@ (10000e7c <irq_remove_handler+0x1b4>)
10000d80:	0052      	lsls	r2, r2, #1
10000d82:	5099      	str	r1, [r3, r2]
10000d84:	6019      	str	r1, [r3, #0]
10000d86:	4b3a      	ldr	r3, [pc, #232]	@ (10000e70 <irq_remove_handler+0x1a8>)
10000d88:	689b      	ldr	r3, [r3, #8]
10000d8a:	51dd      	str	r5, [r3, r7]
10000d8c:	f3bf 8f5f 	dmb	sy
10000d90:	f3bf 8f5f 	dmb	sy
10000d94:	2200      	movs	r2, #0
10000d96:	4b35      	ldr	r3, [pc, #212]	@ (10000e6c <irq_remove_handler+0x1a4>)
10000d98:	601a      	str	r2, [r3, #0]
10000d9a:	f388 8810 	msr	PRIMASK, r8
10000d9e:	b003      	add	sp, #12
10000da0:	bcf0      	pop	{r4, r5, r6, r7}
10000da2:	46bb      	mov	fp, r7
10000da4:	46b2      	mov	sl, r6
10000da6:	46a9      	mov	r9, r5
10000da8:	46a0      	mov	r8, r4
10000daa:	bdf0      	pop	{r4, r5, r6, r7, pc}
10000dac:	000d      	movs	r5, r1
10000dae:	e7ea      	b.n	10000d86 <irq_remove_handler+0xbe>
10000db0:	002a      	movs	r2, r5
10000db2:	4663      	mov	r3, ip
10000db4:	439a      	bics	r2, r3
10000db6:	6890      	ldr	r0, [r2, #8]
10000db8:	4284      	cmp	r4, r0
10000dba:	d1d5      	bne.n	10000d68 <irq_remove_handler+0xa0>
10000dbc:	2006      	movs	r0, #6
10000dbe:	5610      	ldrsb	r0, [r2, r0]
10000dc0:	0013      	movs	r3, r2
10000dc2:	2800      	cmp	r0, #0
10000dc4:	da0a      	bge.n	10000ddc <irq_remove_handler+0x114>
10000dc6:	000d      	movs	r5, r1
10000dc8:	e031      	b.n	10000e2e <irq_remove_handler+0x166>
10000dca:	2380      	movs	r3, #128	@ 0x80
10000dcc:	4651      	mov	r1, sl
10000dce:	4a2b      	ldr	r2, [pc, #172]	@ (10000e7c <irq_remove_handler+0x1b4>)
10000dd0:	50d1      	str	r1, [r2, r3]
10000dd2:	e7d8      	b.n	10000d86 <irq_remove_handler+0xbe>
10000dd4:	2006      	movs	r0, #6
10000dd6:	5618      	ldrsb	r0, [r3, r0]
10000dd8:	2800      	cmp	r0, #0
10000dda:	db21      	blt.n	10000e20 <irq_remove_handler+0x158>
10000ddc:	0042      	lsls	r2, r0, #1
10000dde:	1811      	adds	r1, r2, r0
10000de0:	0089      	lsls	r1, r1, #2
10000de2:	1874      	adds	r4, r6, r1
10000de4:	468b      	mov	fp, r1
10000de6:	68a1      	ldr	r1, [r4, #8]
10000de8:	6099      	str	r1, [r3, #8]
10000dea:	79e1      	ldrb	r1, [r4, #7]
10000dec:	71d9      	strb	r1, [r3, #7]
10000dee:	2106      	movs	r1, #6
10000df0:	5661      	ldrsb	r1, [r4, r1]
10000df2:	7199      	strb	r1, [r3, #6]
10000df4:	2900      	cmp	r1, #0
10000df6:	db24      	blt.n	10000e42 <irq_remove_handler+0x17a>
10000df8:	88a4      	ldrh	r4, [r4, #4]
10000dfa:	1af1      	subs	r1, r6, r3
10000dfc:	0564      	lsls	r4, r4, #21
10000dfe:	1524      	asrs	r4, r4, #20
10000e00:	445c      	add	r4, fp
10000e02:	1909      	adds	r1, r1, r4
10000e04:	0509      	lsls	r1, r1, #20
10000e06:	4c1e      	ldr	r4, [pc, #120]	@ (10000e80 <irq_remove_handler+0x1b8>)
10000e08:	0d49      	lsrs	r1, r1, #21
10000e0a:	4321      	orrs	r1, r4
10000e0c:	8099      	strh	r1, [r3, #4]
10000e0e:	1813      	adds	r3, r2, r0
10000e10:	4a1c      	ldr	r2, [pc, #112]	@ (10000e84 <irq_remove_handler+0x1bc>)
10000e12:	009b      	lsls	r3, r3, #2
10000e14:	7811      	ldrb	r1, [r2, #0]
10000e16:	18f3      	adds	r3, r6, r3
10000e18:	7199      	strb	r1, [r3, #6]
10000e1a:	7010      	strb	r0, [r2, #0]
10000e1c:	e7aa      	b.n	10000d74 <irq_remove_handler+0xac>
10000e1e:	0013      	movs	r3, r2
10000e20:	4659      	mov	r1, fp
10000e22:	2900      	cmp	r1, #0
10000e24:	d114      	bne.n	10000e50 <irq_remove_handler+0x188>
10000e26:	31ff      	adds	r1, #255	@ 0xff
10000e28:	7191      	strb	r1, [r2, #6]
10000e2a:	4917      	ldr	r1, [pc, #92]	@ (10000e88 <irq_remove_handler+0x1c0>)
10000e2c:	8091      	strh	r1, [r2, #4]
10000e2e:	4915      	ldr	r1, [pc, #84]	@ (10000e84 <irq_remove_handler+0x1bc>)
10000e30:	780a      	ldrb	r2, [r1, #0]
10000e32:	719a      	strb	r2, [r3, #6]
10000e34:	4a15      	ldr	r2, [pc, #84]	@ (10000e8c <irq_remove_handler+0x1c4>)
10000e36:	1b9b      	subs	r3, r3, r6
10000e38:	415b      	adcs	r3, r3
10000e3a:	435a      	muls	r2, r3
10000e3c:	0d12      	lsrs	r2, r2, #20
10000e3e:	700a      	strb	r2, [r1, #0]
10000e40:	e798      	b.n	10000d74 <irq_remove_handler+0xac>
10000e42:	4911      	ldr	r1, [pc, #68]	@ (10000e88 <irq_remove_handler+0x1c0>)
10000e44:	e7e2      	b.n	10000e0c <irq_remove_handler+0x144>
10000e46:	2006      	movs	r0, #6
10000e48:	5610      	ldrsb	r0, [r2, r0]
10000e4a:	0013      	movs	r3, r2
10000e4c:	2800      	cmp	r0, #0
10000e4e:	dac5      	bge.n	10000ddc <irq_remove_handler+0x114>
10000e50:	4a0f      	ldr	r2, [pc, #60]	@ (10000e90 <irq_remove_handler+0x1c8>)
10000e52:	4910      	ldr	r1, [pc, #64]	@ (10000e94 <irq_remove_handler+0x1cc>)
10000e54:	1ad2      	subs	r2, r2, r3
10000e56:	3a08      	subs	r2, #8
10000e58:	0250      	lsls	r0, r2, #9
10000e5a:	0d40      	lsrs	r0, r0, #21
10000e5c:	4301      	orrs	r1, r0
10000e5e:	8099      	strh	r1, [r3, #4]
10000e60:	490d      	ldr	r1, [pc, #52]	@ (10000e98 <irq_remove_handler+0x1d0>)
10000e62:	0852      	lsrs	r2, r2, #1
10000e64:	430a      	orrs	r2, r1
10000e66:	80da      	strh	r2, [r3, #6]
10000e68:	e784      	b.n	10000d74 <irq_remove_handler+0xac>
10000e6a:	46c0      	nop			@ (mov r8, r8)
10000e6c:	d0000124 	.word	0xd0000124
10000e70:	e000ed00 	.word	0xe000ed00
10000e74:	100001cd 	.word	0x100001cd
10000e78:	2000019c 	.word	0x2000019c
10000e7c:	e000e100 	.word	0xe000e100
10000e80:	ffffe000 	.word	0xffffe000
10000e84:	20000d44 	.word	0x20000d44
10000e88:	ffffbd01 	.word	0xffffbd01
10000e8c:	0000aaaa 	.word	0x0000aaaa
10000e90:	200001d6 	.word	0x200001d6
10000e94:	fffff000 	.word	0xfffff000
10000e98:	fffff800 	.word	0xfffff800

10000e9c <irq_add_tail_to_free_list>:
10000e9c:	b570      	push	{r4, r5, r6, lr}
10000e9e:	2401      	movs	r4, #1
10000ea0:	4304      	orrs	r4, r0
10000ea2:	f3ef 8105 	mrs	r1, IPSR
10000ea6:	f3ef 8c10 	mrs	ip, PRIMASK
10000eaa:	b672      	cpsid	i
10000eac:	4a21      	ldr	r2, [pc, #132]	@ (10000f34 <irq_add_tail_to_free_list+0x98>)
10000eae:	6813      	ldr	r3, [r2, #0]
10000eb0:	2b00      	cmp	r3, #0
10000eb2:	d0fc      	beq.n	10000eae <irq_add_tail_to_free_list+0x12>
10000eb4:	f3bf 8f5f 	dmb	sy
10000eb8:	4b1f      	ldr	r3, [pc, #124]	@ (10000f38 <irq_add_tail_to_free_list+0x9c>)
10000eba:	0005      	movs	r5, r0
10000ebc:	4a1f      	ldr	r2, [pc, #124]	@ (10000f3c <irq_add_tail_to_free_list+0xa0>)
10000ebe:	1aed      	subs	r5, r5, r3
10000ec0:	416d      	adcs	r5, r5
10000ec2:	436a      	muls	r2, r5
10000ec4:	0d12      	lsrs	r2, r2, #20
10000ec6:	4d1e      	ldr	r5, [pc, #120]	@ (10000f40 <irq_add_tail_to_free_list+0xa4>)
10000ec8:	0089      	lsls	r1, r1, #2
10000eca:	68ae      	ldr	r6, [r5, #8]
10000ecc:	b252      	sxtb	r2, r2
10000ece:	5876      	ldr	r6, [r6, r1]
10000ed0:	42a6      	cmp	r6, r4
10000ed2:	d01c      	beq.n	10000f0e <irq_add_tail_to_free_list+0x72>
10000ed4:	2106      	movs	r1, #6
10000ed6:	5659      	ldrsb	r1, [r3, r1]
10000ed8:	4291      	cmp	r1, r2
10000eda:	d01c      	beq.n	10000f16 <irq_add_tail_to_free_list+0x7a>
10000edc:	2112      	movs	r1, #18
10000ede:	5659      	ldrsb	r1, [r3, r1]
10000ee0:	4291      	cmp	r1, r2
10000ee2:	d022      	beq.n	10000f2a <irq_add_tail_to_free_list+0x8e>
10000ee4:	211e      	movs	r1, #30
10000ee6:	5659      	ldrsb	r1, [r3, r1]
10000ee8:	4291      	cmp	r1, r2
10000eea:	d020      	beq.n	10000f2e <irq_add_tail_to_free_list+0x92>
10000eec:	212a      	movs	r1, #42	@ 0x2a
10000eee:	5659      	ldrsb	r1, [r3, r1]
10000ef0:	2403      	movs	r4, #3
10000ef2:	4291      	cmp	r1, r2
10000ef4:	d010      	beq.n	10000f18 <irq_add_tail_to_free_list+0x7c>
10000ef6:	4b13      	ldr	r3, [pc, #76]	@ (10000f44 <irq_add_tail_to_free_list+0xa8>)
10000ef8:	7819      	ldrb	r1, [r3, #0]
10000efa:	701a      	strb	r2, [r3, #0]
10000efc:	7181      	strb	r1, [r0, #6]
10000efe:	f3bf 8f5f 	dmb	sy
10000f02:	2200      	movs	r2, #0
10000f04:	4b0b      	ldr	r3, [pc, #44]	@ (10000f34 <irq_add_tail_to_free_list+0x98>)
10000f06:	601a      	str	r2, [r3, #0]
10000f08:	f38c 8810 	msr	PRIMASK, ip
10000f0c:	bd70      	pop	{r4, r5, r6, pc}
10000f0e:	68ab      	ldr	r3, [r5, #8]
10000f10:	4c0d      	ldr	r4, [pc, #52]	@ (10000f48 <irq_add_tail_to_free_list+0xac>)
10000f12:	505c      	str	r4, [r3, r1]
10000f14:	e7ef      	b.n	10000ef6 <irq_add_tail_to_free_list+0x5a>
10000f16:	2400      	movs	r4, #0
10000f18:	0061      	lsls	r1, r4, #1
10000f1a:	1909      	adds	r1, r1, r4
10000f1c:	0089      	lsls	r1, r1, #2
10000f1e:	185b      	adds	r3, r3, r1
10000f20:	21ff      	movs	r1, #255	@ 0xff
10000f22:	7199      	strb	r1, [r3, #6]
10000f24:	4909      	ldr	r1, [pc, #36]	@ (10000f4c <irq_add_tail_to_free_list+0xb0>)
10000f26:	8099      	strh	r1, [r3, #4]
10000f28:	e7e5      	b.n	10000ef6 <irq_add_tail_to_free_list+0x5a>
10000f2a:	2401      	movs	r4, #1
10000f2c:	e7f4      	b.n	10000f18 <irq_add_tail_to_free_list+0x7c>
10000f2e:	2402      	movs	r4, #2
10000f30:	e7f2      	b.n	10000f18 <irq_add_tail_to_free_list+0x7c>
10000f32:	46c0      	nop			@ (mov r8, r8)
10000f34:	d0000124 	.word	0xd0000124
10000f38:	2000019c 	.word	0x2000019c
10000f3c:	0000aaaa 	.word	0x0000aaaa
10000f40:	e000ed00 	.word	0xe000ed00
10000f44:	20000d44 	.word	0x20000d44
10000f48:	100001cd 	.word	0x100001cd
10000f4c:	ffffbd01 	.word	0xffffbd01

10000f50 <lock_init>:
10000f50:	4b02      	ldr	r3, [pc, #8]	@ (10000f5c <lock_init+0xc>)
10000f52:	469c      	mov	ip, r3
10000f54:	4461      	add	r1, ip
10000f56:	0089      	lsls	r1, r1, #2
10000f58:	6001      	str	r1, [r0, #0]
10000f5a:	4770      	bx	lr
10000f5c:	34000040 	.word	0x34000040

10000f60 <runtime_init_mutex>:
10000f60:	b570      	push	{r4, r5, r6, lr}
10000f62:	4c11      	ldr	r4, [pc, #68]	@ (10000fa8 <runtime_init_mutex+0x48>)
10000f64:	4d11      	ldr	r5, [pc, #68]	@ (10000fac <runtime_init_mutex+0x4c>)
10000f66:	42ac      	cmp	r4, r5
10000f68:	d20f      	bcs.n	10000f8a <runtime_init_mutex+0x2a>
10000f6a:	26ff      	movs	r6, #255	@ 0xff
10000f6c:	6823      	ldr	r3, [r4, #0]
10000f6e:	2b00      	cmp	r3, #0
10000f70:	d00c      	beq.n	10000f8c <runtime_init_mutex+0x2c>
10000f72:	f7ff fe41 	bl	10000bf8 <next_striped_spin_lock_num>
10000f76:	0001      	movs	r1, r0
10000f78:	0020      	movs	r0, r4
10000f7a:	f7ff ffe9 	bl	10000f50 <lock_init>
10000f7e:	80a6      	strh	r6, [r4, #4]
10000f80:	f3bf 8f5f 	dmb	sy
10000f84:	3408      	adds	r4, #8
10000f86:	42ac      	cmp	r4, r5
10000f88:	d3f0      	bcc.n	10000f6c <runtime_init_mutex+0xc>
10000f8a:	bd70      	pop	{r4, r5, r6, pc}
10000f8c:	f7ff fe34 	bl	10000bf8 <next_striped_spin_lock_num>
10000f90:	0001      	movs	r1, r0
10000f92:	0020      	movs	r0, r4
10000f94:	f7ff ffdc 	bl	10000f50 <lock_init>
10000f98:	7126      	strb	r6, [r4, #4]
10000f9a:	f3bf 8f5f 	dmb	sy
10000f9e:	3408      	adds	r4, #8
10000fa0:	42ac      	cmp	r4, r5
10000fa2:	d3e3      	bcc.n	10000f6c <runtime_init_mutex+0xc>
10000fa4:	e7f1      	b.n	10000f8a <runtime_init_mutex+0x2a>
10000fa6:	46c0      	nop			@ (mov r8, r8)
10000fa8:	20000798 	.word	0x20000798
10000fac:	200007a0 	.word	0x200007a0

10000fb0 <sleep_until_callback>:
10000fb0:	4b0a      	ldr	r3, [pc, #40]	@ (10000fdc <sleep_until_callback+0x2c>)
10000fb2:	6819      	ldr	r1, [r3, #0]
10000fb4:	f3ef 8010 	mrs	r0, PRIMASK
10000fb8:	b672      	cpsid	i
10000fba:	680a      	ldr	r2, [r1, #0]
10000fbc:	2a00      	cmp	r2, #0
10000fbe:	d0fc      	beq.n	10000fba <sleep_until_callback+0xa>
10000fc0:	f3bf 8f5f 	dmb	sy
10000fc4:	681b      	ldr	r3, [r3, #0]
10000fc6:	f3bf 8f5f 	dmb	sy
10000fca:	2200      	movs	r2, #0
10000fcc:	601a      	str	r2, [r3, #0]
10000fce:	f380 8810 	msr	PRIMASK, r0
10000fd2:	bf40      	sev
10000fd4:	2000      	movs	r0, #0
10000fd6:	2100      	movs	r1, #0
10000fd8:	4770      	bx	lr
10000fda:	46c0      	nop			@ (mov r8, r8)
10000fdc:	20000d30 	.word	0x20000d30

10000fe0 <alarm_pool_irq_handler>:
10000fe0:	b5f0      	push	{r4, r5, r6, r7, lr}
10000fe2:	46de      	mov	lr, fp
10000fe4:	4657      	mov	r7, sl
10000fe6:	464e      	mov	r6, r9
10000fe8:	4645      	mov	r5, r8
10000fea:	b5e0      	push	{r5, r6, r7, lr}
10000fec:	b087      	sub	sp, #28
10000fee:	f3ef 8305 	mrs	r3, IPSR
10000ff2:	2203      	movs	r2, #3
10000ff4:	2501      	movs	r5, #1
10000ff6:	401a      	ands	r2, r3
10000ff8:	4095      	lsls	r5, r2
10000ffa:	0091      	lsls	r1, r2, #2
10000ffc:	4688      	mov	r8, r1
10000ffe:	46a9      	mov	r9, r5
10001000:	4bb3      	ldr	r3, [pc, #716]	@ (100012d0 <alarm_pool_irq_handler+0x2f0>)
10001002:	9203      	str	r2, [sp, #12]
10001004:	585c      	ldr	r4, [r3, r1]
10001006:	4bb3      	ldr	r3, [pc, #716]	@ (100012d4 <alarm_pool_irq_handler+0x2f4>)
10001008:	601d      	str	r5, [r3, #0]
1000100a:	4bb3      	ldr	r3, [pc, #716]	@ (100012d8 <alarm_pool_irq_handler+0x2f8>)
1000100c:	9304      	str	r3, [sp, #16]
1000100e:	464b      	mov	r3, r9
10001010:	48b2      	ldr	r0, [pc, #712]	@ (100012dc <alarm_pool_irq_handler+0x2fc>)
10001012:	6343      	str	r3, [r0, #52]	@ 0x34
10001014:	2308      	movs	r3, #8
10001016:	5ee5      	ldrsh	r5, [r4, r3]
10001018:	2d00      	cmp	r5, #0
1000101a:	da37      	bge.n	1000108c <alarm_pool_irq_handler+0xac>
1000101c:	88a3      	ldrh	r3, [r4, #4]
1000101e:	b21b      	sxth	r3, r3
10001020:	2b00      	cmp	r3, #0
10001022:	db00      	blt.n	10001026 <alarm_pool_irq_handler+0x46>
10001024:	e0ad      	b.n	10001182 <alarm_pool_irq_handler+0x1a2>
10001026:	79a3      	ldrb	r3, [r4, #6]
10001028:	2b00      	cmp	r3, #0
1000102a:	d000      	beq.n	1000102e <alarm_pool_irq_handler+0x4e>
1000102c:	e0ee      	b.n	1000120c <alarm_pool_irq_handler+0x22c>
1000102e:	2308      	movs	r3, #8
10001030:	5ee0      	ldrsh	r0, [r4, r3]
10001032:	2800      	cmp	r0, #0
10001034:	db20      	blt.n	10001078 <alarm_pool_irq_handler+0x98>
10001036:	0043      	lsls	r3, r0, #1
10001038:	6962      	ldr	r2, [r4, #20]
1000103a:	181b      	adds	r3, r3, r0
1000103c:	00db      	lsls	r3, r3, #3
1000103e:	18d3      	adds	r3, r2, r3
10001040:	689e      	ldr	r6, [r3, #8]
10001042:	68dd      	ldr	r5, [r3, #12]
10001044:	1c73      	adds	r3, r6, #1
10001046:	d100      	bne.n	1000104a <alarm_pool_irq_handler+0x6a>
10001048:	e111      	b.n	1000126e <alarm_pool_irq_handler+0x28e>
1000104a:	48a4      	ldr	r0, [pc, #656]	@ (100012dc <alarm_pool_irq_handler+0x2fc>)
1000104c:	0001      	movs	r1, r0
1000104e:	4441      	add	r1, r8
10001050:	6a82      	ldr	r2, [r0, #40]	@ 0x28
10001052:	690b      	ldr	r3, [r1, #16]
10001054:	1ab7      	subs	r7, r6, r2
10001056:	1a9b      	subs	r3, r3, r2
10001058:	429f      	cmp	r7, r3
1000105a:	d315      	bcc.n	10001088 <alarm_pool_irq_handler+0xa8>
1000105c:	2301      	movs	r3, #1
1000105e:	6a02      	ldr	r2, [r0, #32]
10001060:	9803      	ldr	r0, [sp, #12]
10001062:	4083      	lsls	r3, r0
10001064:	421a      	tst	r2, r3
10001066:	d00f      	beq.n	10001088 <alarm_pool_irq_handler+0xa8>
10001068:	489c      	ldr	r0, [pc, #624]	@ (100012dc <alarm_pool_irq_handler+0x2fc>)
1000106a:	f000 fb47 	bl	100016fc <timer_time_us_64>
1000106e:	428d      	cmp	r5, r1
10001070:	dc02      	bgt.n	10001078 <alarm_pool_irq_handler+0x98>
10001072:	d1cc      	bne.n	1000100e <alarm_pool_irq_handler+0x2e>
10001074:	4286      	cmp	r6, r0
10001076:	d9ca      	bls.n	1000100e <alarm_pool_irq_handler+0x2e>
10001078:	bf40      	sev
1000107a:	b007      	add	sp, #28
1000107c:	bcf0      	pop	{r4, r5, r6, r7}
1000107e:	46bb      	mov	fp, r7
10001080:	46b2      	mov	sl, r6
10001082:	46a9      	mov	r9, r5
10001084:	46a0      	mov	r8, r4
10001086:	bdf0      	pop	{r4, r5, r6, r7, pc}
10001088:	610e      	str	r6, [r1, #16]
1000108a:	e7ed      	b.n	10001068 <alarm_pool_irq_handler+0x88>
1000108c:	6962      	ldr	r2, [r4, #20]
1000108e:	006b      	lsls	r3, r5, #1
10001090:	4692      	mov	sl, r2
10001092:	195b      	adds	r3, r3, r5
10001094:	00db      	lsls	r3, r3, #3
10001096:	449a      	add	sl, r3
10001098:	4653      	mov	r3, sl
1000109a:	689e      	ldr	r6, [r3, #8]
1000109c:	68df      	ldr	r7, [r3, #12]
1000109e:	f000 fb2d 	bl	100016fc <timer_time_us_64>
100010a2:	428f      	cmp	r7, r1
100010a4:	dcba      	bgt.n	1000101c <alarm_pool_irq_handler+0x3c>
100010a6:	d100      	bne.n	100010aa <alarm_pool_irq_handler+0xca>
100010a8:	e103      	b.n	100012b2 <alarm_pool_irq_handler+0x2d2>
100010aa:	2f00      	cmp	r7, #0
100010ac:	da00      	bge.n	100010b0 <alarm_pool_irq_handler+0xd0>
100010ae:	e0e8      	b.n	10001282 <alarm_pool_irq_handler+0x2a2>
100010b0:	4652      	mov	r2, sl
100010b2:	4653      	mov	r3, sl
100010b4:	6952      	ldr	r2, [r2, #20]
100010b6:	691b      	ldr	r3, [r3, #16]
100010b8:	4693      	mov	fp, r2
100010ba:	9a04      	ldr	r2, [sp, #16]
100010bc:	4293      	cmp	r3, r2
100010be:	d100      	bne.n	100010c2 <alarm_pool_irq_handler+0xe2>
100010c0:	e0d9      	b.n	10001276 <alarm_pool_irq_handler+0x296>
100010c2:	4652      	mov	r2, sl
100010c4:	2108      	movs	r1, #8
100010c6:	5e60      	ldrsh	r0, [r4, r1]
100010c8:	8852      	ldrh	r2, [r2, #2]
100010ca:	0400      	lsls	r0, r0, #16
100010cc:	4659      	mov	r1, fp
100010ce:	4310      	orrs	r0, r2
100010d0:	4798      	blx	r3
100010d2:	9000      	str	r0, [sp, #0]
100010d4:	9101      	str	r1, [sp, #4]
100010d6:	9900      	ldr	r1, [sp, #0]
100010d8:	9a01      	ldr	r2, [sp, #4]
100010da:	000b      	movs	r3, r1
100010dc:	0010      	movs	r0, r2
100010de:	4313      	orrs	r3, r2
100010e0:	d100      	bne.n	100010e4 <alarm_pool_irq_handler+0x104>
100010e2:	e0ce      	b.n	10001282 <alarm_pool_irq_handler+0x2a2>
100010e4:	0013      	movs	r3, r2
100010e6:	000a      	movs	r2, r1
100010e8:	1ab6      	subs	r6, r6, r2
100010ea:	419f      	sbcs	r7, r3
100010ec:	2800      	cmp	r0, #0
100010ee:	db06      	blt.n	100010fe <alarm_pool_irq_handler+0x11e>
100010f0:	487a      	ldr	r0, [pc, #488]	@ (100012dc <alarm_pool_irq_handler+0x2fc>)
100010f2:	f000 fb03 	bl	100016fc <timer_time_us_64>
100010f6:	9e00      	ldr	r6, [sp, #0]
100010f8:	9f01      	ldr	r7, [sp, #4]
100010fa:	1836      	adds	r6, r6, r0
100010fc:	414f      	adcs	r7, r1
100010fe:	4653      	mov	r3, sl
10001100:	609e      	str	r6, [r3, #8]
10001102:	60df      	str	r7, [r3, #12]
10001104:	2200      	movs	r2, #0
10001106:	5e9a      	ldrsh	r2, [r3, r2]
10001108:	2a00      	cmp	r2, #0
1000110a:	da00      	bge.n	1000110e <alarm_pool_irq_handler+0x12e>
1000110c:	e786      	b.n	1000101c <alarm_pool_irq_handler+0x3c>
1000110e:	0053      	lsls	r3, r2, #1
10001110:	1899      	adds	r1, r3, r2
10001112:	6960      	ldr	r0, [r4, #20]
10001114:	00c9      	lsls	r1, r1, #3
10001116:	1841      	adds	r1, r0, r1
10001118:	9302      	str	r3, [sp, #8]
1000111a:	688b      	ldr	r3, [r1, #8]
1000111c:	68c9      	ldr	r1, [r1, #12]
1000111e:	469b      	mov	fp, r3
10001120:	42b9      	cmp	r1, r7
10001122:	dd00      	ble.n	10001126 <alarm_pool_irq_handler+0x146>
10001124:	e77a      	b.n	1000101c <alarm_pool_irq_handler+0x3c>
10001126:	d102      	bne.n	1000112e <alarm_pool_irq_handler+0x14e>
10001128:	42b3      	cmp	r3, r6
1000112a:	d900      	bls.n	1000112e <alarm_pool_irq_handler+0x14e>
1000112c:	e776      	b.n	1000101c <alarm_pool_irq_handler+0x3c>
1000112e:	2308      	movs	r3, #8
10001130:	469c      	mov	ip, r3
10001132:	44a4      	add	ip, r4
10001134:	9505      	str	r5, [sp, #20]
10001136:	4665      	mov	r5, ip
10001138:	8122      	strh	r2, [r4, #8]
1000113a:	46a4      	mov	ip, r4
1000113c:	9b02      	ldr	r3, [sp, #8]
1000113e:	002c      	movs	r4, r5
10001140:	e006      	b.n	10001150 <alarm_pool_irq_handler+0x170>
10001142:	0053      	lsls	r3, r2, #1
10001144:	1899      	adds	r1, r3, r2
10001146:	00c9      	lsls	r1, r1, #3
10001148:	1841      	adds	r1, r0, r1
1000114a:	688d      	ldr	r5, [r1, #8]
1000114c:	68c9      	ldr	r1, [r1, #12]
1000114e:	46ab      	mov	fp, r5
10001150:	189b      	adds	r3, r3, r2
10001152:	00db      	lsls	r3, r3, #3
10001154:	18c3      	adds	r3, r0, r3
10001156:	42b9      	cmp	r1, r7
10001158:	dc06      	bgt.n	10001168 <alarm_pool_irq_handler+0x188>
1000115a:	d100      	bne.n	1000115e <alarm_pool_irq_handler+0x17e>
1000115c:	e0b3      	b.n	100012c6 <alarm_pool_irq_handler+0x2e6>
1000115e:	001c      	movs	r4, r3
10001160:	2300      	movs	r3, #0
10001162:	5ee2      	ldrsh	r2, [r4, r3]
10001164:	2a00      	cmp	r2, #0
10001166:	daec      	bge.n	10001142 <alarm_pool_irq_handler+0x162>
10001168:	0023      	movs	r3, r4
1000116a:	4664      	mov	r4, ip
1000116c:	469c      	mov	ip, r3
1000116e:	4653      	mov	r3, sl
10001170:	801a      	strh	r2, [r3, #0]
10001172:	4663      	mov	r3, ip
10001174:	9d05      	ldr	r5, [sp, #20]
10001176:	801d      	strh	r5, [r3, #0]
10001178:	88a3      	ldrh	r3, [r4, #4]
1000117a:	b21b      	sxth	r3, r3
1000117c:	2b00      	cmp	r3, #0
1000117e:	da00      	bge.n	10001182 <alarm_pool_irq_handler+0x1a2>
10001180:	e751      	b.n	10001026 <alarm_pool_irq_handler+0x46>
10001182:	6922      	ldr	r2, [r4, #16]
10001184:	f3ef 8110 	mrs	r1, PRIMASK
10001188:	b672      	cpsid	i
1000118a:	6813      	ldr	r3, [r2, #0]
1000118c:	2b00      	cmp	r3, #0
1000118e:	d0fc      	beq.n	1000118a <alarm_pool_irq_handler+0x1aa>
10001190:	f3bf 8f5f 	dmb	sy
10001194:	2301      	movs	r3, #1
10001196:	88a7      	ldrh	r7, [r4, #4]
10001198:	425b      	negs	r3, r3
1000119a:	80a3      	strh	r3, [r4, #4]
1000119c:	b23f      	sxth	r7, r7
1000119e:	6923      	ldr	r3, [r4, #16]
100011a0:	f3bf 8f5f 	dmb	sy
100011a4:	2200      	movs	r2, #0
100011a6:	601a      	str	r2, [r3, #0]
100011a8:	f381 8810 	msr	PRIMASK, r1
100011ac:	2f00      	cmp	r7, #0
100011ae:	da00      	bge.n	100011b2 <alarm_pool_irq_handler+0x1d2>
100011b0:	e739      	b.n	10001026 <alarm_pool_irq_handler+0x46>
100011b2:	0023      	movs	r3, r4
100011b4:	3308      	adds	r3, #8
100011b6:	0022      	movs	r2, r4
100011b8:	469a      	mov	sl, r3
100011ba:	6966      	ldr	r6, [r4, #20]
100011bc:	007b      	lsls	r3, r7, #1
100011be:	19db      	adds	r3, r3, r7
100011c0:	00db      	lsls	r3, r3, #3
100011c2:	18f3      	adds	r3, r6, r3
100011c4:	6899      	ldr	r1, [r3, #8]
100011c6:	4650      	mov	r0, sl
100011c8:	468c      	mov	ip, r1
100011ca:	2408      	movs	r4, #8
100011cc:	5f11      	ldrsh	r1, [r2, r4]
100011ce:	68dd      	ldr	r5, [r3, #12]
100011d0:	2900      	cmp	r1, #0
100011d2:	db10      	blt.n	100011f6 <alarm_pool_irq_handler+0x216>
100011d4:	9302      	str	r3, [sp, #8]
100011d6:	e006      	b.n	100011e6 <alarm_pool_irq_handler+0x206>
100011d8:	42ab      	cmp	r3, r5
100011da:	d044      	beq.n	10001266 <alarm_pool_irq_handler+0x286>
100011dc:	2300      	movs	r3, #0
100011de:	5ee1      	ldrsh	r1, [r4, r3]
100011e0:	0020      	movs	r0, r4
100011e2:	2900      	cmp	r1, #0
100011e4:	db06      	blt.n	100011f4 <alarm_pool_irq_handler+0x214>
100011e6:	004c      	lsls	r4, r1, #1
100011e8:	1864      	adds	r4, r4, r1
100011ea:	00e4      	lsls	r4, r4, #3
100011ec:	1934      	adds	r4, r6, r4
100011ee:	68e3      	ldr	r3, [r4, #12]
100011f0:	42ab      	cmp	r3, r5
100011f2:	ddf1      	ble.n	100011d8 <alarm_pool_irq_handler+0x1f8>
100011f4:	9b02      	ldr	r3, [sp, #8]
100011f6:	8007      	strh	r7, [r0, #0]
100011f8:	2000      	movs	r0, #0
100011fa:	5e1f      	ldrsh	r7, [r3, r0]
100011fc:	8019      	strh	r1, [r3, #0]
100011fe:	2f00      	cmp	r7, #0
10001200:	dadc      	bge.n	100011bc <alarm_pool_irq_handler+0x1dc>
10001202:	0014      	movs	r4, r2
10001204:	79a3      	ldrb	r3, [r4, #6]
10001206:	2b00      	cmp	r3, #0
10001208:	d100      	bne.n	1000120c <alarm_pool_irq_handler+0x22c>
1000120a:	e710      	b.n	1000102e <alarm_pool_irq_handler+0x4e>
1000120c:	2300      	movs	r3, #0
1000120e:	71a3      	strb	r3, [r4, #6]
10001210:	0026      	movs	r6, r4
10001212:	2308      	movs	r3, #8
10001214:	5ee1      	ldrsh	r1, [r4, r3]
10001216:	3608      	adds	r6, #8
10001218:	1c4b      	adds	r3, r1, #1
1000121a:	d100      	bne.n	1000121e <alarm_pool_irq_handler+0x23e>
1000121c:	e72c      	b.n	10001078 <alarm_pool_irq_handler+0x98>
1000121e:	0008      	movs	r0, r1
10001220:	46a2      	mov	sl, r4
10001222:	6965      	ldr	r5, [r4, #20]
10001224:	e002      	b.n	1000122c <alarm_pool_irq_handler+0x24c>
10001226:	003e      	movs	r6, r7
10001228:	1c4b      	adds	r3, r1, #1
1000122a:	d01a      	beq.n	10001262 <alarm_pool_irq_handler+0x282>
1000122c:	004b      	lsls	r3, r1, #1
1000122e:	185b      	adds	r3, r3, r1
10001230:	00db      	lsls	r3, r3, #3
10001232:	18ef      	adds	r7, r5, r3
10001234:	000a      	movs	r2, r1
10001236:	468c      	mov	ip, r1
10001238:	5ee9      	ldrsh	r1, [r5, r3]
1000123a:	887b      	ldrh	r3, [r7, #2]
1000123c:	b21b      	sxth	r3, r3
1000123e:	2b00      	cmp	r3, #0
10001240:	daf1      	bge.n	10001226 <alarm_pool_irq_handler+0x246>
10001242:	2301      	movs	r3, #1
10001244:	425b      	negs	r3, r3
10001246:	17dc      	asrs	r4, r3, #31
10001248:	60bb      	str	r3, [r7, #8]
1000124a:	60fc      	str	r4, [r7, #12]
1000124c:	4282      	cmp	r2, r0
1000124e:	d005      	beq.n	1000125c <alarm_pool_irq_handler+0x27c>
10001250:	4653      	mov	r3, sl
10001252:	8031      	strh	r1, [r6, #0]
10001254:	891b      	ldrh	r3, [r3, #8]
10001256:	803b      	strh	r3, [r7, #0]
10001258:	4653      	mov	r3, sl
1000125a:	811a      	strh	r2, [r3, #8]
1000125c:	4660      	mov	r0, ip
1000125e:	1c4b      	adds	r3, r1, #1
10001260:	d1e4      	bne.n	1000122c <alarm_pool_irq_handler+0x24c>
10001262:	4654      	mov	r4, sl
10001264:	e6e5      	b.n	10001032 <alarm_pool_irq_handler+0x52>
10001266:	68a3      	ldr	r3, [r4, #8]
10001268:	4563      	cmp	r3, ip
1000126a:	d9b7      	bls.n	100011dc <alarm_pool_irq_handler+0x1fc>
1000126c:	e7c2      	b.n	100011f4 <alarm_pool_irq_handler+0x214>
1000126e:	1c6b      	adds	r3, r5, #1
10001270:	d000      	beq.n	10001274 <alarm_pool_irq_handler+0x294>
10001272:	e6ea      	b.n	1000104a <alarm_pool_irq_handler+0x6a>
10001274:	e6f8      	b.n	10001068 <alarm_pool_irq_handler+0x88>
10001276:	465b      	mov	r3, fp
10001278:	4658      	mov	r0, fp
1000127a:	691b      	ldr	r3, [r3, #16]
1000127c:	4798      	blx	r3
1000127e:	2800      	cmp	r0, #0
10001280:	d11b      	bne.n	100012ba <alarm_pool_irq_handler+0x2da>
10001282:	4653      	mov	r3, sl
10001284:	881b      	ldrh	r3, [r3, #0]
10001286:	6922      	ldr	r2, [r4, #16]
10001288:	8123      	strh	r3, [r4, #8]
1000128a:	f3ef 8310 	mrs	r3, PRIMASK
1000128e:	b672      	cpsid	i
10001290:	6811      	ldr	r1, [r2, #0]
10001292:	2900      	cmp	r1, #0
10001294:	d0fc      	beq.n	10001290 <alarm_pool_irq_handler+0x2b0>
10001296:	f3bf 8f5f 	dmb	sy
1000129a:	4651      	mov	r1, sl
1000129c:	8862      	ldrh	r2, [r4, #2]
1000129e:	800a      	strh	r2, [r1, #0]
100012a0:	6922      	ldr	r2, [r4, #16]
100012a2:	8065      	strh	r5, [r4, #2]
100012a4:	f3bf 8f5f 	dmb	sy
100012a8:	2100      	movs	r1, #0
100012aa:	6011      	str	r1, [r2, #0]
100012ac:	f383 8810 	msr	PRIMASK, r3
100012b0:	e6b4      	b.n	1000101c <alarm_pool_irq_handler+0x3c>
100012b2:	4286      	cmp	r6, r0
100012b4:	d800      	bhi.n	100012b8 <alarm_pool_irq_handler+0x2d8>
100012b6:	e6f8      	b.n	100010aa <alarm_pool_irq_handler+0xca>
100012b8:	e6b0      	b.n	1000101c <alarm_pool_irq_handler+0x3c>
100012ba:	465b      	mov	r3, fp
100012bc:	681a      	ldr	r2, [r3, #0]
100012be:	685b      	ldr	r3, [r3, #4]
100012c0:	9200      	str	r2, [sp, #0]
100012c2:	9301      	str	r3, [sp, #4]
100012c4:	e707      	b.n	100010d6 <alarm_pool_irq_handler+0xf6>
100012c6:	45b3      	cmp	fp, r6
100012c8:	d800      	bhi.n	100012cc <alarm_pool_irq_handler+0x2ec>
100012ca:	e748      	b.n	1000115e <alarm_pool_irq_handler+0x17e>
100012cc:	e74c      	b.n	10001168 <alarm_pool_irq_handler+0x188>
100012ce:	46c0      	nop			@ (mov r8, r8)
100012d0:	20000d1c 	.word	0x20000d1c
100012d4:	4005703c 	.word	0x4005703c
100012d8:	10000fe1 	.word	0x10000fe1
100012dc:	40054000 	.word	0x40054000

100012e0 <runtime_init_default_alarm_pool>:
100012e0:	b570      	push	{r4, r5, r6, lr}
100012e2:	4c2e      	ldr	r4, [pc, #184]	@ (1000139c <runtime_init_default_alarm_pool+0xbc>)
100012e4:	6925      	ldr	r5, [r4, #16]
100012e6:	2d00      	cmp	r5, #0
100012e8:	d004      	beq.n	100012f4 <runtime_init_default_alarm_pool+0x14>
100012ea:	210a      	movs	r1, #10
100012ec:	482c      	ldr	r0, [pc, #176]	@ (100013a0 <runtime_init_default_alarm_pool+0xc0>)
100012ee:	f7ff fe2f 	bl	10000f50 <lock_init>
100012f2:	bd70      	pop	{r4, r5, r6, pc}
100012f4:	4e2b      	ldr	r6, [pc, #172]	@ (100013a4 <runtime_init_default_alarm_pool+0xc4>)
100012f6:	2103      	movs	r1, #3
100012f8:	0030      	movs	r0, r6
100012fa:	f000 f9f5 	bl	100016e8 <timer_hardware_alarm_claim>
100012fe:	60e6      	str	r6, [r4, #12]
10001300:	f7ff fc7a 	bl	10000bf8 <next_striped_spin_lock_num>
10001304:	4b28      	ldr	r3, [pc, #160]	@ (100013a8 <runtime_init_default_alarm_pool+0xc8>)
10001306:	2203      	movs	r2, #3
10001308:	469c      	mov	ip, r3
1000130a:	23d0      	movs	r3, #208	@ 0xd0
1000130c:	7022      	strb	r2, [r4, #0]
1000130e:	061b      	lsls	r3, r3, #24
10001310:	681b      	ldr	r3, [r3, #0]
10001312:	2101      	movs	r1, #1
10001314:	7063      	strb	r3, [r4, #1]
10001316:	4b25      	ldr	r3, [pc, #148]	@ (100013ac <runtime_init_default_alarm_pool+0xcc>)
10001318:	4460      	add	r0, ip
1000131a:	60a3      	str	r3, [r4, #8]
1000131c:	230f      	movs	r3, #15
1000131e:	0080      	lsls	r0, r0, #2
10001320:	6120      	str	r0, [r4, #16]
10001322:	2002      	movs	r0, #2
10001324:	8063      	strh	r3, [r4, #2]
10001326:	6963      	ldr	r3, [r4, #20]
10001328:	4249      	negs	r1, r1
1000132a:	80a1      	strh	r1, [r4, #4]
1000132c:	8019      	strh	r1, [r3, #0]
1000132e:	3102      	adds	r1, #2
10001330:	8619      	strh	r1, [r3, #48]	@ 0x30
10001332:	3147      	adds	r1, #71	@ 0x47
10001334:	831d      	strh	r5, [r3, #24]
10001336:	5258      	strh	r0, [r3, r1]
10001338:	3118      	adds	r1, #24
1000133a:	525a      	strh	r2, [r3, r1]
1000133c:	3275      	adds	r2, #117	@ 0x75
1000133e:	395c      	subs	r1, #92	@ 0x5c
10001340:	5299      	strh	r1, [r3, r2]
10001342:	3218      	adds	r2, #24
10001344:	3101      	adds	r1, #1
10001346:	5299      	strh	r1, [r3, r2]
10001348:	3218      	adds	r2, #24
1000134a:	3101      	adds	r1, #1
1000134c:	5299      	strh	r1, [r3, r2]
1000134e:	3218      	adds	r2, #24
10001350:	3101      	adds	r1, #1
10001352:	5299      	strh	r1, [r3, r2]
10001354:	3508      	adds	r5, #8
10001356:	3218      	adds	r2, #24
10001358:	529d      	strh	r5, [r3, r2]
1000135a:	3102      	adds	r1, #2
1000135c:	3218      	adds	r2, #24
1000135e:	5299      	strh	r1, [r3, r2]
10001360:	3218      	adds	r2, #24
10001362:	3101      	adds	r1, #1
10001364:	5299      	strh	r1, [r3, r2]
10001366:	3218      	adds	r2, #24
10001368:	3101      	adds	r1, #1
1000136a:	5299      	strh	r1, [r3, r2]
1000136c:	3218      	adds	r2, #24
1000136e:	3101      	adds	r1, #1
10001370:	5299      	strh	r1, [r3, r2]
10001372:	3218      	adds	r2, #24
10001374:	3101      	adds	r1, #1
10001376:	5299      	strh	r1, [r3, r2]
10001378:	3218      	adds	r2, #24
1000137a:	3101      	adds	r1, #1
1000137c:	5299      	strh	r1, [r3, r2]
1000137e:	4b0c      	ldr	r3, [pc, #48]	@ (100013b0 <runtime_init_default_alarm_pool+0xd0>)
10001380:	490c      	ldr	r1, [pc, #48]	@ (100013b4 <runtime_init_default_alarm_pool+0xd4>)
10001382:	60dc      	str	r4, [r3, #12]
10001384:	3001      	adds	r0, #1
10001386:	6235      	str	r5, [r6, #32]
10001388:	f7ff fc74 	bl	10000c74 <irq_set_exclusive_handler>
1000138c:	2101      	movs	r1, #1
1000138e:	2003      	movs	r0, #3
10001390:	f7ff fc5e 	bl	10000c50 <irq_set_enabled>
10001394:	4b08      	ldr	r3, [pc, #32]	@ (100013b8 <runtime_init_default_alarm_pool+0xd8>)
10001396:	601d      	str	r5, [r3, #0]
10001398:	e7a7      	b.n	100012ea <runtime_init_default_alarm_pool+0xa>
1000139a:	46c0      	nop			@ (mov r8, r8)
1000139c:	200001e4 	.word	0x200001e4
100013a0:	20000d30 	.word	0x20000d30
100013a4:	40054000 	.word	0x40054000
100013a8:	34000040 	.word	0x34000040
100013ac:	0010ffff 	.word	0x0010ffff
100013b0:	20000d1c 	.word	0x20000d1c
100013b4:	10000fe1 	.word	0x10000fe1
100013b8:	40056038 	.word	0x40056038

100013bc <alarm_pool_add_alarm_at_force_in_context>:
100013bc:	b570      	push	{r4, r5, r6, lr}
100013be:	0001      	movs	r1, r0
100013c0:	6904      	ldr	r4, [r0, #16]
100013c2:	f3ef 8c10 	mrs	ip, PRIMASK
100013c6:	b672      	cpsid	i
100013c8:	6820      	ldr	r0, [r4, #0]
100013ca:	2800      	cmp	r0, #0
100013cc:	d0fc      	beq.n	100013c8 <alarm_pool_add_alarm_at_force_in_context+0xc>
100013ce:	f3bf 8f5f 	dmb	sy
100013d2:	2002      	movs	r0, #2
100013d4:	5e0d      	ldrsh	r5, [r1, r0]
100013d6:	694c      	ldr	r4, [r1, #20]
100013d8:	0068      	lsls	r0, r5, #1
100013da:	1940      	adds	r0, r0, r5
100013dc:	00c0      	lsls	r0, r0, #3
100013de:	1824      	adds	r4, r4, r0
100013e0:	6908      	ldr	r0, [r1, #16]
100013e2:	2d00      	cmp	r5, #0
100013e4:	db36      	blt.n	10001454 <alarm_pool_add_alarm_at_force_in_context+0x98>
100013e6:	8826      	ldrh	r6, [r4, #0]
100013e8:	804e      	strh	r6, [r1, #2]
100013ea:	f3bf 8f5f 	dmb	sy
100013ee:	2600      	movs	r6, #0
100013f0:	6006      	str	r6, [r0, #0]
100013f2:	f38c 8810 	msr	PRIMASK, ip
100013f6:	60e3      	str	r3, [r4, #12]
100013f8:	8863      	ldrh	r3, [r4, #2]
100013fa:	9804      	ldr	r0, [sp, #16]
100013fc:	3301      	adds	r3, #1
100013fe:	6120      	str	r0, [r4, #16]
10001400:	045b      	lsls	r3, r3, #17
10001402:	9805      	ldr	r0, [sp, #20]
10001404:	0c5b      	lsrs	r3, r3, #17
10001406:	60a2      	str	r2, [r4, #8]
10001408:	6160      	str	r0, [r4, #20]
1000140a:	1c1a      	adds	r2, r3, #0
1000140c:	2b00      	cmp	r3, #0
1000140e:	d01f      	beq.n	10001450 <alarm_pool_add_alarm_at_force_in_context+0x94>
10001410:	b293      	uxth	r3, r2
10001412:	0428      	lsls	r0, r5, #16
10001414:	8062      	strh	r2, [r4, #2]
10001416:	4318      	orrs	r0, r3
10001418:	690a      	ldr	r2, [r1, #16]
1000141a:	f3ef 8c10 	mrs	ip, PRIMASK
1000141e:	b672      	cpsid	i
10001420:	6813      	ldr	r3, [r2, #0]
10001422:	2b00      	cmp	r3, #0
10001424:	d0fc      	beq.n	10001420 <alarm_pool_add_alarm_at_force_in_context+0x64>
10001426:	f3bf 8f5f 	dmb	sy
1000142a:	888b      	ldrh	r3, [r1, #4]
1000142c:	8023      	strh	r3, [r4, #0]
1000142e:	808d      	strh	r5, [r1, #4]
10001430:	690b      	ldr	r3, [r1, #16]
10001432:	f3bf 8f5f 	dmb	sy
10001436:	2200      	movs	r2, #0
10001438:	601a      	str	r2, [r3, #0]
1000143a:	f38c 8810 	msr	PRIMASK, ip
1000143e:	780b      	ldrb	r3, [r1, #0]
10001440:	3201      	adds	r2, #1
10001442:	409a      	lsls	r2, r3
10001444:	68cb      	ldr	r3, [r1, #12]
10001446:	4908      	ldr	r1, [pc, #32]	@ (10001468 <alarm_pool_add_alarm_at_force_in_context+0xac>)
10001448:	468c      	mov	ip, r1
1000144a:	4463      	add	r3, ip
1000144c:	601a      	str	r2, [r3, #0]
1000144e:	bd70      	pop	{r4, r5, r6, pc}
10001450:	2201      	movs	r2, #1
10001452:	e7dd      	b.n	10001410 <alarm_pool_add_alarm_at_force_in_context+0x54>
10001454:	f3bf 8f5f 	dmb	sy
10001458:	2300      	movs	r3, #0
1000145a:	6003      	str	r3, [r0, #0]
1000145c:	f38c 8810 	msr	PRIMASK, ip
10001460:	2001      	movs	r0, #1
10001462:	4240      	negs	r0, r0
10001464:	e7f3      	b.n	1000144e <alarm_pool_add_alarm_at_force_in_context+0x92>
10001466:	46c0      	nop			@ (mov r8, r8)
10001468:	0000203c 	.word	0x0000203c

1000146c <alarm_pool_cancel_alarm>:
1000146c:	b510      	push	{r4, lr}
1000146e:	8943      	ldrh	r3, [r0, #10]
10001470:	140a      	asrs	r2, r1, #16
10001472:	4293      	cmp	r3, r2
10001474:	dd1a      	ble.n	100014ac <alarm_pool_cancel_alarm+0x40>
10001476:	0053      	lsls	r3, r2, #1
10001478:	189b      	adds	r3, r3, r2
1000147a:	6942      	ldr	r2, [r0, #20]
1000147c:	00db      	lsls	r3, r3, #3
1000147e:	18d3      	adds	r3, r2, r3
10001480:	6904      	ldr	r4, [r0, #16]
10001482:	f3ef 8c10 	mrs	ip, PRIMASK
10001486:	b672      	cpsid	i
10001488:	6822      	ldr	r2, [r4, #0]
1000148a:	2a00      	cmp	r2, #0
1000148c:	d0fc      	beq.n	10001488 <alarm_pool_cancel_alarm+0x1c>
1000148e:	f3bf 8f5f 	dmb	sy
10001492:	885a      	ldrh	r2, [r3, #2]
10001494:	0409      	lsls	r1, r1, #16
10001496:	b294      	uxth	r4, r2
10001498:	0c09      	lsrs	r1, r1, #16
1000149a:	428a      	cmp	r2, r1
1000149c:	d008      	beq.n	100014b0 <alarm_pool_cancel_alarm+0x44>
1000149e:	6903      	ldr	r3, [r0, #16]
100014a0:	f3bf 8f5f 	dmb	sy
100014a4:	2200      	movs	r2, #0
100014a6:	601a      	str	r2, [r3, #0]
100014a8:	f38c 8810 	msr	PRIMASK, ip
100014ac:	2000      	movs	r0, #0
100014ae:	bd10      	pop	{r4, pc}
100014b0:	2280      	movs	r2, #128	@ 0x80
100014b2:	0212      	lsls	r2, r2, #8
100014b4:	4314      	orrs	r4, r2
100014b6:	805c      	strh	r4, [r3, #2]
100014b8:	2301      	movs	r3, #1
100014ba:	6902      	ldr	r2, [r0, #16]
100014bc:	7183      	strb	r3, [r0, #6]
100014be:	f3bf 8f5f 	dmb	sy
100014c2:	2100      	movs	r1, #0
100014c4:	6011      	str	r1, [r2, #0]
100014c6:	f38c 8810 	msr	PRIMASK, ip
100014ca:	4904      	ldr	r1, [pc, #16]	@ (100014dc <alarm_pool_cancel_alarm+0x70>)
100014cc:	7802      	ldrb	r2, [r0, #0]
100014ce:	468c      	mov	ip, r1
100014d0:	4093      	lsls	r3, r2
100014d2:	68c2      	ldr	r2, [r0, #12]
100014d4:	2001      	movs	r0, #1
100014d6:	4462      	add	r2, ip
100014d8:	6013      	str	r3, [r2, #0]
100014da:	e7e8      	b.n	100014ae <alarm_pool_cancel_alarm+0x42>
100014dc:	0000203c 	.word	0x0000203c

100014e0 <sleep_ms>:
100014e0:	b5f0      	push	{r4, r5, r6, r7, lr}
100014e2:	46c6      	mov	lr, r8
100014e4:	b500      	push	{lr}
100014e6:	b082      	sub	sp, #8
100014e8:	0004      	movs	r4, r0
100014ea:	f000 f90f 	bl	1000170c <time_us_64>
100014ee:	22fa      	movs	r2, #250	@ 0xfa
100014f0:	0006      	movs	r6, r0
100014f2:	000f      	movs	r7, r1
100014f4:	0020      	movs	r0, r4
100014f6:	2300      	movs	r3, #0
100014f8:	2100      	movs	r1, #0
100014fa:	0092      	lsls	r2, r2, #2
100014fc:	f001 faa4 	bl	10002a48 <__wrap___aeabi_lmul>
10001500:	1980      	adds	r0, r0, r6
10001502:	4179      	adcs	r1, r7
10001504:	0004      	movs	r4, r0
10001506:	1e0d      	subs	r5, r1, #0
10001508:	da02      	bge.n	10001510 <sleep_ms+0x30>
1000150a:	2401      	movs	r4, #1
1000150c:	4d2e      	ldr	r5, [pc, #184]	@ (100015c8 <sleep_ms+0xe8>)
1000150e:	4264      	negs	r4, r4
10001510:	2606      	movs	r6, #6
10001512:	4276      	negs	r6, r6
10001514:	17f7      	asrs	r7, r6, #31
10001516:	1936      	adds	r6, r6, r4
10001518:	416f      	adcs	r7, r5
1000151a:	42af      	cmp	r7, r5
1000151c:	d814      	bhi.n	10001548 <sleep_ms+0x68>
1000151e:	d011      	beq.n	10001544 <sleep_ms+0x64>
10001520:	f000 f8f4 	bl	1000170c <time_us_64>
10001524:	0032      	movs	r2, r6
10001526:	003b      	movs	r3, r7
10001528:	1a12      	subs	r2, r2, r0
1000152a:	418b      	sbcs	r3, r1
1000152c:	2b00      	cmp	r3, #0
1000152e:	dc15      	bgt.n	1000155c <sleep_ms+0x7c>
10001530:	2b00      	cmp	r3, #0
10001532:	d046      	beq.n	100015c2 <sleep_ms+0xe2>
10001534:	0020      	movs	r0, r4
10001536:	0029      	movs	r1, r5
10001538:	f000 f926 	bl	10001788 <busy_wait_until>
1000153c:	b002      	add	sp, #8
1000153e:	bc80      	pop	{r7}
10001540:	46b8      	mov	r8, r7
10001542:	bdf0      	pop	{r4, r5, r6, r7, pc}
10001544:	42a6      	cmp	r6, r4
10001546:	d9eb      	bls.n	10001520 <sleep_ms+0x40>
10001548:	2600      	movs	r6, #0
1000154a:	2700      	movs	r7, #0
1000154c:	f000 f8de 	bl	1000170c <time_us_64>
10001550:	0032      	movs	r2, r6
10001552:	003b      	movs	r3, r7
10001554:	1a12      	subs	r2, r2, r0
10001556:	418b      	sbcs	r3, r1
10001558:	2b00      	cmp	r3, #0
1000155a:	dde9      	ble.n	10001530 <sleep_ms+0x50>
1000155c:	f000 f8d6 	bl	1000170c <time_us_64>
10001560:	0032      	movs	r2, r6
10001562:	003b      	movs	r3, r7
10001564:	1a12      	subs	r2, r2, r0
10001566:	418b      	sbcs	r3, r1
10001568:	2b00      	cmp	r3, #0
1000156a:	db0a      	blt.n	10001582 <sleep_ms+0xa2>
1000156c:	2300      	movs	r3, #0
1000156e:	9301      	str	r3, [sp, #4]
10001570:	4b16      	ldr	r3, [pc, #88]	@ (100015cc <sleep_ms+0xec>)
10001572:	0032      	movs	r2, r6
10001574:	9300      	str	r3, [sp, #0]
10001576:	4816      	ldr	r0, [pc, #88]	@ (100015d0 <sleep_ms+0xf0>)
10001578:	003b      	movs	r3, r7
1000157a:	f7ff ff1f 	bl	100013bc <alarm_pool_add_alarm_at_force_in_context>
1000157e:	3001      	adds	r0, #1
10001580:	d0d8      	beq.n	10001534 <sleep_ms+0x54>
10001582:	2300      	movs	r3, #0
10001584:	0039      	movs	r1, r7
10001586:	46b0      	mov	r8, r6
10001588:	469c      	mov	ip, r3
1000158a:	4a12      	ldr	r2, [pc, #72]	@ (100015d4 <sleep_ms+0xf4>)
1000158c:	4812      	ldr	r0, [pc, #72]	@ (100015d8 <sleep_ms+0xf8>)
1000158e:	6a53      	ldr	r3, [r2, #36]	@ 0x24
10001590:	4299      	cmp	r1, r3
10001592:	d804      	bhi.n	1000159e <sleep_ms+0xbe>
10001594:	6a96      	ldr	r6, [r2, #40]	@ 0x28
10001596:	4546      	cmp	r6, r8
10001598:	d2cc      	bcs.n	10001534 <sleep_ms+0x54>
1000159a:	4299      	cmp	r1, r3
1000159c:	d1ca      	bne.n	10001534 <sleep_ms+0x54>
1000159e:	6806      	ldr	r6, [r0, #0]
100015a0:	f3ef 8710 	mrs	r7, PRIMASK
100015a4:	b672      	cpsid	i
100015a6:	6833      	ldr	r3, [r6, #0]
100015a8:	2b00      	cmp	r3, #0
100015aa:	d0fc      	beq.n	100015a6 <sleep_ms+0xc6>
100015ac:	f3bf 8f5f 	dmb	sy
100015b0:	6803      	ldr	r3, [r0, #0]
100015b2:	f3bf 8f5f 	dmb	sy
100015b6:	4666      	mov	r6, ip
100015b8:	601e      	str	r6, [r3, #0]
100015ba:	f387 8810 	msr	PRIMASK, r7
100015be:	bf20      	wfe
100015c0:	e7e5      	b.n	1000158e <sleep_ms+0xae>
100015c2:	2a00      	cmp	r2, #0
100015c4:	d0b6      	beq.n	10001534 <sleep_ms+0x54>
100015c6:	e7c9      	b.n	1000155c <sleep_ms+0x7c>
100015c8:	7fffffff 	.word	0x7fffffff
100015cc:	10000fb1 	.word	0x10000fb1
100015d0:	200001e4 	.word	0x200001e4
100015d4:	40054000 	.word	0x40054000
100015d8:	20000d30 	.word	0x20000d30

100015dc <best_effort_wfe_or_timeout>:
100015dc:	b5f0      	push	{r4, r5, r6, r7, lr}
100015de:	4657      	mov	r7, sl
100015e0:	464e      	mov	r6, r9
100015e2:	46de      	mov	lr, fp
100015e4:	4645      	mov	r5, r8
100015e6:	b5e0      	push	{r5, r6, r7, lr}
100015e8:	0006      	movs	r6, r0
100015ea:	000f      	movs	r7, r1
100015ec:	b085      	sub	sp, #20
100015ee:	f3ef 8305 	mrs	r3, IPSR
100015f2:	4699      	mov	r9, r3
100015f4:	468b      	mov	fp, r1
100015f6:	2b00      	cmp	r3, #0
100015f8:	d012      	beq.n	10001620 <best_effort_wfe_or_timeout+0x44>
100015fa:	4938      	ldr	r1, [pc, #224]	@ (100016dc <best_effort_wfe_or_timeout+0x100>)
100015fc:	2000      	movs	r0, #0
100015fe:	6a4b      	ldr	r3, [r1, #36]	@ 0x24
10001600:	42bb      	cmp	r3, r7
10001602:	d306      	bcc.n	10001612 <best_effort_wfe_or_timeout+0x36>
10001604:	6a8a      	ldr	r2, [r1, #40]	@ 0x28
10001606:	1bdb      	subs	r3, r3, r7
10001608:	1e59      	subs	r1, r3, #1
1000160a:	418b      	sbcs	r3, r1
1000160c:	42b2      	cmp	r2, r6
1000160e:	4140      	adcs	r0, r0
10001610:	4318      	orrs	r0, r3
10001612:	b005      	add	sp, #20
10001614:	bcf0      	pop	{r4, r5, r6, r7}
10001616:	46bb      	mov	fp, r7
10001618:	46b2      	mov	sl, r6
1000161a:	46a9      	mov	r9, r5
1000161c:	46a0      	mov	r8, r4
1000161e:	bdf0      	pop	{r4, r5, r6, r7, pc}
10001620:	4b2f      	ldr	r3, [pc, #188]	@ (100016e0 <best_effort_wfe_or_timeout+0x104>)
10001622:	469a      	mov	sl, r3
10001624:	68db      	ldr	r3, [r3, #12]
10001626:	4698      	mov	r8, r3
10001628:	4653      	mov	r3, sl
1000162a:	781b      	ldrb	r3, [r3, #0]
1000162c:	4640      	mov	r0, r8
1000162e:	9303      	str	r3, [sp, #12]
10001630:	f000 f864 	bl	100016fc <timer_time_us_64>
10001634:	4642      	mov	r2, r8
10001636:	9b03      	ldr	r3, [sp, #12]
10001638:	0004      	movs	r4, r0
1000163a:	3304      	adds	r3, #4
1000163c:	009b      	lsls	r3, r3, #2
1000163e:	589b      	ldr	r3, [r3, r2]
10001640:	000d      	movs	r5, r1
10001642:	1a1b      	subs	r3, r3, r0
10001644:	0039      	movs	r1, r7
10001646:	0030      	movs	r0, r6
10001648:	1b00      	subs	r0, r0, r4
1000164a:	41a9      	sbcs	r1, r5
1000164c:	4589      	cmp	r9, r1
1000164e:	dc10      	bgt.n	10001672 <best_effort_wfe_or_timeout+0x96>
10001650:	d00d      	beq.n	1000166e <best_effort_wfe_or_timeout+0x92>
10001652:	bf20      	wfe
10001654:	4a21      	ldr	r2, [pc, #132]	@ (100016dc <best_effort_wfe_or_timeout+0x100>)
10001656:	2000      	movs	r0, #0
10001658:	6a53      	ldr	r3, [r2, #36]	@ 0x24
1000165a:	455b      	cmp	r3, fp
1000165c:	d3d9      	bcc.n	10001612 <best_effort_wfe_or_timeout+0x36>
1000165e:	6a92      	ldr	r2, [r2, #40]	@ 0x28
10001660:	1bdb      	subs	r3, r3, r7
10001662:	1e59      	subs	r1, r3, #1
10001664:	418b      	sbcs	r3, r1
10001666:	42b2      	cmp	r2, r6
10001668:	4140      	adcs	r0, r0
1000166a:	4318      	orrs	r0, r3
1000166c:	e7d1      	b.n	10001612 <best_effort_wfe_or_timeout+0x36>
1000166e:	4283      	cmp	r3, r0
10001670:	d9ef      	bls.n	10001652 <best_effort_wfe_or_timeout+0x76>
10001672:	f000 f84b 	bl	1000170c <time_us_64>
10001676:	0032      	movs	r2, r6
10001678:	003b      	movs	r3, r7
1000167a:	1a12      	subs	r2, r2, r0
1000167c:	418b      	sbcs	r3, r1
1000167e:	2b00      	cmp	r3, #0
10001680:	db1a      	blt.n	100016b8 <best_effort_wfe_or_timeout+0xdc>
10001682:	2300      	movs	r3, #0
10001684:	9301      	str	r3, [sp, #4]
10001686:	4b17      	ldr	r3, [pc, #92]	@ (100016e4 <best_effort_wfe_or_timeout+0x108>)
10001688:	0032      	movs	r2, r6
1000168a:	9300      	str	r3, [sp, #0]
1000168c:	4650      	mov	r0, sl
1000168e:	003b      	movs	r3, r7
10001690:	f7ff fe94 	bl	100013bc <alarm_pool_add_alarm_at_force_in_context>
10001694:	1e01      	subs	r1, r0, #0
10001696:	dd0f      	ble.n	100016b8 <best_effort_wfe_or_timeout+0xdc>
10001698:	4b10      	ldr	r3, [pc, #64]	@ (100016dc <best_effort_wfe_or_timeout+0x100>)
1000169a:	6a5a      	ldr	r2, [r3, #36]	@ 0x24
1000169c:	455a      	cmp	r2, fp
1000169e:	d31b      	bcc.n	100016d8 <best_effort_wfe_or_timeout+0xfc>
100016a0:	6a9b      	ldr	r3, [r3, #40]	@ 0x28
100016a2:	42b3      	cmp	r3, r6
100016a4:	d316      	bcc.n	100016d4 <best_effort_wfe_or_timeout+0xf8>
100016a6:	4650      	mov	r0, sl
100016a8:	f7ff fee0 	bl	1000146c <alarm_pool_cancel_alarm>
100016ac:	4a0b      	ldr	r2, [pc, #44]	@ (100016dc <best_effort_wfe_or_timeout+0x100>)
100016ae:	2000      	movs	r0, #0
100016b0:	6a53      	ldr	r3, [r2, #36]	@ 0x24
100016b2:	455b      	cmp	r3, fp
100016b4:	d3ad      	bcc.n	10001612 <best_effort_wfe_or_timeout+0x36>
100016b6:	e7d2      	b.n	1000165e <best_effort_wfe_or_timeout+0x82>
100016b8:	4a08      	ldr	r2, [pc, #32]	@ (100016dc <best_effort_wfe_or_timeout+0x100>)
100016ba:	2000      	movs	r0, #0
100016bc:	6a53      	ldr	r3, [r2, #36]	@ 0x24
100016be:	455b      	cmp	r3, fp
100016c0:	d3a7      	bcc.n	10001612 <best_effort_wfe_or_timeout+0x36>
100016c2:	2000      	movs	r0, #0
100016c4:	6a92      	ldr	r2, [r2, #40]	@ 0x28
100016c6:	1bdb      	subs	r3, r3, r7
100016c8:	42b2      	cmp	r2, r6
100016ca:	4140      	adcs	r0, r0
100016cc:	1e5a      	subs	r2, r3, #1
100016ce:	4193      	sbcs	r3, r2
100016d0:	4318      	orrs	r0, r3
100016d2:	e79e      	b.n	10001612 <best_effort_wfe_or_timeout+0x36>
100016d4:	455a      	cmp	r2, fp
100016d6:	d1e6      	bne.n	100016a6 <best_effort_wfe_or_timeout+0xca>
100016d8:	bf20      	wfe
100016da:	e7e4      	b.n	100016a6 <best_effort_wfe_or_timeout+0xca>
100016dc:	40054000 	.word	0x40054000
100016e0:	200001e4 	.word	0x200001e4
100016e4:	10000fb1 	.word	0x10000fb1

100016e8 <timer_hardware_alarm_claim>:
100016e8:	b510      	push	{r4, lr}
100016ea:	4a02      	ldr	r2, [pc, #8]	@ (100016f4 <timer_hardware_alarm_claim+0xc>)
100016ec:	4802      	ldr	r0, [pc, #8]	@ (100016f8 <timer_hardware_alarm_claim+0x10>)
100016ee:	f7ff fa61 	bl	10000bb4 <hw_claim_or_assert>
100016f2:	bd10      	pop	{r4, pc}
100016f4:	100057b4 	.word	0x100057b4
100016f8:	20000cb8 	.word	0x20000cb8

100016fc <timer_time_us_64>:
100016fc:	0003      	movs	r3, r0
100016fe:	6a41      	ldr	r1, [r0, #36]	@ 0x24
10001700:	000a      	movs	r2, r1
10001702:	6a98      	ldr	r0, [r3, #40]	@ 0x28
10001704:	6a59      	ldr	r1, [r3, #36]	@ 0x24
10001706:	428a      	cmp	r2, r1
10001708:	d1fa      	bne.n	10001700 <timer_time_us_64+0x4>
1000170a:	4770      	bx	lr

1000170c <time_us_64>:
1000170c:	4b03      	ldr	r3, [pc, #12]	@ (1000171c <time_us_64+0x10>)
1000170e:	6a59      	ldr	r1, [r3, #36]	@ 0x24
10001710:	000a      	movs	r2, r1
10001712:	6a98      	ldr	r0, [r3, #40]	@ 0x28
10001714:	6a59      	ldr	r1, [r3, #36]	@ 0x24
10001716:	4291      	cmp	r1, r2
10001718:	d1fa      	bne.n	10001710 <time_us_64+0x4>
1000171a:	4770      	bx	lr
1000171c:	40054000 	.word	0x40054000

10001720 <busy_wait_us>:
10001720:	b570      	push	{r4, r5, r6, lr}
10001722:	0004      	movs	r4, r0
10001724:	000d      	movs	r5, r1
10001726:	4a17      	ldr	r2, [pc, #92]	@ (10001784 <busy_wait_us+0x64>)
10001728:	6a53      	ldr	r3, [r2, #36]	@ 0x24
1000172a:	0019      	movs	r1, r3
1000172c:	6a96      	ldr	r6, [r2, #40]	@ 0x28
1000172e:	6a53      	ldr	r3, [r2, #36]	@ 0x24
10001730:	428b      	cmp	r3, r1
10001732:	d1fa      	bne.n	1000172a <busy_wait_us+0xa>
10001734:	0030      	movs	r0, r6
10001736:	0019      	movs	r1, r3
10001738:	1824      	adds	r4, r4, r0
1000173a:	414d      	adcs	r5, r1
1000173c:	42ab      	cmp	r3, r5
1000173e:	d816      	bhi.n	1000176e <busy_wait_us+0x4e>
10001740:	d013      	beq.n	1000176a <busy_wait_us+0x4a>
10001742:	4b10      	ldr	r3, [pc, #64]	@ (10001784 <busy_wait_us+0x64>)
10001744:	002a      	movs	r2, r5
10001746:	6a5b      	ldr	r3, [r3, #36]	@ 0x24
10001748:	429d      	cmp	r5, r3
1000174a:	d903      	bls.n	10001754 <busy_wait_us+0x34>
1000174c:	490d      	ldr	r1, [pc, #52]	@ (10001784 <busy_wait_us+0x64>)
1000174e:	6a4b      	ldr	r3, [r1, #36]	@ 0x24
10001750:	4293      	cmp	r3, r2
10001752:	d3fc      	bcc.n	1000174e <busy_wait_us+0x2e>
10001754:	4293      	cmp	r3, r2
10001756:	d107      	bne.n	10001768 <busy_wait_us+0x48>
10001758:	4a0a      	ldr	r2, [pc, #40]	@ (10001784 <busy_wait_us+0x64>)
1000175a:	e002      	b.n	10001762 <busy_wait_us+0x42>
1000175c:	6a51      	ldr	r1, [r2, #36]	@ 0x24
1000175e:	4299      	cmp	r1, r3
10001760:	d102      	bne.n	10001768 <busy_wait_us+0x48>
10001762:	6a91      	ldr	r1, [r2, #40]	@ 0x28
10001764:	42a1      	cmp	r1, r4
10001766:	d3f9      	bcc.n	1000175c <busy_wait_us+0x3c>
10001768:	bd70      	pop	{r4, r5, r6, pc}
1000176a:	42a6      	cmp	r6, r4
1000176c:	d9e9      	bls.n	10001742 <busy_wait_us+0x22>
1000176e:	4b05      	ldr	r3, [pc, #20]	@ (10001784 <busy_wait_us+0x64>)
10001770:	6a5b      	ldr	r3, [r3, #36]	@ 0x24
10001772:	001c      	movs	r4, r3
10001774:	1c5a      	adds	r2, r3, #1
10001776:	d0ef      	beq.n	10001758 <busy_wait_us+0x38>
10001778:	2201      	movs	r2, #1
1000177a:	2401      	movs	r4, #1
1000177c:	4264      	negs	r4, r4
1000177e:	17e5      	asrs	r5, r4, #31
10001780:	4252      	negs	r2, r2
10001782:	e7e3      	b.n	1000174c <busy_wait_us+0x2c>
10001784:	40054000 	.word	0x40054000

10001788 <busy_wait_until>:
10001788:	4a06      	ldr	r2, [pc, #24]	@ (100017a4 <busy_wait_until+0x1c>)
1000178a:	6a53      	ldr	r3, [r2, #36]	@ 0x24
1000178c:	4299      	cmp	r1, r3
1000178e:	d8fc      	bhi.n	1000178a <busy_wait_until+0x2>
10001790:	d107      	bne.n	100017a2 <busy_wait_until+0x1a>
10001792:	4b04      	ldr	r3, [pc, #16]	@ (100017a4 <busy_wait_until+0x1c>)
10001794:	e002      	b.n	1000179c <busy_wait_until+0x14>
10001796:	6a5a      	ldr	r2, [r3, #36]	@ 0x24
10001798:	4291      	cmp	r1, r2
1000179a:	d102      	bne.n	100017a2 <busy_wait_until+0x1a>
1000179c:	6a9a      	ldr	r2, [r3, #40]	@ 0x28
1000179e:	4290      	cmp	r0, r2
100017a0:	d8f9      	bhi.n	10001796 <busy_wait_until+0xe>
100017a2:	4770      	bx	lr
100017a4:	40054000 	.word	0x40054000

100017a8 <uart_init>:
100017a8:	b5f8      	push	{r3, r4, r5, r6, r7, lr}
100017aa:	0004      	movs	r4, r0
100017ac:	2006      	movs	r0, #6
100017ae:	000d      	movs	r5, r1
100017b0:	f000 f978 	bl	10001aa4 <clock_get_hz>
100017b4:	2800      	cmp	r0, #0
100017b6:	d044      	beq.n	10001842 <uart_init+0x9a>
100017b8:	4b37      	ldr	r3, [pc, #220]	@ (10001898 <uart_init+0xf0>)
100017ba:	4938      	ldr	r1, [pc, #224]	@ (1000189c <uart_init+0xf4>)
100017bc:	18e3      	adds	r3, r4, r3
100017be:	1e5a      	subs	r2, r3, #1
100017c0:	4193      	sbcs	r3, r2
100017c2:	2280      	movs	r2, #128	@ 0x80
100017c4:	0412      	lsls	r2, r2, #16
100017c6:	4694      	mov	ip, r2
100017c8:	425b      	negs	r3, r3
100017ca:	0d9b      	lsrs	r3, r3, #22
100017cc:	4a34      	ldr	r2, [pc, #208]	@ (100018a0 <uart_init+0xf8>)
100017ce:	059b      	lsls	r3, r3, #22
100017d0:	4463      	add	r3, ip
100017d2:	6013      	str	r3, [r2, #0]
100017d4:	4a33      	ldr	r2, [pc, #204]	@ (100018a4 <uart_init+0xfc>)
100017d6:	6013      	str	r3, [r2, #0]
100017d8:	0018      	movs	r0, r3
100017da:	680a      	ldr	r2, [r1, #0]
100017dc:	4390      	bics	r0, r2
100017de:	d1fb      	bne.n	100017d8 <uart_init+0x30>
100017e0:	4b2d      	ldr	r3, [pc, #180]	@ (10001898 <uart_init+0xf0>)
100017e2:	4a31      	ldr	r2, [pc, #196]	@ (100018a8 <uart_init+0x100>)
100017e4:	18e3      	adds	r3, r4, r3
100017e6:	4259      	negs	r1, r3
100017e8:	414b      	adcs	r3, r1
100017ea:	2180      	movs	r1, #128	@ 0x80
100017ec:	005b      	lsls	r3, r3, #1
100017ee:	0049      	lsls	r1, r1, #1
100017f0:	2006      	movs	r0, #6
100017f2:	5299      	strh	r1, [r3, r2]
100017f4:	f000 f956 	bl	10001aa4 <clock_get_hz>
100017f8:	0029      	movs	r1, r5
100017fa:	00c0      	lsls	r0, r0, #3
100017fc:	f000 fb00 	bl	10001e00 <__wrap___aeabi_uidiv>
10001800:	3001      	adds	r0, #1
10001802:	09c3      	lsrs	r3, r0, #7
10001804:	d11e      	bne.n	10001844 <uart_init+0x9c>
10001806:	2740      	movs	r7, #64	@ 0x40
10001808:	2201      	movs	r2, #1
1000180a:	6262      	str	r2, [r4, #36]	@ 0x24
1000180c:	62a3      	str	r3, [r4, #40]	@ 0x28
1000180e:	6b26      	ldr	r6, [r4, #48]	@ 0x30
10001810:	07f3      	lsls	r3, r6, #31
10001812:	d422      	bmi.n	1000185a <uart_init+0xb2>
10001814:	6ae3      	ldr	r3, [r4, #44]	@ 0x2c
10001816:	4b25      	ldr	r3, [pc, #148]	@ (100018ac <uart_init+0x104>)
10001818:	2006      	movs	r0, #6
1000181a:	18e5      	adds	r5, r4, r3
1000181c:	2300      	movs	r3, #0
1000181e:	602b      	str	r3, [r5, #0]
10001820:	6326      	str	r6, [r4, #48]	@ 0x30
10001822:	f000 f93f 	bl	10001aa4 <clock_get_hz>
10001826:	0039      	movs	r1, r7
10001828:	0080      	lsls	r0, r0, #2
1000182a:	f000 fae9 	bl	10001e00 <__wrap___aeabi_uidiv>
1000182e:	2370      	movs	r3, #112	@ 0x70
10001830:	6ae2      	ldr	r2, [r4, #44]	@ 0x2c
10001832:	405a      	eors	r2, r3
10001834:	330e      	adds	r3, #14
10001836:	4013      	ands	r3, r2
10001838:	602b      	str	r3, [r5, #0]
1000183a:	4b1d      	ldr	r3, [pc, #116]	@ (100018b0 <uart_init+0x108>)
1000183c:	6323      	str	r3, [r4, #48]	@ 0x30
1000183e:	2303      	movs	r3, #3
10001840:	64a3      	str	r3, [r4, #72]	@ 0x48
10001842:	bdf8      	pop	{r3, r4, r5, r6, r7, pc}
10001844:	4a1b      	ldr	r2, [pc, #108]	@ (100018b4 <uart_init+0x10c>)
10001846:	4293      	cmp	r3, r2
10001848:	d91e      	bls.n	10001888 <uart_init+0xe0>
1000184a:	2300      	movs	r3, #0
1000184c:	4a1a      	ldr	r2, [pc, #104]	@ (100018b8 <uart_init+0x110>)
1000184e:	4f1b      	ldr	r7, [pc, #108]	@ (100018bc <uart_init+0x114>)
10001850:	6262      	str	r2, [r4, #36]	@ 0x24
10001852:	62a3      	str	r3, [r4, #40]	@ 0x28
10001854:	6b26      	ldr	r6, [r4, #48]	@ 0x30
10001856:	07f3      	lsls	r3, r6, #31
10001858:	d5dc      	bpl.n	10001814 <uart_init+0x6c>
1000185a:	4b19      	ldr	r3, [pc, #100]	@ (100018c0 <uart_init+0x118>)
1000185c:	4a14      	ldr	r2, [pc, #80]	@ (100018b0 <uart_init+0x108>)
1000185e:	18e3      	adds	r3, r4, r3
10001860:	601a      	str	r2, [r3, #0]
10001862:	6a65      	ldr	r5, [r4, #36]	@ 0x24
10001864:	6aa3      	ldr	r3, [r4, #40]	@ 0x28
10001866:	2006      	movs	r0, #6
10001868:	01ad      	lsls	r5, r5, #6
1000186a:	18ed      	adds	r5, r5, r3
1000186c:	f000 f91a 	bl	10001aa4 <clock_get_hz>
10001870:	4914      	ldr	r1, [pc, #80]	@ (100018c4 <uart_init+0x11c>)
10001872:	f000 fac5 	bl	10001e00 <__wrap___aeabi_uidiv>
10001876:	02ad      	lsls	r5, r5, #10
10001878:	0001      	movs	r1, r0
1000187a:	0028      	movs	r0, r5
1000187c:	f000 fac0 	bl	10001e00 <__wrap___aeabi_uidiv>
10001880:	2100      	movs	r1, #0
10001882:	f7ff ff4d 	bl	10001720 <busy_wait_us>
10001886:	e7c5      	b.n	10001814 <uart_init+0x6c>
10001888:	0640      	lsls	r0, r0, #25
1000188a:	0e80      	lsrs	r0, r0, #26
1000188c:	019f      	lsls	r7, r3, #6
1000188e:	001a      	movs	r2, r3
10001890:	183f      	adds	r7, r7, r0
10001892:	0003      	movs	r3, r0
10001894:	e7b9      	b.n	1000180a <uart_init+0x62>
10001896:	46c0      	nop			@ (mov r8, r8)
10001898:	bffc8000 	.word	0xbffc8000
1000189c:	4000c008 	.word	0x4000c008
100018a0:	4000e000 	.word	0x4000e000
100018a4:	4000f000 	.word	0x4000f000
100018a8:	20000d3c 	.word	0x20000d3c
100018ac:	0000102c 	.word	0x0000102c
100018b0:	00000301 	.word	0x00000301
100018b4:	0000fffe 	.word	0x0000fffe
100018b8:	0000ffff 	.word	0x0000ffff
100018bc:	003fffc0 	.word	0x003fffc0
100018c0:	00003030 	.word	0x00003030
100018c4:	00000e4e 	.word	0x00000e4e

100018c8 <clock_configure_int_divider>:
100018c8:	b5f8      	push	{r3, r4, r5, r6, r7, lr}
100018ca:	46de      	mov	lr, fp
100018cc:	464e      	mov	r6, r9
100018ce:	4657      	mov	r7, sl
100018d0:	4645      	mov	r5, r8
100018d2:	b5e0      	push	{r5, r6, r7, lr}
100018d4:	468b      	mov	fp, r1
100018d6:	0005      	movs	r5, r0
100018d8:	990a      	ldr	r1, [sp, #40]	@ 0x28
100018da:	0018      	movs	r0, r3
100018dc:	0016      	movs	r6, r2
100018de:	f000 fa8f 	bl	10001e00 <__wrap___aeabi_uidiv>
100018e2:	9b0a      	ldr	r3, [sp, #40]	@ 0x28
100018e4:	006c      	lsls	r4, r5, #1
100018e6:	021f      	lsls	r7, r3, #8
100018e8:	4b32      	ldr	r3, [pc, #200]	@ (100019b4 <clock_configure_int_divider+0xec>)
100018ea:	1964      	adds	r4, r4, r5
100018ec:	469c      	mov	ip, r3
100018ee:	00a4      	lsls	r4, r4, #2
100018f0:	4464      	add	r4, ip
100018f2:	6863      	ldr	r3, [r4, #4]
100018f4:	4681      	mov	r9, r0
100018f6:	429f      	cmp	r7, r3
100018f8:	d900      	bls.n	100018fc <clock_configure_int_divider+0x34>
100018fa:	6067      	str	r7, [r4, #4]
100018fc:	1f2b      	subs	r3, r5, #4
100018fe:	b2db      	uxtb	r3, r3
10001900:	4698      	mov	r8, r3
10001902:	2b01      	cmp	r3, #1
10001904:	d930      	bls.n	10001968 <clock_configure_int_divider+0xa0>
10001906:	23c0      	movs	r3, #192	@ 0xc0
10001908:	2280      	movs	r2, #128	@ 0x80
1000190a:	019b      	lsls	r3, r3, #6
1000190c:	18e3      	adds	r3, r4, r3
1000190e:	0112      	lsls	r2, r2, #4
10001910:	601a      	str	r2, [r3, #0]
10001912:	4b29      	ldr	r3, [pc, #164]	@ (100019b8 <clock_configure_int_divider+0xf0>)
10001914:	00ad      	lsls	r5, r5, #2
10001916:	5959      	ldr	r1, [r3, r5]
10001918:	469a      	mov	sl, r3
1000191a:	2900      	cmp	r1, #0
1000191c:	d11b      	bne.n	10001956 <clock_configure_int_divider+0x8e>
1000191e:	0173      	lsls	r3, r6, #5
10001920:	26e0      	movs	r6, #224	@ 0xe0
10001922:	6822      	ldr	r2, [r4, #0]
10001924:	4053      	eors	r3, r2
10001926:	401e      	ands	r6, r3
10001928:	2380      	movs	r3, #128	@ 0x80
1000192a:	4642      	mov	r2, r8
1000192c:	015b      	lsls	r3, r3, #5
1000192e:	18e3      	adds	r3, r4, r3
10001930:	601e      	str	r6, [r3, #0]
10001932:	2a01      	cmp	r2, #1
10001934:	d930      	bls.n	10001998 <clock_configure_int_divider+0xd0>
10001936:	2380      	movs	r3, #128	@ 0x80
10001938:	2280      	movs	r2, #128	@ 0x80
1000193a:	019b      	lsls	r3, r3, #6
1000193c:	18e3      	adds	r3, r4, r3
1000193e:	0112      	lsls	r2, r2, #4
10001940:	601a      	str	r2, [r3, #0]
10001942:	4653      	mov	r3, sl
10001944:	464a      	mov	r2, r9
10001946:	6067      	str	r7, [r4, #4]
10001948:	515a      	str	r2, [r3, r5]
1000194a:	bcf0      	pop	{r4, r5, r6, r7}
1000194c:	46bb      	mov	fp, r7
1000194e:	46b2      	mov	sl, r6
10001950:	46a9      	mov	r9, r5
10001952:	46a0      	mov	r8, r4
10001954:	bdf8      	pop	{r3, r4, r5, r6, r7, pc}
10001956:	6958      	ldr	r0, [r3, #20]
10001958:	f000 fa52 	bl	10001e00 <__wrap___aeabi_uidiv>
1000195c:	3001      	adds	r0, #1
1000195e:	0043      	lsls	r3, r0, #1
10001960:	181b      	adds	r3, r3, r0
10001962:	3b03      	subs	r3, #3
10001964:	d2fd      	bcs.n	10001962 <clock_configure_int_divider+0x9a>
10001966:	e7da      	b.n	1000191e <clock_configure_int_divider+0x56>
10001968:	465b      	mov	r3, fp
1000196a:	2b01      	cmp	r3, #1
1000196c:	d1cb      	bne.n	10001906 <clock_configure_int_divider+0x3e>
1000196e:	23c0      	movs	r3, #192	@ 0xc0
10001970:	2203      	movs	r2, #3
10001972:	019b      	lsls	r3, r3, #6
10001974:	18e3      	adds	r3, r4, r3
10001976:	601a      	str	r2, [r3, #0]
10001978:	3a02      	subs	r2, #2
1000197a:	68a3      	ldr	r3, [r4, #8]
1000197c:	421a      	tst	r2, r3
1000197e:	d0fc      	beq.n	1000197a <clock_configure_int_divider+0xb2>
10001980:	0173      	lsls	r3, r6, #5
10001982:	26e0      	movs	r6, #224	@ 0xe0
10001984:	6822      	ldr	r2, [r4, #0]
10001986:	00ad      	lsls	r5, r5, #2
10001988:	4053      	eors	r3, r2
1000198a:	401e      	ands	r6, r3
1000198c:	2380      	movs	r3, #128	@ 0x80
1000198e:	4a0a      	ldr	r2, [pc, #40]	@ (100019b8 <clock_configure_int_divider+0xf0>)
10001990:	015b      	lsls	r3, r3, #5
10001992:	4692      	mov	sl, r2
10001994:	18e3      	adds	r3, r4, r3
10001996:	601e      	str	r6, [r3, #0]
10001998:	465a      	mov	r2, fp
1000199a:	6821      	ldr	r1, [r4, #0]
1000199c:	4051      	eors	r1, r2
1000199e:	2203      	movs	r2, #3
100019a0:	400a      	ands	r2, r1
100019a2:	601a      	str	r2, [r3, #0]
100019a4:	2201      	movs	r2, #1
100019a6:	465b      	mov	r3, fp
100019a8:	409a      	lsls	r2, r3
100019aa:	68a3      	ldr	r3, [r4, #8]
100019ac:	421a      	tst	r2, r3
100019ae:	d0fc      	beq.n	100019aa <clock_configure_int_divider+0xe2>
100019b0:	e7c1      	b.n	10001936 <clock_configure_int_divider+0x6e>
100019b2:	46c0      	nop			@ (mov r8, r8)
100019b4:	40008000 	.word	0x40008000
100019b8:	20000cbc 	.word	0x20000cbc

100019bc <clock_configure_undivided>:
100019bc:	b5f0      	push	{r4, r5, r6, r7, lr}
100019be:	4646      	mov	r6, r8
100019c0:	464f      	mov	r7, r9
100019c2:	46d6      	mov	lr, sl
100019c4:	b5c0      	push	{r6, r7, lr}
100019c6:	001f      	movs	r7, r3
100019c8:	4b34      	ldr	r3, [pc, #208]	@ (10001a9c <clock_configure_undivided+0xe0>)
100019ca:	0044      	lsls	r4, r0, #1
100019cc:	469c      	mov	ip, r3
100019ce:	1824      	adds	r4, r4, r0
100019d0:	00a4      	lsls	r4, r4, #2
100019d2:	4464      	add	r4, ip
100019d4:	6863      	ldr	r3, [r4, #4]
100019d6:	4688      	mov	r8, r1
100019d8:	0016      	movs	r6, r2
100019da:	2bff      	cmp	r3, #255	@ 0xff
100019dc:	d802      	bhi.n	100019e4 <clock_configure_undivided+0x28>
100019de:	2380      	movs	r3, #128	@ 0x80
100019e0:	005b      	lsls	r3, r3, #1
100019e2:	6063      	str	r3, [r4, #4]
100019e4:	1f03      	subs	r3, r0, #4
100019e6:	b2db      	uxtb	r3, r3
100019e8:	469a      	mov	sl, r3
100019ea:	2b01      	cmp	r3, #1
100019ec:	d930      	bls.n	10001a50 <clock_configure_undivided+0x94>
100019ee:	23c0      	movs	r3, #192	@ 0xc0
100019f0:	2280      	movs	r2, #128	@ 0x80
100019f2:	019b      	lsls	r3, r3, #6
100019f4:	18e3      	adds	r3, r4, r3
100019f6:	0112      	lsls	r2, r2, #4
100019f8:	601a      	str	r2, [r3, #0]
100019fa:	4b29      	ldr	r3, [pc, #164]	@ (10001aa0 <clock_configure_undivided+0xe4>)
100019fc:	0085      	lsls	r5, r0, #2
100019fe:	5959      	ldr	r1, [r3, r5]
10001a00:	4699      	mov	r9, r3
10001a02:	2900      	cmp	r1, #0
10001a04:	d11b      	bne.n	10001a3e <clock_configure_undivided+0x82>
10001a06:	0173      	lsls	r3, r6, #5
10001a08:	26e0      	movs	r6, #224	@ 0xe0
10001a0a:	6822      	ldr	r2, [r4, #0]
10001a0c:	4053      	eors	r3, r2
10001a0e:	401e      	ands	r6, r3
10001a10:	2380      	movs	r3, #128	@ 0x80
10001a12:	4652      	mov	r2, sl
10001a14:	015b      	lsls	r3, r3, #5
10001a16:	18e3      	adds	r3, r4, r3
10001a18:	601e      	str	r6, [r3, #0]
10001a1a:	2a01      	cmp	r2, #1
10001a1c:	d930      	bls.n	10001a80 <clock_configure_undivided+0xc4>
10001a1e:	2380      	movs	r3, #128	@ 0x80
10001a20:	2280      	movs	r2, #128	@ 0x80
10001a22:	019b      	lsls	r3, r3, #6
10001a24:	18e3      	adds	r3, r4, r3
10001a26:	0112      	lsls	r2, r2, #4
10001a28:	601a      	str	r2, [r3, #0]
10001a2a:	2380      	movs	r3, #128	@ 0x80
10001a2c:	005b      	lsls	r3, r3, #1
10001a2e:	6063      	str	r3, [r4, #4]
10001a30:	464b      	mov	r3, r9
10001a32:	515f      	str	r7, [r3, r5]
10001a34:	bce0      	pop	{r5, r6, r7}
10001a36:	46ba      	mov	sl, r7
10001a38:	46b1      	mov	r9, r6
10001a3a:	46a8      	mov	r8, r5
10001a3c:	bdf0      	pop	{r4, r5, r6, r7, pc}
10001a3e:	6958      	ldr	r0, [r3, #20]
10001a40:	f000 f9de 	bl	10001e00 <__wrap___aeabi_uidiv>
10001a44:	3001      	adds	r0, #1
10001a46:	0043      	lsls	r3, r0, #1
10001a48:	181b      	adds	r3, r3, r0
10001a4a:	3b03      	subs	r3, #3
10001a4c:	d2fd      	bcs.n	10001a4a <clock_configure_undivided+0x8e>
10001a4e:	e7da      	b.n	10001a06 <clock_configure_undivided+0x4a>
10001a50:	4643      	mov	r3, r8
10001a52:	2b01      	cmp	r3, #1
10001a54:	d1cb      	bne.n	100019ee <clock_configure_undivided+0x32>
10001a56:	23c0      	movs	r3, #192	@ 0xc0
10001a58:	2203      	movs	r2, #3
10001a5a:	019b      	lsls	r3, r3, #6
10001a5c:	18e3      	adds	r3, r4, r3
10001a5e:	601a      	str	r2, [r3, #0]
10001a60:	3a02      	subs	r2, #2
10001a62:	68a3      	ldr	r3, [r4, #8]
10001a64:	421a      	tst	r2, r3
10001a66:	d0fc      	beq.n	10001a62 <clock_configure_undivided+0xa6>
10001a68:	0173      	lsls	r3, r6, #5
10001a6a:	26e0      	movs	r6, #224	@ 0xe0
10001a6c:	6822      	ldr	r2, [r4, #0]
10001a6e:	0085      	lsls	r5, r0, #2
10001a70:	4053      	eors	r3, r2
10001a72:	401e      	ands	r6, r3
10001a74:	2380      	movs	r3, #128	@ 0x80
10001a76:	4a0a      	ldr	r2, [pc, #40]	@ (10001aa0 <clock_configure_undivided+0xe4>)
10001a78:	015b      	lsls	r3, r3, #5
10001a7a:	4691      	mov	r9, r2
10001a7c:	18e3      	adds	r3, r4, r3
10001a7e:	601e      	str	r6, [r3, #0]
10001a80:	4642      	mov	r2, r8
10001a82:	6821      	ldr	r1, [r4, #0]
10001a84:	4051      	eors	r1, r2
10001a86:	2203      	movs	r2, #3
10001a88:	400a      	ands	r2, r1
10001a8a:	601a      	str	r2, [r3, #0]
10001a8c:	2301      	movs	r3, #1
10001a8e:	4642      	mov	r2, r8
10001a90:	4093      	lsls	r3, r2
10001a92:	68a2      	ldr	r2, [r4, #8]
10001a94:	4213      	tst	r3, r2
10001a96:	d0fc      	beq.n	10001a92 <clock_configure_undivided+0xd6>
10001a98:	e7c1      	b.n	10001a1e <clock_configure_undivided+0x62>
10001a9a:	46c0      	nop			@ (mov r8, r8)
10001a9c:	40008000 	.word	0x40008000
10001aa0:	20000cbc 	.word	0x20000cbc

10001aa4 <clock_get_hz>:
10001aa4:	4b01      	ldr	r3, [pc, #4]	@ (10001aac <clock_get_hz+0x8>)
10001aa6:	0080      	lsls	r0, r0, #2
10001aa8:	58c0      	ldr	r0, [r0, r3]
10001aaa:	4770      	bx	lr
10001aac:	20000cbc 	.word	0x20000cbc

10001ab0 <pll_init>:
10001ab0:	b5f8      	push	{r3, r4, r5, r6, r7, lr}
10001ab2:	0004      	movs	r4, r0
10001ab4:	4821      	ldr	r0, [pc, #132]	@ (10001b3c <pll_init+0x8c>)
10001ab6:	001e      	movs	r6, r3
10001ab8:	0017      	movs	r7, r2
10001aba:	000d      	movs	r5, r1
10001abc:	f000 f9a0 	bl	10001e00 <__wrap___aeabi_uidiv>
10001ac0:	0001      	movs	r1, r0
10001ac2:	0038      	movs	r0, r7
10001ac4:	f000 f99c 	bl	10001e00 <__wrap___aeabi_uidiv>
10001ac8:	9b06      	ldr	r3, [sp, #24]
10001aca:	0436      	lsls	r6, r6, #16
10001acc:	031b      	lsls	r3, r3, #12
10001ace:	431e      	orrs	r6, r3
10001ad0:	6823      	ldr	r3, [r4, #0]
10001ad2:	2b00      	cmp	r3, #0
10001ad4:	db20      	blt.n	10001b18 <pll_init+0x68>
10001ad6:	4b1a      	ldr	r3, [pc, #104]	@ (10001b40 <pll_init+0x90>)
10001ad8:	491a      	ldr	r1, [pc, #104]	@ (10001b44 <pll_init+0x94>)
10001ada:	18e3      	adds	r3, r4, r3
10001adc:	1e5a      	subs	r2, r3, #1
10001ade:	4193      	sbcs	r3, r2
10001ae0:	2280      	movs	r2, #128	@ 0x80
10001ae2:	0192      	lsls	r2, r2, #6
10001ae4:	4694      	mov	ip, r2
10001ae6:	425b      	negs	r3, r3
10001ae8:	0b1b      	lsrs	r3, r3, #12
10001aea:	4a17      	ldr	r2, [pc, #92]	@ (10001b48 <pll_init+0x98>)
10001aec:	031b      	lsls	r3, r3, #12
10001aee:	4463      	add	r3, ip
10001af0:	6013      	str	r3, [r2, #0]
10001af2:	4a16      	ldr	r2, [pc, #88]	@ (10001b4c <pll_init+0x9c>)
10001af4:	6013      	str	r3, [r2, #0]
10001af6:	001f      	movs	r7, r3
10001af8:	680a      	ldr	r2, [r1, #0]
10001afa:	4397      	bics	r7, r2
10001afc:	d1fb      	bne.n	10001af6 <pll_init+0x46>
10001afe:	4b14      	ldr	r3, [pc, #80]	@ (10001b50 <pll_init+0xa0>)
10001b00:	6025      	str	r5, [r4, #0]
10001b02:	18e2      	adds	r2, r4, r3
10001b04:	2321      	movs	r3, #33	@ 0x21
10001b06:	60a0      	str	r0, [r4, #8]
10001b08:	6013      	str	r3, [r2, #0]
10001b0a:	6823      	ldr	r3, [r4, #0]
10001b0c:	2b00      	cmp	r3, #0
10001b0e:	dafc      	bge.n	10001b0a <pll_init+0x5a>
10001b10:	2308      	movs	r3, #8
10001b12:	60e6      	str	r6, [r4, #12]
10001b14:	6013      	str	r3, [r2, #0]
10001b16:	bdf8      	pop	{r3, r4, r5, r6, r7, pc}
10001b18:	233f      	movs	r3, #63	@ 0x3f
10001b1a:	6822      	ldr	r2, [r4, #0]
10001b1c:	4013      	ands	r3, r2
10001b1e:	42ab      	cmp	r3, r5
10001b20:	d1d9      	bne.n	10001ad6 <pll_init+0x26>
10001b22:	68a3      	ldr	r3, [r4, #8]
10001b24:	051b      	lsls	r3, r3, #20
10001b26:	0d1b      	lsrs	r3, r3, #20
10001b28:	4283      	cmp	r3, r0
10001b2a:	d1d4      	bne.n	10001ad6 <pll_init+0x26>
10001b2c:	22ee      	movs	r2, #238	@ 0xee
10001b2e:	68e3      	ldr	r3, [r4, #12]
10001b30:	02d2      	lsls	r2, r2, #11
10001b32:	4013      	ands	r3, r2
10001b34:	42b3      	cmp	r3, r6
10001b36:	d1ce      	bne.n	10001ad6 <pll_init+0x26>
10001b38:	e7ed      	b.n	10001b16 <pll_init+0x66>
10001b3a:	46c0      	nop			@ (mov r8, r8)
10001b3c:	00b71b00 	.word	0x00b71b00
10001b40:	bffd4000 	.word	0xbffd4000
10001b44:	4000c008 	.word	0x4000c008
10001b48:	4000e000 	.word	0x4000e000
10001b4c:	4000f000 	.word	0x4000f000
10001b50:	00003004 	.word	0x00003004

10001b54 <tick_start>:
10001b54:	2380      	movs	r3, #128	@ 0x80
10001b56:	4a02      	ldr	r2, [pc, #8]	@ (10001b60 <tick_start+0xc>)
10001b58:	009b      	lsls	r3, r3, #2
10001b5a:	430b      	orrs	r3, r1
10001b5c:	62d3      	str	r3, [r2, #44]	@ 0x2c
10001b5e:	4770      	bx	lr
10001b60:	40058000 	.word	0x40058000

10001b64 <rom_func_lookup>:
10001b64:	2300      	movs	r3, #0
10001b66:	b510      	push	{r4, lr}
10001b68:	0001      	movs	r1, r0
10001b6a:	8a98      	ldrh	r0, [r3, #20]
10001b6c:	8b1b      	ldrh	r3, [r3, #24]
10001b6e:	4798      	blx	r3
10001b70:	bd10      	pop	{r4, pc}
10001b72:	46c0      	nop			@ (mov r8, r8)

10001b74 <rom_data_lookup>:
10001b74:	2316      	movs	r3, #22
10001b76:	b510      	push	{r4, lr}
10001b78:	0001      	movs	r1, r0
10001b7a:	8818      	ldrh	r0, [r3, #0]
10001b7c:	3302      	adds	r3, #2
10001b7e:	881b      	ldrh	r3, [r3, #0]
10001b80:	4798      	blx	r3
10001b82:	bd10      	pop	{r4, pc}

10001b84 <rom_funcs_lookup>:
10001b84:	b5f8      	push	{r3, r4, r5, r6, r7, lr}
10001b86:	4647      	mov	r7, r8
10001b88:	46ce      	mov	lr, r9
10001b8a:	b580      	push	{r7, lr}
10001b8c:	1e0f      	subs	r7, r1, #0
10001b8e:	d018      	beq.n	10001bc2 <rom_funcs_lookup+0x3e>
10001b90:	2314      	movs	r3, #20
10001b92:	4699      	mov	r9, r3
10001b94:	3304      	adds	r3, #4
10001b96:	0004      	movs	r4, r0
10001b98:	2500      	movs	r5, #0
10001b9a:	2601      	movs	r6, #1
10001b9c:	4698      	mov	r8, r3
10001b9e:	464b      	mov	r3, r9
10001ba0:	8818      	ldrh	r0, [r3, #0]
10001ba2:	4643      	mov	r3, r8
10001ba4:	6821      	ldr	r1, [r4, #0]
10001ba6:	881b      	ldrh	r3, [r3, #0]
10001ba8:	4798      	blx	r3
10001baa:	c401      	stmia	r4!, {r0}
10001bac:	1e43      	subs	r3, r0, #1
10001bae:	4198      	sbcs	r0, r3
10001bb0:	3501      	adds	r5, #1
10001bb2:	4006      	ands	r6, r0
10001bb4:	42af      	cmp	r7, r5
10001bb6:	d1f2      	bne.n	10001b9e <rom_funcs_lookup+0x1a>
10001bb8:	0030      	movs	r0, r6
10001bba:	bcc0      	pop	{r6, r7}
10001bbc:	46b9      	mov	r9, r7
10001bbe:	46b0      	mov	r8, r6
10001bc0:	bdf8      	pop	{r3, r4, r5, r6, r7, pc}
10001bc2:	2601      	movs	r6, #1
10001bc4:	e7f8      	b.n	10001bb8 <rom_funcs_lookup+0x34>
10001bc6:	46c0      	nop			@ (mov r8, r8)

10001bc8 <xosc_init>:
10001bc8:	23aa      	movs	r3, #170	@ 0xaa
10001bca:	4a06      	ldr	r2, [pc, #24]	@ (10001be4 <xosc_init+0x1c>)
10001bcc:	011b      	lsls	r3, r3, #4
10001bce:	6013      	str	r3, [r2, #0]
10001bd0:	238d      	movs	r3, #141	@ 0x8d
10001bd2:	005b      	lsls	r3, r3, #1
10001bd4:	60d3      	str	r3, [r2, #12]
10001bd6:	4904      	ldr	r1, [pc, #16]	@ (10001be8 <xosc_init+0x20>)
10001bd8:	4b04      	ldr	r3, [pc, #16]	@ (10001bec <xosc_init+0x24>)
10001bda:	6019      	str	r1, [r3, #0]
10001bdc:	6853      	ldr	r3, [r2, #4]
10001bde:	2b00      	cmp	r3, #0
10001be0:	dafc      	bge.n	10001bdc <xosc_init+0x14>
10001be2:	4770      	bx	lr
10001be4:	40024000 	.word	0x40024000
10001be8:	00fab000 	.word	0x00fab000
10001bec:	40026000 	.word	0x40026000

10001bf0 <first_per_core_initializer>:
10001bf0:	4770      	bx	lr
10001bf2:	46c0      	nop			@ (mov r8, r8)

10001bf4 <hard_assertion_failure>:
10001bf4:	b510      	push	{r4, lr}
10001bf6:	4801      	ldr	r0, [pc, #4]	@ (10001bfc <hard_assertion_failure+0x8>)
10001bf8:	f7fe ffc4 	bl	10000b84 <panic>
10001bfc:	100057d8 	.word	0x100057d8

10001c00 <runtime_run_initializers>:
10001c00:	b570      	push	{r4, r5, r6, lr}
10001c02:	4d07      	ldr	r5, [pc, #28]	@ (10001c20 <runtime_run_initializers+0x20>)
10001c04:	4e07      	ldr	r6, [pc, #28]	@ (10001c24 <runtime_run_initializers+0x24>)
10001c06:	42b5      	cmp	r5, r6
10001c08:	d209      	bcs.n	10001c1e <runtime_run_initializers+0x1e>
10001c0a:	2400      	movs	r4, #0
10001c0c:	3e01      	subs	r6, #1
10001c0e:	1b76      	subs	r6, r6, r5
10001c10:	08b6      	lsrs	r6, r6, #2
10001c12:	cd08      	ldmia	r5!, {r3}
10001c14:	4798      	blx	r3
10001c16:	0023      	movs	r3, r4
10001c18:	3401      	adds	r4, #1
10001c1a:	42b3      	cmp	r3, r6
10001c1c:	d1f9      	bne.n	10001c12 <runtime_run_initializers+0x12>
10001c1e:	bd70      	pop	{r4, r5, r6, pc}
10001c20:	10005730 	.word	0x10005730
10001c24:	1000576c 	.word	0x1000576c

10001c28 <runtime_init_early_resets>:
10001c28:	4b05      	ldr	r3, [pc, #20]	@ (10001c40 <runtime_init_early_resets+0x18>)
10001c2a:	4a06      	ldr	r2, [pc, #24]	@ (10001c44 <runtime_init_early_resets+0x1c>)
10001c2c:	4906      	ldr	r1, [pc, #24]	@ (10001c48 <runtime_init_early_resets+0x20>)
10001c2e:	601a      	str	r2, [r3, #0]
10001c30:	4a06      	ldr	r2, [pc, #24]	@ (10001c4c <runtime_init_early_resets+0x24>)
10001c32:	4b07      	ldr	r3, [pc, #28]	@ (10001c50 <runtime_init_early_resets+0x28>)
10001c34:	601a      	str	r2, [r3, #0]
10001c36:	0010      	movs	r0, r2
10001c38:	680b      	ldr	r3, [r1, #0]
10001c3a:	4398      	bics	r0, r3
10001c3c:	d1fb      	bne.n	10001c36 <runtime_init_early_resets+0xe>
10001c3e:	4770      	bx	lr
10001c40:	4000e000 	.word	0x4000e000
10001c44:	fefbcdbf 	.word	0xfefbcdbf
10001c48:	4000c008 	.word	0x4000c008
10001c4c:	003c7ffe 	.word	0x003c7ffe
10001c50:	4000f000 	.word	0x4000f000

10001c54 <runtime_init_usb_power_down>:
10001c54:	4b04      	ldr	r3, [pc, #16]	@ (10001c68 <runtime_init_usb_power_down+0x14>)
10001c56:	6cdb      	ldr	r3, [r3, #76]	@ 0x4c
10001c58:	2b00      	cmp	r3, #0
10001c5a:	d103      	bne.n	10001c64 <runtime_init_usb_power_down+0x10>
10001c5c:	2280      	movs	r2, #128	@ 0x80
10001c5e:	4b03      	ldr	r3, [pc, #12]	@ (10001c6c <runtime_init_usb_power_down+0x18>)
10001c60:	02d2      	lsls	r2, r2, #11
10001c62:	601a      	str	r2, [r3, #0]
10001c64:	4770      	bx	lr
10001c66:	46c0      	nop			@ (mov r8, r8)
10001c68:	50110000 	.word	0x50110000
10001c6c:	5011204c 	.word	0x5011204c

10001c70 <runtime_init_post_clock_resets>:
10001c70:	4a04      	ldr	r2, [pc, #16]	@ (10001c84 <runtime_init_post_clock_resets+0x14>)
10001c72:	4b05      	ldr	r3, [pc, #20]	@ (10001c88 <runtime_init_post_clock_resets+0x18>)
10001c74:	601a      	str	r2, [r3, #0]
10001c76:	4a05      	ldr	r2, [pc, #20]	@ (10001c8c <runtime_init_post_clock_resets+0x1c>)
10001c78:	6813      	ldr	r3, [r2, #0]
10001c7a:	01db      	lsls	r3, r3, #7
10001c7c:	3380      	adds	r3, #128	@ 0x80
10001c7e:	d1fb      	bne.n	10001c78 <runtime_init_post_clock_resets+0x8>
10001c80:	4770      	bx	lr
10001c82:	46c0      	nop			@ (mov r8, r8)
10001c84:	01ffffff 	.word	0x01ffffff
10001c88:	4000f000 	.word	0x4000f000
10001c8c:	4000c008 	.word	0x4000c008

10001c90 <runtime_init_rp2040_gpio_ie_disable>:
10001c90:	2240      	movs	r2, #64	@ 0x40
10001c92:	4b03      	ldr	r3, [pc, #12]	@ (10001ca0 <runtime_init_rp2040_gpio_ie_disable+0x10>)
10001c94:	679a      	str	r2, [r3, #120]	@ 0x78
10001c96:	675a      	str	r2, [r3, #116]	@ 0x74
10001c98:	671a      	str	r2, [r3, #112]	@ 0x70
10001c9a:	66da      	str	r2, [r3, #108]	@ 0x6c
10001c9c:	4770      	bx	lr
10001c9e:	46c0      	nop			@ (mov r8, r8)
10001ca0:	4001f000 	.word	0x4001f000

10001ca4 <runtime_init_spin_locks_reset>:
10001ca4:	b510      	push	{r4, lr}
10001ca6:	f7fe ffb3 	bl	10000c10 <spin_locks_reset>
10001caa:	bd10      	pop	{r4, pc}

10001cac <runtime_init_install_ram_vector_table>:
10001cac:	b570      	push	{r4, r5, r6, lr}
10001cae:	4d04      	ldr	r5, [pc, #16]	@ (10001cc0 <runtime_init_install_ram_vector_table+0x14>)
10001cb0:	4c04      	ldr	r4, [pc, #16]	@ (10001cc4 <runtime_init_install_ram_vector_table+0x18>)
10001cb2:	68a9      	ldr	r1, [r5, #8]
10001cb4:	22c0      	movs	r2, #192	@ 0xc0
10001cb6:	0020      	movs	r0, r4
10001cb8:	f000 ffe0 	bl	10002c7c <__wrap___aeabi_memcpy>
10001cbc:	60ac      	str	r4, [r5, #8]
10001cbe:	bd70      	pop	{r4, r5, r6, pc}
10001cc0:	e000ed00 	.word	0xe000ed00
10001cc4:	20000000 	.word	0x20000000

10001cc8 <runtime_init_clocks>:
10001cc8:	2300      	movs	r3, #0
10001cca:	b510      	push	{r4, lr}
10001ccc:	4c29      	ldr	r4, [pc, #164]	@ (10001d74 <runtime_init_clocks+0xac>)
10001cce:	b082      	sub	sp, #8
10001cd0:	67a3      	str	r3, [r4, #120]	@ 0x78
10001cd2:	f7ff ff79 	bl	10001bc8 <xosc_init>
10001cd6:	2201      	movs	r2, #1
10001cd8:	4b27      	ldr	r3, [pc, #156]	@ (10001d78 <runtime_init_clocks+0xb0>)
10001cda:	601a      	str	r2, [r3, #0]
10001cdc:	6c63      	ldr	r3, [r4, #68]	@ 0x44
10001cde:	2b01      	cmp	r3, #1
10001ce0:	d1fc      	bne.n	10001cdc <runtime_init_clocks+0x14>
10001ce2:	2203      	movs	r2, #3
10001ce4:	4b25      	ldr	r3, [pc, #148]	@ (10001d7c <runtime_init_clocks+0xb4>)
10001ce6:	601a      	str	r2, [r3, #0]
10001ce8:	4a22      	ldr	r2, [pc, #136]	@ (10001d74 <runtime_init_clocks+0xac>)
10001cea:	6b93      	ldr	r3, [r2, #56]	@ 0x38
10001cec:	2b01      	cmp	r3, #1
10001cee:	d1fc      	bne.n	10001cea <runtime_init_clocks+0x22>
10001cf0:	3301      	adds	r3, #1
10001cf2:	9300      	str	r3, [sp, #0]
10001cf4:	2101      	movs	r1, #1
10001cf6:	4a22      	ldr	r2, [pc, #136]	@ (10001d80 <runtime_init_clocks+0xb8>)
10001cf8:	4822      	ldr	r0, [pc, #136]	@ (10001d84 <runtime_init_clocks+0xbc>)
10001cfa:	3304      	adds	r3, #4
10001cfc:	f7ff fed8 	bl	10001ab0 <pll_init>
10001d00:	2305      	movs	r3, #5
10001d02:	2101      	movs	r1, #1
10001d04:	9300      	str	r3, [sp, #0]
10001d06:	4a20      	ldr	r2, [pc, #128]	@ (10001d88 <runtime_init_clocks+0xc0>)
10001d08:	4820      	ldr	r0, [pc, #128]	@ (10001d8c <runtime_init_clocks+0xc4>)
10001d0a:	f7ff fed1 	bl	10001ab0 <pll_init>
10001d0e:	2200      	movs	r2, #0
10001d10:	2102      	movs	r1, #2
10001d12:	2004      	movs	r0, #4
10001d14:	4b1e      	ldr	r3, [pc, #120]	@ (10001d90 <runtime_init_clocks+0xc8>)
10001d16:	f7ff fe51 	bl	100019bc <clock_configure_undivided>
10001d1a:	2200      	movs	r2, #0
10001d1c:	2101      	movs	r1, #1
10001d1e:	2005      	movs	r0, #5
10001d20:	4b1c      	ldr	r3, [pc, #112]	@ (10001d94 <runtime_init_clocks+0xcc>)
10001d22:	f7ff fe4b 	bl	100019bc <clock_configure_undivided>
10001d26:	2200      	movs	r2, #0
10001d28:	2100      	movs	r1, #0
10001d2a:	2007      	movs	r0, #7
10001d2c:	4b1a      	ldr	r3, [pc, #104]	@ (10001d98 <runtime_init_clocks+0xd0>)
10001d2e:	f7ff fe45 	bl	100019bc <clock_configure_undivided>
10001d32:	2200      	movs	r2, #0
10001d34:	2100      	movs	r1, #0
10001d36:	2008      	movs	r0, #8
10001d38:	4b17      	ldr	r3, [pc, #92]	@ (10001d98 <runtime_init_clocks+0xd0>)
10001d3a:	f7ff fe3f 	bl	100019bc <clock_configure_undivided>
10001d3e:	2380      	movs	r3, #128	@ 0x80
10001d40:	00db      	lsls	r3, r3, #3
10001d42:	9300      	str	r3, [sp, #0]
10001d44:	2200      	movs	r2, #0
10001d46:	2100      	movs	r1, #0
10001d48:	2009      	movs	r0, #9
10001d4a:	4b13      	ldr	r3, [pc, #76]	@ (10001d98 <runtime_init_clocks+0xd0>)
10001d4c:	f7ff fdbc 	bl	100018c8 <clock_configure_int_divider>
10001d50:	2200      	movs	r2, #0
10001d52:	4b10      	ldr	r3, [pc, #64]	@ (10001d94 <runtime_init_clocks+0xcc>)
10001d54:	2100      	movs	r1, #0
10001d56:	2006      	movs	r0, #6
10001d58:	f7ff fe30 	bl	100019bc <clock_configure_undivided>
10001d5c:	2004      	movs	r0, #4
10001d5e:	f7ff fea1 	bl	10001aa4 <clock_get_hz>
10001d62:	490e      	ldr	r1, [pc, #56]	@ (10001d9c <runtime_init_clocks+0xd4>)
10001d64:	f000 f84c 	bl	10001e00 <__wrap___aeabi_uidiv>
10001d68:	0001      	movs	r1, r0
10001d6a:	2000      	movs	r0, #0
10001d6c:	f7ff fef2 	bl	10001b54 <tick_start>
10001d70:	b002      	add	sp, #8
10001d72:	bd10      	pop	{r4, pc}
10001d74:	40008000 	.word	0x40008000
10001d78:	4000b03c 	.word	0x4000b03c
10001d7c:	4000b030 	.word	0x4000b030
10001d80:	59682f00 	.word	0x59682f00
10001d84:	40028000 	.word	0x40028000
10001d88:	47868c00 	.word	0x47868c00
10001d8c:	4002c000 	.word	0x4002c000
10001d90:	00b71b00 	.word	0x00b71b00
10001d94:	07735940 	.word	0x07735940
10001d98:	02dc6c00 	.word	0x02dc6c00
10001d9c:	000f4240 	.word	0x000f4240

10001da0 <__aeabi_bits_init>:
10001da0:	4801      	ldr	r0, [pc, #4]	@ (10001da8 <__aeabi_bits_init+0x8>)
10001da2:	2104      	movs	r1, #4
10001da4:	4b01      	ldr	r3, [pc, #4]	@ (10001dac <__aeabi_bits_init+0xc>)
10001da6:	4718      	bx	r3
10001da8:	20000200 	.word	0x20000200
10001dac:	10001b85 	.word	0x10001b85

10001db0 <__wrap___aeabi_idiv>:
10001db0:	4a12      	ldr	r2, [pc, #72]	@ (10001dfc <divmod_s32s32_savestate+0x18>)
10001db2:	6f93      	ldr	r3, [r2, #120]	@ 0x78
10001db4:	089b      	lsrs	r3, r3, #2
10001db6:	d215      	bcs.n	10001de4 <divmod_s32s32_savestate>

10001db8 <divmod_s32s32_unsafe>:
10001db8:	6690      	str	r0, [r2, #104]	@ 0x68
10001dba:	66d1      	str	r1, [r2, #108]	@ 0x6c
10001dbc:	2900      	cmp	r1, #0
10001dbe:	d005      	beq.n	10001dcc <divmod_s32s32_unsafe+0x14>
10001dc0:	e7ff      	b.n	10001dc2 <divmod_s32s32_unsafe+0xa>
10001dc2:	e7ff      	b.n	10001dc4 <divmod_s32s32_unsafe+0xc>
10001dc4:	e7ff      	b.n	10001dc6 <divmod_s32s32_unsafe+0xe>
10001dc6:	6f51      	ldr	r1, [r2, #116]	@ 0x74
10001dc8:	6f10      	ldr	r0, [r2, #112]	@ 0x70
10001dca:	4770      	bx	lr
10001dcc:	b504      	push	{r2, lr}
10001dce:	2180      	movs	r1, #128	@ 0x80
10001dd0:	0609      	lsls	r1, r1, #24
10001dd2:	17c2      	asrs	r2, r0, #31
10001dd4:	4051      	eors	r1, r2
10001dd6:	2800      	cmp	r0, #0
10001dd8:	d000      	beq.n	10001ddc <divmod_s32s32_unsafe+0x24>
10001dda:	43c8      	mvns	r0, r1
10001ddc:	f003 fc98 	bl	10005710 <____aeabi_idiv0_veneer>
10001de0:	2100      	movs	r1, #0
10001de2:	bd04      	pop	{r2, pc}

10001de4 <divmod_s32s32_savestate>:
10001de4:	b5f0      	push	{r4, r5, r6, r7, lr}
10001de6:	6e14      	ldr	r4, [r2, #96]	@ 0x60
10001de8:	6e55      	ldr	r5, [r2, #100]	@ 0x64
10001dea:	6f57      	ldr	r7, [r2, #116]	@ 0x74
10001dec:	6f16      	ldr	r6, [r2, #112]	@ 0x70
10001dee:	f7ff ffe3 	bl	10001db8 <divmod_s32s32_unsafe>
10001df2:	6614      	str	r4, [r2, #96]	@ 0x60
10001df4:	6655      	str	r5, [r2, #100]	@ 0x64
10001df6:	6757      	str	r7, [r2, #116]	@ 0x74
10001df8:	6716      	str	r6, [r2, #112]	@ 0x70
10001dfa:	bdf0      	pop	{r4, r5, r6, r7, pc}
10001dfc:	d0000000 	.word	0xd0000000

10001e00 <__wrap___aeabi_uidiv>:
10001e00:	4a11      	ldr	r2, [pc, #68]	@ (10001e48 <divmod_u32u32_savestate+0x18>)
10001e02:	6f93      	ldr	r3, [r2, #120]	@ 0x78
10001e04:	089b      	lsrs	r3, r3, #2
10001e06:	d213      	bcs.n	10001e30 <divmod_u32u32_savestate>

10001e08 <divmod_u32u32_unsafe>:
10001e08:	6610      	str	r0, [r2, #96]	@ 0x60
10001e0a:	6651      	str	r1, [r2, #100]	@ 0x64
10001e0c:	2900      	cmp	r1, #0
10001e0e:	d005      	beq.n	10001e1c <divmod_u32u32_unsafe+0x14>
10001e10:	e7ff      	b.n	10001e12 <divmod_u32u32_unsafe+0xa>
10001e12:	e7ff      	b.n	10001e14 <divmod_u32u32_unsafe+0xc>
10001e14:	e7ff      	b.n	10001e16 <divmod_u32u32_unsafe+0xe>
10001e16:	6f51      	ldr	r1, [r2, #116]	@ 0x74
10001e18:	6f10      	ldr	r0, [r2, #112]	@ 0x70
10001e1a:	4770      	bx	lr
10001e1c:	b504      	push	{r2, lr}
10001e1e:	2800      	cmp	r0, #0
10001e20:	d001      	beq.n	10001e26 <divmod_u32u32_unsafe+0x1e>
10001e22:	2000      	movs	r0, #0
10001e24:	43c0      	mvns	r0, r0
10001e26:	f003 fc73 	bl	10005710 <____aeabi_idiv0_veneer>
10001e2a:	2100      	movs	r1, #0
10001e2c:	bd04      	pop	{r2, pc}
10001e2e:	46c0      	nop			@ (mov r8, r8)

10001e30 <divmod_u32u32_savestate>:
10001e30:	b5f0      	push	{r4, r5, r6, r7, lr}
10001e32:	6e14      	ldr	r4, [r2, #96]	@ 0x60
10001e34:	6e55      	ldr	r5, [r2, #100]	@ 0x64
10001e36:	6f57      	ldr	r7, [r2, #116]	@ 0x74
10001e38:	6f16      	ldr	r6, [r2, #112]	@ 0x70
10001e3a:	f7ff ffe5 	bl	10001e08 <divmod_u32u32_unsafe>
10001e3e:	6614      	str	r4, [r2, #96]	@ 0x60
10001e40:	6655      	str	r5, [r2, #100]	@ 0x64
10001e42:	6757      	str	r7, [r2, #116]	@ 0x74
10001e44:	6716      	str	r6, [r2, #112]	@ 0x70
10001e46:	bdf0      	pop	{r4, r5, r6, r7, pc}
10001e48:	d0000000 	.word	0xd0000000

10001e4c <__wrap___aeabi_ldivmod>:
10001e4c:	4694      	mov	ip, r2
10001e4e:	4a4a      	ldr	r2, [pc, #296]	@ (10001f78 <udiv0+0x1a>)
10001e50:	6f92      	ldr	r2, [r2, #120]	@ 0x78
10001e52:	0892      	lsrs	r2, r2, #2
10001e54:	4662      	mov	r2, ip
10001e56:	d201      	bcs.n	10001e5c <divmod_s64s64_savestate>
10001e58:	e028      	b.n	10001eac <divmod_s64s64_unsafe>
10001e5a:	46c0      	nop			@ (mov r8, r8)

10001e5c <divmod_s64s64_savestate>:
10001e5c:	b5f0      	push	{r4, r5, r6, r7, lr}
10001e5e:	4e46      	ldr	r6, [pc, #280]	@ (10001f78 <udiv0+0x1a>)
10001e60:	6e34      	ldr	r4, [r6, #96]	@ 0x60
10001e62:	6e75      	ldr	r5, [r6, #100]	@ 0x64
10001e64:	6f77      	ldr	r7, [r6, #116]	@ 0x74
10001e66:	6f36      	ldr	r6, [r6, #112]	@ 0x70
10001e68:	f000 f820 	bl	10001eac <divmod_s64s64_unsafe>
10001e6c:	4694      	mov	ip, r2
10001e6e:	4a42      	ldr	r2, [pc, #264]	@ (10001f78 <udiv0+0x1a>)
10001e70:	6614      	str	r4, [r2, #96]	@ 0x60
10001e72:	6655      	str	r5, [r2, #100]	@ 0x64
10001e74:	6757      	str	r7, [r2, #116]	@ 0x74
10001e76:	6716      	str	r6, [r2, #112]	@ 0x70
10001e78:	4662      	mov	r2, ip
10001e7a:	bdf0      	pop	{r4, r5, r6, r7, pc}

10001e7c <__wrap___aeabi_uldivmod>:
10001e7c:	4694      	mov	ip, r2
10001e7e:	4a3e      	ldr	r2, [pc, #248]	@ (10001f78 <udiv0+0x1a>)
10001e80:	6f92      	ldr	r2, [r2, #120]	@ 0x78
10001e82:	0892      	lsrs	r2, r2, #2
10001e84:	4662      	mov	r2, ip
10001e86:	d201      	bcs.n	10001e8c <divmod_u64u64_savestate>
10001e88:	e054      	b.n	10001f34 <divmod_u64u64_unsafe>
10001e8a:	46c0      	nop			@ (mov r8, r8)

10001e8c <divmod_u64u64_savestate>:
10001e8c:	b5f0      	push	{r4, r5, r6, r7, lr}
10001e8e:	4e3a      	ldr	r6, [pc, #232]	@ (10001f78 <udiv0+0x1a>)
10001e90:	6e34      	ldr	r4, [r6, #96]	@ 0x60
10001e92:	6e75      	ldr	r5, [r6, #100]	@ 0x64
10001e94:	6f77      	ldr	r7, [r6, #116]	@ 0x74
10001e96:	6f36      	ldr	r6, [r6, #112]	@ 0x70
10001e98:	f000 f84c 	bl	10001f34 <divmod_u64u64_unsafe>
10001e9c:	4694      	mov	ip, r2
10001e9e:	4a36      	ldr	r2, [pc, #216]	@ (10001f78 <udiv0+0x1a>)
10001ea0:	6614      	str	r4, [r2, #96]	@ 0x60
10001ea2:	6655      	str	r5, [r2, #100]	@ 0x64
10001ea4:	6757      	str	r7, [r2, #116]	@ 0x74
10001ea6:	6716      	str	r6, [r2, #112]	@ 0x70
10001ea8:	4662      	mov	r2, ip
10001eaa:	bdf0      	pop	{r4, r5, r6, r7, pc}

10001eac <divmod_s64s64_unsafe>:
10001eac:	2b00      	cmp	r3, #0
10001eae:	db24      	blt.n	10001efa <l42_1+0x26>
10001eb0:	d011      	beq.n	10001ed6 <l42_1+0x2>
10001eb2:	2900      	cmp	r1, #0
10001eb4:	da3e      	bge.n	10001f34 <divmod_u64u64_unsafe>
10001eb6:	b500      	push	{lr}
10001eb8:	43c9      	mvns	r1, r1
10001eba:	4240      	negs	r0, r0
10001ebc:	d100      	bne.n	10001ec0 <l40_1>
10001ebe:	3101      	adds	r1, #1

10001ec0 <l40_1>:
10001ec0:	f000 f838 	bl	10001f34 <divmod_u64u64_unsafe>
10001ec4:	43c9      	mvns	r1, r1
10001ec6:	4240      	negs	r0, r0
10001ec8:	d100      	bne.n	10001ecc <l41_1>
10001eca:	3101      	adds	r1, #1

10001ecc <l41_1>:
10001ecc:	43db      	mvns	r3, r3
10001ece:	4252      	negs	r2, r2
10001ed0:	d100      	bne.n	10001ed4 <l42_1>
10001ed2:	3301      	adds	r3, #1

10001ed4 <l42_1>:
10001ed4:	bd00      	pop	{pc}
10001ed6:	2a00      	cmp	r2, #0
10001ed8:	d1eb      	bne.n	10001eb2 <divmod_s64s64_unsafe+0x6>
10001eda:	2800      	cmp	r0, #0
10001edc:	d101      	bne.n	10001ee2 <l42_1+0xe>
10001ede:	2900      	cmp	r1, #0
10001ee0:	d005      	beq.n	10001eee <l42_1+0x1a>
10001ee2:	2000      	movs	r0, #0
10001ee4:	0fc9      	lsrs	r1, r1, #31
10001ee6:	07c9      	lsls	r1, r1, #31
10001ee8:	d101      	bne.n	10001eee <l42_1+0x1a>
10001eea:	43c0      	mvns	r0, r0
10001eec:	0841      	lsrs	r1, r0, #1
10001eee:	b500      	push	{lr}
10001ef0:	f003 fc06 	bl	10005700 <____aeabi_ldiv0_veneer>
10001ef4:	2200      	movs	r2, #0
10001ef6:	2300      	movs	r3, #0
10001ef8:	bd00      	pop	{pc}
10001efa:	b500      	push	{lr}
10001efc:	2900      	cmp	r1, #0
10001efe:	db0a      	blt.n	10001f16 <l44_1+0x2>
10001f00:	43db      	mvns	r3, r3
10001f02:	4252      	negs	r2, r2
10001f04:	d100      	bne.n	10001f08 <l43_1>
10001f06:	3301      	adds	r3, #1

10001f08 <l43_1>:
10001f08:	f000 f814 	bl	10001f34 <divmod_u64u64_unsafe>
10001f0c:	43c9      	mvns	r1, r1
10001f0e:	4240      	negs	r0, r0
10001f10:	d100      	bne.n	10001f14 <l44_1>
10001f12:	3101      	adds	r1, #1

10001f14 <l44_1>:
10001f14:	bd00      	pop	{pc}
10001f16:	43c9      	mvns	r1, r1
10001f18:	4240      	negs	r0, r0
10001f1a:	d100      	bne.n	10001f1e <l45_1>
10001f1c:	3101      	adds	r1, #1

10001f1e <l45_1>:
10001f1e:	43db      	mvns	r3, r3
10001f20:	4252      	negs	r2, r2
10001f22:	d100      	bne.n	10001f26 <l46_1>
10001f24:	3301      	adds	r3, #1

10001f26 <l46_1>:
10001f26:	f000 f805 	bl	10001f34 <divmod_u64u64_unsafe>
10001f2a:	43db      	mvns	r3, r3
10001f2c:	4252      	negs	r2, r2
10001f2e:	d100      	bne.n	10001f32 <l47_1>
10001f30:	3301      	adds	r3, #1

10001f32 <l47_1>:
10001f32:	bd00      	pop	{pc}

10001f34 <divmod_u64u64_unsafe>:
10001f34:	2900      	cmp	r1, #0
10001f36:	d123      	bne.n	10001f80 <y64>
10001f38:	2b00      	cmp	r3, #0
10001f3a:	d118      	bne.n	10001f6e <udiv0+0x10>
10001f3c:	2a00      	cmp	r2, #0
10001f3e:	d00c      	beq.n	10001f5a <divmod_u64u64_unsafe+0x26>
10001f40:	46bc      	mov	ip, r7
10001f42:	4f0d      	ldr	r7, [pc, #52]	@ (10001f78 <udiv0+0x1a>)
10001f44:	6638      	str	r0, [r7, #96]	@ 0x60
10001f46:	667a      	str	r2, [r7, #100]	@ 0x64
10001f48:	2100      	movs	r1, #0
10001f4a:	2300      	movs	r3, #0
10001f4c:	e7ff      	b.n	10001f4e <divmod_u64u64_unsafe+0x1a>
10001f4e:	e7ff      	b.n	10001f50 <divmod_u64u64_unsafe+0x1c>
10001f50:	e7ff      	b.n	10001f52 <divmod_u64u64_unsafe+0x1e>
10001f52:	6f7a      	ldr	r2, [r7, #116]	@ 0x74
10001f54:	6f38      	ldr	r0, [r7, #112]	@ 0x70
10001f56:	4667      	mov	r7, ip
10001f58:	4770      	bx	lr
10001f5a:	2800      	cmp	r0, #0
10001f5c:	d001      	beq.n	10001f62 <udiv0+0x4>

10001f5e <udiv0>:
10001f5e:	4807      	ldr	r0, [pc, #28]	@ (10001f7c <udiv0+0x1e>)
10001f60:	0001      	movs	r1, r0
10001f62:	b500      	push	{lr}
10001f64:	f003 fbcc 	bl	10005700 <____aeabi_ldiv0_veneer>
10001f68:	2200      	movs	r2, #0
10001f6a:	2300      	movs	r3, #0
10001f6c:	bd00      	pop	{pc}
10001f6e:	0002      	movs	r2, r0
10001f70:	000b      	movs	r3, r1
10001f72:	2000      	movs	r0, #0
10001f74:	2100      	movs	r1, #0
10001f76:	4770      	bx	lr
10001f78:	d0000000 	.word	0xd0000000
10001f7c:	ffffffff 	.word	0xffffffff

10001f80 <y64>:
10001f80:	2b00      	cmp	r3, #0
10001f82:	d000      	beq.n	10001f86 <y64+0x6>
10001f84:	e0bf      	b.n	10002106 <y64_x48>
10001f86:	0c13      	lsrs	r3, r2, #16
10001f88:	d128      	bne.n	10001fdc <y64_x32>
10001f8a:	2a00      	cmp	r2, #0
10001f8c:	d0e7      	beq.n	10001f5e <udiv0>
10001f8e:	b480      	push	{r7}
10001f90:	4f11      	ldr	r7, [pc, #68]	@ (10001fd8 <y64+0x58>)
10001f92:	6639      	str	r1, [r7, #96]	@ 0x60
10001f94:	667a      	str	r2, [r7, #100]	@ 0x64
10001f96:	e7ff      	b.n	10001f98 <y64+0x18>
10001f98:	e7ff      	b.n	10001f9a <y64+0x1a>
10001f9a:	b430      	push	{r4, r5}
10001f9c:	0c04      	lsrs	r4, r0, #16
10001f9e:	6f7b      	ldr	r3, [r7, #116]	@ 0x74
10001fa0:	6f39      	ldr	r1, [r7, #112]	@ 0x70
10001fa2:	041b      	lsls	r3, r3, #16
10001fa4:	4323      	orrs	r3, r4
10001fa6:	663b      	str	r3, [r7, #96]	@ 0x60
10001fa8:	667a      	str	r2, [r7, #100]	@ 0x64
10001faa:	e7ff      	b.n	10001fac <y64+0x2c>
10001fac:	e7ff      	b.n	10001fae <y64+0x2e>
10001fae:	e7ff      	b.n	10001fb0 <y64+0x30>
10001fb0:	46c0      	nop			@ (mov r8, r8)
10001fb2:	b284      	uxth	r4, r0
10001fb4:	6f7b      	ldr	r3, [r7, #116]	@ 0x74
10001fb6:	6f3d      	ldr	r5, [r7, #112]	@ 0x70
10001fb8:	041b      	lsls	r3, r3, #16
10001fba:	4323      	orrs	r3, r4
10001fbc:	663b      	str	r3, [r7, #96]	@ 0x60
10001fbe:	667a      	str	r2, [r7, #100]	@ 0x64
10001fc0:	e7ff      	b.n	10001fc2 <y64+0x42>
10001fc2:	e7ff      	b.n	10001fc4 <y64+0x44>
10001fc4:	46c0      	nop			@ (mov r8, r8)
10001fc6:	2300      	movs	r3, #0
10001fc8:	042c      	lsls	r4, r5, #16
10001fca:	0c2d      	lsrs	r5, r5, #16
10001fcc:	6f7a      	ldr	r2, [r7, #116]	@ 0x74
10001fce:	6f38      	ldr	r0, [r7, #112]	@ 0x70
10001fd0:	1900      	adds	r0, r0, r4
10001fd2:	4169      	adcs	r1, r5
10001fd4:	bcb0      	pop	{r4, r5, r7}
10001fd6:	4770      	bx	lr
10001fd8:	d0000000 	.word	0xd0000000

10001fdc <y64_x32>:
10001fdc:	b5f0      	push	{r4, r5, r6, r7, lr}
10001fde:	4694      	mov	ip, r2
10001fe0:	2500      	movs	r5, #0
10001fe2:	0e14      	lsrs	r4, r2, #24
10001fe4:	d101      	bne.n	10001fea <y64_x32+0xe>
10001fe6:	0212      	lsls	r2, r2, #8
10001fe8:	3508      	adds	r5, #8
10001fea:	0f14      	lsrs	r4, r2, #28
10001fec:	d101      	bne.n	10001ff2 <y64_x32+0x16>
10001fee:	0112      	lsls	r2, r2, #4
10001ff0:	3504      	adds	r5, #4
10001ff2:	0f94      	lsrs	r4, r2, #30
10001ff4:	d101      	bne.n	10001ffa <y64_x32+0x1e>
10001ff6:	0092      	lsls	r2, r2, #2
10001ff8:	3502      	adds	r5, #2
10001ffa:	0fd4      	lsrs	r4, r2, #31
10001ffc:	d101      	bne.n	10002002 <y64_x32+0x26>
10001ffe:	0052      	lsls	r2, r2, #1
10002000:	3501      	adds	r5, #1
10002002:	0bd4      	lsrs	r4, r2, #15
10002004:	3401      	adds	r4, #1
10002006:	4f25      	ldr	r7, [pc, #148]	@ (1000209c <y64_x32+0xc0>)
10002008:	667c      	str	r4, [r7, #100]	@ 0x64
1000200a:	4c25      	ldr	r4, [pc, #148]	@ (100020a0 <y64_x32+0xc4>)
1000200c:	663c      	str	r4, [r7, #96]	@ 0x60
1000200e:	0c0e      	lsrs	r6, r1, #16
10002010:	b293      	uxth	r3, r2
10002012:	e7ff      	b.n	10002014 <y64_x32+0x38>
10002014:	e7ff      	b.n	10002016 <y64_x32+0x3a>
10002016:	e7ff      	b.n	10002018 <y64_x32+0x3c>
10002018:	6f3c      	ldr	r4, [r7, #112]	@ 0x70
1000201a:	4366      	muls	r6, r4
1000201c:	0c36      	lsrs	r6, r6, #16
1000201e:	0377      	lsls	r7, r6, #13
10002020:	46be      	mov	lr, r7
10002022:	4373      	muls	r3, r6
10002024:	0bdf      	lsrs	r7, r3, #15
10002026:	045b      	lsls	r3, r3, #17
10002028:	1ac0      	subs	r0, r0, r3
1000202a:	41b9      	sbcs	r1, r7
1000202c:	0c13      	lsrs	r3, r2, #16
1000202e:	4373      	muls	r3, r6
10002030:	18db      	adds	r3, r3, r3
10002032:	1ac9      	subs	r1, r1, r3
10002034:	08ce      	lsrs	r6, r1, #3
10002036:	4366      	muls	r6, r4
10002038:	0c36      	lsrs	r6, r6, #16
1000203a:	44b6      	add	lr, r6
1000203c:	b293      	uxth	r3, r2
1000203e:	4373      	muls	r3, r6
10002040:	0f1f      	lsrs	r7, r3, #28
10002042:	011b      	lsls	r3, r3, #4
10002044:	1ac0      	subs	r0, r0, r3
10002046:	41b9      	sbcs	r1, r7
10002048:	0c13      	lsrs	r3, r2, #16
1000204a:	4373      	muls	r3, r6
1000204c:	0b1f      	lsrs	r7, r3, #12
1000204e:	051b      	lsls	r3, r3, #20
10002050:	1ac0      	subs	r0, r0, r3
10002052:	41b9      	sbcs	r1, r7
10002054:	0d86      	lsrs	r6, r0, #22
10002056:	028f      	lsls	r7, r1, #10
10002058:	433e      	orrs	r6, r7
1000205a:	4366      	muls	r6, r4
1000205c:	0c36      	lsrs	r6, r6, #16
1000205e:	2d09      	cmp	r5, #9
10002060:	db24      	blt.n	100020ac <last0>
10002062:	0a52      	lsrs	r2, r2, #9
10002064:	4372      	muls	r2, r6
10002066:	1a80      	subs	r0, r0, r2
10002068:	0377      	lsls	r7, r6, #13
1000206a:	0a46      	lsrs	r6, r0, #9
1000206c:	4366      	muls	r6, r4
1000206e:	0c36      	lsrs	r6, r6, #16
10002070:	2316      	movs	r3, #22
10002072:	1b5b      	subs	r3, r3, r5
10002074:	40de      	lsrs	r6, r3
10002076:	40df      	lsrs	r7, r3
10002078:	19bf      	adds	r7, r7, r6
1000207a:	4664      	mov	r4, ip
1000207c:	4366      	muls	r6, r4
1000207e:	1b82      	subs	r2, r0, r6
10002080:	4670      	mov	r0, lr
10002082:	3504      	adds	r5, #4
10002084:	3306      	adds	r3, #6
10002086:	0001      	movs	r1, r0
10002088:	40d9      	lsrs	r1, r3
1000208a:	40a8      	lsls	r0, r5
1000208c:	19c0      	adds	r0, r0, r7
1000208e:	d300      	bcc.n	10002092 <y64_x32+0xb6>
10002090:	3101      	adds	r1, #1
10002092:	42a2      	cmp	r2, r4
10002094:	d206      	bcs.n	100020a4 <y64_x32+0xc8>
10002096:	2300      	movs	r3, #0
10002098:	bdf0      	pop	{r4, r5, r6, r7, pc}
1000209a:	0000      	.short	0x0000
1000209c:	d0000000 	.word	0xd0000000
100020a0:	ffffffff 	.word	0xffffffff
100020a4:	1b12      	subs	r2, r2, r4
100020a6:	3001      	adds	r0, #1
100020a8:	d3f3      	bcc.n	10002092 <y64_x32+0xb6>
100020aa:	e7f1      	b.n	10002090 <y64_x32+0xb4>

100020ac <last0>:
100020ac:	2709      	movs	r7, #9
100020ae:	1b7f      	subs	r7, r7, r5
100020b0:	40fe      	lsrs	r6, r7
100020b2:	4664      	mov	r4, ip
100020b4:	b2a2      	uxth	r2, r4
100020b6:	4372      	muls	r2, r6
100020b8:	1a80      	subs	r0, r0, r2
100020ba:	d200      	bcs.n	100020be <last0+0x12>
100020bc:	3901      	subs	r1, #1
100020be:	0c22      	lsrs	r2, r4, #16
100020c0:	4372      	muls	r2, r6
100020c2:	0c13      	lsrs	r3, r2, #16
100020c4:	0412      	lsls	r2, r2, #16
100020c6:	1a82      	subs	r2, r0, r2
100020c8:	4199      	sbcs	r1, r3
100020ca:	000b      	movs	r3, r1
100020cc:	4670      	mov	r0, lr
100020ce:	3504      	adds	r5, #4
100020d0:	3713      	adds	r7, #19
100020d2:	0001      	movs	r1, r0
100020d4:	40f9      	lsrs	r1, r7
100020d6:	40a8      	lsls	r0, r5
100020d8:	1980      	adds	r0, r0, r6
100020da:	d300      	bcc.n	100020de <last0+0x32>
100020dc:	3101      	adds	r1, #1
100020de:	2b00      	cmp	r3, #0
100020e0:	d102      	bne.n	100020e8 <last0+0x3c>
100020e2:	42a2      	cmp	r2, r4
100020e4:	d20a      	bcs.n	100020fc <last0+0x50>
100020e6:	bdf0      	pop	{r4, r5, r6, r7, pc}
100020e8:	3001      	adds	r0, #1
100020ea:	d300      	bcc.n	100020ee <last0+0x42>
100020ec:	3101      	adds	r1, #1
100020ee:	1b12      	subs	r2, r2, r4
100020f0:	d2fa      	bcs.n	100020e8 <last0+0x3c>
100020f2:	3b01      	subs	r3, #1
100020f4:	d1f8      	bne.n	100020e8 <last0+0x3c>
100020f6:	42a2      	cmp	r2, r4
100020f8:	d200      	bcs.n	100020fc <last0+0x50>
100020fa:	bdf0      	pop	{r4, r5, r6, r7, pc}
100020fc:	3001      	adds	r0, #1
100020fe:	d300      	bcc.n	10002102 <last0+0x56>
10002100:	3101      	adds	r1, #1
10002102:	1b12      	subs	r2, r2, r4
10002104:	e7f7      	b.n	100020f6 <last0+0x4a>

10002106 <y64_x48>:
10002106:	b5f0      	push	{r4, r5, r6, r7, lr}
10002108:	0c1c      	lsrs	r4, r3, #16
1000210a:	d000      	beq.n	1000210e <y64_x48+0x8>
1000210c:	e080      	b.n	10002210 <y64_x64>
1000210e:	b40c      	push	{r2, r3}
10002110:	2500      	movs	r5, #0
10002112:	0a1c      	lsrs	r4, r3, #8
10002114:	d104      	bne.n	10002120 <y64_x48+0x1a>
10002116:	021b      	lsls	r3, r3, #8
10002118:	0e16      	lsrs	r6, r2, #24
1000211a:	4333      	orrs	r3, r6
1000211c:	0212      	lsls	r2, r2, #8
1000211e:	3508      	adds	r5, #8
10002120:	0b1c      	lsrs	r4, r3, #12
10002122:	d104      	bne.n	1000212e <y64_x48+0x28>
10002124:	011b      	lsls	r3, r3, #4
10002126:	0f16      	lsrs	r6, r2, #28
10002128:	4333      	orrs	r3, r6
1000212a:	0112      	lsls	r2, r2, #4
1000212c:	3504      	adds	r5, #4
1000212e:	0b9c      	lsrs	r4, r3, #14
10002130:	d104      	bne.n	1000213c <y64_x48+0x36>
10002132:	009b      	lsls	r3, r3, #2
10002134:	0f96      	lsrs	r6, r2, #30
10002136:	4333      	orrs	r3, r6
10002138:	0092      	lsls	r2, r2, #2
1000213a:	3502      	adds	r5, #2
1000213c:	0bdc      	lsrs	r4, r3, #15
1000213e:	d102      	bne.n	10002146 <y64_x48+0x40>
10002140:	1892      	adds	r2, r2, r2
10002142:	415b      	adcs	r3, r3
10002144:	3501      	adds	r5, #1
10002146:	001c      	movs	r4, r3
10002148:	1897      	adds	r7, r2, r2
1000214a:	4164      	adcs	r4, r4
1000214c:	3401      	adds	r4, #1
1000214e:	4f46      	ldr	r7, [pc, #280]	@ (10002268 <y64_x64+0x58>)
10002150:	667c      	str	r4, [r7, #100]	@ 0x64
10002152:	4c46      	ldr	r4, [pc, #280]	@ (1000226c <y64_x64+0x5c>)
10002154:	663c      	str	r4, [r7, #96]	@ 0x60
10002156:	0c0e      	lsrs	r6, r1, #16
10002158:	e7ff      	b.n	1000215a <y64_x48+0x54>
1000215a:	e7ff      	b.n	1000215c <y64_x48+0x56>
1000215c:	e7ff      	b.n	1000215e <y64_x48+0x58>
1000215e:	46c0      	nop			@ (mov r8, r8)
10002160:	6f3c      	ldr	r4, [r7, #112]	@ 0x70
10002162:	4366      	muls	r6, r4
10002164:	0c36      	lsrs	r6, r6, #16
10002166:	0377      	lsls	r7, r6, #13
10002168:	46be      	mov	lr, r7
1000216a:	b297      	uxth	r7, r2
1000216c:	4377      	muls	r7, r6
1000216e:	1bc0      	subs	r0, r0, r7
10002170:	d200      	bcs.n	10002174 <y64_x48+0x6e>
10002172:	3901      	subs	r1, #1
10002174:	1bc0      	subs	r0, r0, r7
10002176:	d200      	bcs.n	1000217a <y64_x48+0x74>
10002178:	3901      	subs	r1, #1
1000217a:	b29f      	uxth	r7, r3
1000217c:	4377      	muls	r7, r6
1000217e:	1bc9      	subs	r1, r1, r7
10002180:	1bc9      	subs	r1, r1, r7
10002182:	0c17      	lsrs	r7, r2, #16
10002184:	4377      	muls	r7, r6
10002186:	047e      	lsls	r6, r7, #17
10002188:	0bff      	lsrs	r7, r7, #15
1000218a:	1b80      	subs	r0, r0, r6
1000218c:	41b9      	sbcs	r1, r7
1000218e:	08ce      	lsrs	r6, r1, #3
10002190:	4366      	muls	r6, r4
10002192:	0c36      	lsrs	r6, r6, #16
10002194:	2d0c      	cmp	r5, #12
10002196:	db33      	blt.n	10002200 <last1>
10002198:	44b6      	add	lr, r6
1000219a:	0b12      	lsrs	r2, r2, #12
1000219c:	051f      	lsls	r7, r3, #20
1000219e:	433a      	orrs	r2, r7
100021a0:	0b1b      	lsrs	r3, r3, #12
100021a2:	b297      	uxth	r7, r2
100021a4:	4377      	muls	r7, r6
100021a6:	1bc0      	subs	r0, r0, r7
100021a8:	d200      	bcs.n	100021ac <y64_x48+0xa6>
100021aa:	3901      	subs	r1, #1
100021ac:	b29f      	uxth	r7, r3
100021ae:	4377      	muls	r7, r6
100021b0:	1bc9      	subs	r1, r1, r7
100021b2:	0c17      	lsrs	r7, r2, #16
100021b4:	4377      	muls	r7, r6
100021b6:	043e      	lsls	r6, r7, #16
100021b8:	0c3f      	lsrs	r7, r7, #16
100021ba:	1b80      	subs	r0, r0, r6
100021bc:	41b9      	sbcs	r1, r7
100021be:	0d86      	lsrs	r6, r0, #22
100021c0:	028f      	lsls	r7, r1, #10
100021c2:	433e      	orrs	r6, r7
100021c4:	4366      	muls	r6, r4
100021c6:	2729      	movs	r7, #41	@ 0x29
100021c8:	1b7f      	subs	r7, r7, r5
100021ca:	40fe      	lsrs	r6, r7
100021cc:	3d0c      	subs	r5, #12
100021ce:	4677      	mov	r7, lr
100021d0:	40af      	lsls	r7, r5
100021d2:	19bf      	adds	r7, r7, r6
100021d4:	bc30      	pop	{r4, r5}
100021d6:	b2a2      	uxth	r2, r4
100021d8:	b2ab      	uxth	r3, r5
100021da:	4372      	muls	r2, r6
100021dc:	4373      	muls	r3, r6
100021de:	1a80      	subs	r0, r0, r2
100021e0:	4199      	sbcs	r1, r3
100021e2:	0c22      	lsrs	r2, r4, #16
100021e4:	4372      	muls	r2, r6
100021e6:	0c13      	lsrs	r3, r2, #16
100021e8:	0412      	lsls	r2, r2, #16
100021ea:	1a80      	subs	r0, r0, r2
100021ec:	4199      	sbcs	r1, r3
100021ee:	0002      	movs	r2, r0
100021f0:	000b      	movs	r3, r1
100021f2:	3701      	adds	r7, #1
100021f4:	1b00      	subs	r0, r0, r4
100021f6:	41a9      	sbcs	r1, r5
100021f8:	d2f9      	bcs.n	100021ee <y64_x48+0xe8>
100021fa:	1e78      	subs	r0, r7, #1
100021fc:	2100      	movs	r1, #0
100021fe:	bdf0      	pop	{r4, r5, r6, r7, pc}

10002200 <last1>:
10002200:	270c      	movs	r7, #12
10002202:	1b7f      	subs	r7, r7, r5
10002204:	40fe      	lsrs	r6, r7
10002206:	4677      	mov	r7, lr
10002208:	0b7f      	lsrs	r7, r7, #13
1000220a:	40af      	lsls	r7, r5
1000220c:	19ff      	adds	r7, r7, r7
1000220e:	e7e0      	b.n	100021d2 <y64_x48+0xcc>

10002210 <y64_x64>:
10002210:	2400      	movs	r4, #0
10002212:	1c5d      	adds	r5, r3, #1
10002214:	d007      	beq.n	10002226 <y64_x64+0x16>
10002216:	4f14      	ldr	r7, [pc, #80]	@ (10002268 <y64_x64+0x58>)
10002218:	667d      	str	r5, [r7, #100]	@ 0x64
1000221a:	6639      	str	r1, [r7, #96]	@ 0x60
1000221c:	e7ff      	b.n	1000221e <y64_x64+0xe>
1000221e:	e7ff      	b.n	10002220 <y64_x64+0x10>
10002220:	e7ff      	b.n	10002222 <y64_x64+0x12>
10002222:	e7ff      	b.n	10002224 <y64_x64+0x14>
10002224:	6f3c      	ldr	r4, [r7, #112]	@ 0x70
10002226:	b295      	uxth	r5, r2
10002228:	b29e      	uxth	r6, r3
1000222a:	4365      	muls	r5, r4
1000222c:	4366      	muls	r6, r4
1000222e:	1b40      	subs	r0, r0, r5
10002230:	41b1      	sbcs	r1, r6
10002232:	0c15      	lsrs	r5, r2, #16
10002234:	0c1e      	lsrs	r6, r3, #16
10002236:	4365      	muls	r5, r4
10002238:	4366      	muls	r6, r4
1000223a:	0436      	lsls	r6, r6, #16
1000223c:	0c2f      	lsrs	r7, r5, #16
1000223e:	433e      	orrs	r6, r7
10002240:	042d      	lsls	r5, r5, #16
10002242:	1b40      	subs	r0, r0, r5
10002244:	41b1      	sbcs	r1, r6
10002246:	4299      	cmp	r1, r3
10002248:	d204      	bcs.n	10002254 <y64_x64+0x44>
1000224a:	0002      	movs	r2, r0
1000224c:	000b      	movs	r3, r1
1000224e:	0020      	movs	r0, r4
10002250:	2100      	movs	r1, #0
10002252:	bdf0      	pop	{r4, r5, r6, r7, pc}
10002254:	d101      	bne.n	1000225a <y64_x64+0x4a>
10002256:	4290      	cmp	r0, r2
10002258:	d3f7      	bcc.n	1000224a <y64_x64+0x3a>
1000225a:	1a80      	subs	r0, r0, r2
1000225c:	4199      	sbcs	r1, r3
1000225e:	3401      	adds	r4, #1
10002260:	4299      	cmp	r1, r3
10002262:	d3f2      	bcc.n	1000224a <y64_x64+0x3a>
10002264:	e7f6      	b.n	10002254 <y64_x64+0x44>
10002266:	0000      	.short	0x0000
10002268:	d0000000 	.word	0xd0000000
1000226c:	ffffffff 	.word	0xffffffff

10002270 <__wrap___aeabi_drsub>:
10002270:	4048      	eors	r0, r1
10002272:	4041      	eors	r1, r0
10002274:	4048      	eors	r0, r1

10002276 <__wrap___aeabi_dsub>:
10002276:	b418      	push	{r3, r4}
10002278:	4b1b      	ldr	r3, [pc, #108]	@ (100022e8 <__wrap___aeabi_dmul+0x12>)
1000227a:	685b      	ldr	r3, [r3, #4]
1000227c:	46fc      	mov	ip, pc
1000227e:	9301      	str	r3, [sp, #4]
10002280:	bd08      	pop	{r3, pc}
10002282:	df04      	.short	0xdf04
10002284:	1000251b 	.word	0x1000251b

10002288 <__wrap___aeabi_dadd>:
10002288:	b418      	push	{r3, r4}
1000228a:	4b17      	ldr	r3, [pc, #92]	@ (100022e8 <__wrap___aeabi_dmul+0x12>)
1000228c:	681b      	ldr	r3, [r3, #0]
1000228e:	46fc      	mov	ip, pc
10002290:	9301      	str	r3, [sp, #4]
10002292:	bd08      	pop	{r3, pc}
10002294:	2525df00 	.word	0x2525df00
10002298:	1000      	.short	0x1000

1000229a <__wrap___aeabi_ddiv>:
1000229a:	4694      	mov	ip, r2
1000229c:	4a13      	ldr	r2, [pc, #76]	@ (100022ec <__wrap___aeabi_dmul+0x16>)
1000229e:	6f92      	ldr	r2, [r2, #120]	@ 0x78
100022a0:	0892      	lsrs	r2, r2, #2
100022a2:	d209      	bcs.n	100022b8 <ddiv_save_state>
100022a4:	4662      	mov	r2, ip

100022a6 <ddiv_shim_call>:
100022a6:	b418      	push	{r3, r4}
100022a8:	4b0f      	ldr	r3, [pc, #60]	@ (100022e8 <__wrap___aeabi_dmul+0x12>)
100022aa:	68db      	ldr	r3, [r3, #12]
100022ac:	46fc      	mov	ip, pc
100022ae:	9301      	str	r3, [sp, #4]
100022b0:	bd08      	pop	{r3, pc}
100022b2:	df0c      	.short	0xdf0c
100022b4:	100027dd 	.word	0x100027dd

100022b8 <ddiv_save_state>:
100022b8:	4a0c      	ldr	r2, [pc, #48]	@ (100022ec <__wrap___aeabi_dmul+0x16>)
100022ba:	b5f0      	push	{r4, r5, r6, r7, lr}
100022bc:	6e14      	ldr	r4, [r2, #96]	@ 0x60
100022be:	6e55      	ldr	r5, [r2, #100]	@ 0x64
100022c0:	6f57      	ldr	r7, [r2, #116]	@ 0x74
100022c2:	6f16      	ldr	r6, [r2, #112]	@ 0x70
100022c4:	4662      	mov	r2, ip
100022c6:	f7ff ffee 	bl	100022a6 <ddiv_shim_call>
100022ca:	4a08      	ldr	r2, [pc, #32]	@ (100022ec <__wrap___aeabi_dmul+0x16>)
100022cc:	6614      	str	r4, [r2, #96]	@ 0x60
100022ce:	6655      	str	r5, [r2, #100]	@ 0x64
100022d0:	6757      	str	r7, [r2, #116]	@ 0x74
100022d2:	6716      	str	r6, [r2, #112]	@ 0x70
100022d4:	bdf0      	pop	{r4, r5, r6, r7, pc}

100022d6 <__wrap___aeabi_dmul>:
100022d6:	b418      	push	{r3, r4}
100022d8:	4b03      	ldr	r3, [pc, #12]	@ (100022e8 <__wrap___aeabi_dmul+0x12>)
100022da:	689b      	ldr	r3, [r3, #8]
100022dc:	46fc      	mov	ip, pc
100022de:	9301      	str	r3, [sp, #4]
100022e0:	bd08      	pop	{r3, pc}
100022e2:	df08      	.short	0xdf08
100022e4:	10002681 	.word	0x10002681
100022e8:	20000920 	.word	0x20000920
100022ec:	d0000000 	.word	0xd0000000

100022f0 <__wrap___aeabi_cdrcmple>:
100022f0:	b5ff      	push	{r0, r1, r2, r3, r4, r5, r6, r7, lr}
100022f2:	4050      	eors	r0, r2
100022f4:	4042      	eors	r2, r0
100022f6:	4050      	eors	r0, r2
100022f8:	4059      	eors	r1, r3
100022fa:	404b      	eors	r3, r1
100022fc:	4059      	eors	r1, r3
100022fe:	e000      	b.n	10002302 <__aeabi_dfcmple_guts>

10002300 <__wrap___aeabi_cdcmpeq>:
10002300:	b5ff      	push	{r0, r1, r2, r3, r4, r5, r6, r7, lr}

10002302 <__aeabi_dfcmple_guts>:
10002302:	4f15      	ldr	r7, [pc, #84]	@ (10002358 <__aeabi_dfcmple_guts+0x56>)
10002304:	004c      	lsls	r4, r1, #1
10002306:	0d64      	lsrs	r4, r4, #21
10002308:	d003      	beq.n	10002312 <__aeabi_dfcmple_guts+0x10>
1000230a:	42bc      	cmp	r4, r7
1000230c:	d104      	bne.n	10002318 <__aeabi_dfcmple_guts+0x16>
1000230e:	030c      	lsls	r4, r1, #12
10002310:	d814      	bhi.n	1000233c <__aeabi_dfcmple_guts+0x3a>
10002312:	2000      	movs	r0, #0
10002314:	0d09      	lsrs	r1, r1, #20
10002316:	0509      	lsls	r1, r1, #20
10002318:	005c      	lsls	r4, r3, #1
1000231a:	0d64      	lsrs	r4, r4, #21
1000231c:	d003      	beq.n	10002326 <__aeabi_dfcmple_guts+0x24>
1000231e:	42bc      	cmp	r4, r7
10002320:	d104      	bne.n	1000232c <__aeabi_dfcmple_guts+0x2a>
10002322:	031c      	lsls	r4, r3, #12
10002324:	d80a      	bhi.n	1000233c <__aeabi_dfcmple_guts+0x3a>
10002326:	2200      	movs	r2, #0
10002328:	0d1b      	lsrs	r3, r3, #20
1000232a:	051b      	lsls	r3, r3, #20
1000232c:	2601      	movs	r6, #1
1000232e:	404b      	eors	r3, r1
10002330:	d409      	bmi.n	10002346 <__aeabi_dfcmple_guts+0x44>
10002332:	404b      	eors	r3, r1
10002334:	d503      	bpl.n	1000233e <__aeabi_dfcmple_guts+0x3c>
10002336:	428b      	cmp	r3, r1
10002338:	d100      	bne.n	1000233c <__aeabi_dfcmple_guts+0x3a>
1000233a:	4282      	cmp	r2, r0
1000233c:	bdff      	pop	{r0, r1, r2, r3, r4, r5, r6, r7, pc}
1000233e:	4299      	cmp	r1, r3
10002340:	d1fc      	bne.n	1000233c <__aeabi_dfcmple_guts+0x3a>
10002342:	4290      	cmp	r0, r2
10002344:	bdff      	pop	{r0, r1, r2, r3, r4, r5, r6, r7, pc}
10002346:	430b      	orrs	r3, r1
10002348:	18db      	adds	r3, r3, r3
1000234a:	4303      	orrs	r3, r0
1000234c:	4313      	orrs	r3, r2
1000234e:	d0f5      	beq.n	1000233c <__aeabi_dfcmple_guts+0x3a>
10002350:	43c9      	mvns	r1, r1
10002352:	1849      	adds	r1, r1, r1
10002354:	bdff      	pop	{r0, r1, r2, r3, r4, r5, r6, r7, pc}
10002356:	0000      	.short	0x0000
10002358:	000007ff 	.word	0x000007ff

1000235c <__wrap___aeabi_dcmplt>:
1000235c:	b500      	push	{lr}
1000235e:	f7ff ffcf 	bl	10002300 <__wrap___aeabi_cdcmpeq>
10002362:	4180      	sbcs	r0, r0
10002364:	bd00      	pop	{pc}
10002366:	46c0      	nop			@ (mov r8, r8)

10002368 <__wrap___aeabi_dcmple>:
10002368:	b500      	push	{lr}
1000236a:	f7ff ffc9 	bl	10002300 <__wrap___aeabi_cdcmpeq>
1000236e:	d901      	bls.n	10002374 <__wrap___aeabi_dcmple+0xc>
10002370:	2000      	movs	r0, #0
10002372:	bd00      	pop	{pc}
10002374:	2001      	movs	r0, #1
10002376:	bd00      	pop	{pc}

10002378 <__wrap___aeabi_dcmpge>:
10002378:	b500      	push	{lr}
1000237a:	f7ff ffb9 	bl	100022f0 <__wrap___aeabi_cdrcmple>
1000237e:	d901      	bls.n	10002384 <__wrap___aeabi_dcmpge+0xc>
10002380:	2000      	movs	r0, #0
10002382:	bd00      	pop	{pc}
10002384:	2001      	movs	r0, #1
10002386:	bd00      	pop	{pc}

10002388 <__wrap___aeabi_dcmpgt>:
10002388:	b500      	push	{lr}
1000238a:	f7ff ffb1 	bl	100022f0 <__wrap___aeabi_cdrcmple>
1000238e:	4180      	sbcs	r0, r0
10002390:	bd00      	pop	{pc}

10002392 <__wrap___aeabi_dcmpun>:
10002392:	2001      	movs	r0, #1
10002394:	0540      	lsls	r0, r0, #21
10002396:	004a      	lsls	r2, r1, #1
10002398:	1812      	adds	r2, r2, r0
1000239a:	d804      	bhi.n	100023a6 <__wrap___aeabi_dcmpun+0x14>
1000239c:	005a      	lsls	r2, r3, #1
1000239e:	1812      	adds	r2, r2, r0
100023a0:	d801      	bhi.n	100023a6 <__wrap___aeabi_dcmpun+0x14>
100023a2:	2000      	movs	r0, #0
100023a4:	4770      	bx	lr
100023a6:	2001      	movs	r0, #1
100023a8:	4770      	bx	lr
	...

100023ac <__wrap___aeabi_ui2d>:
100023ac:	2100      	movs	r1, #0
100023ae:	2800      	cmp	r0, #0
100023b0:	d105      	bne.n	100023be <__wrap___aeabi_i2d+0xa>
100023b2:	4770      	bx	lr

100023b4 <__wrap___aeabi_i2d>:
100023b4:	17c1      	asrs	r1, r0, #31
100023b6:	4048      	eors	r0, r1
100023b8:	1a40      	subs	r0, r0, r1
100023ba:	d0fa      	beq.n	100023b2 <__wrap___aeabi_ui2d+0x6>
100023bc:	07c9      	lsls	r1, r1, #31
100023be:	b513      	push	{r0, r1, r4, lr}
100023c0:	4b06      	ldr	r3, [pc, #24]	@ (100023dc <__wrap___aeabi_i2d+0x28>)
100023c2:	681b      	ldr	r3, [r3, #0]
100023c4:	4798      	blx	r3
100023c6:	bc0c      	pop	{r2, r3}
100023c8:	1c44      	adds	r4, r0, #1
100023ca:	40a2      	lsls	r2, r4
100023cc:	0510      	lsls	r0, r2, #20
100023ce:	0b12      	lsrs	r2, r2, #12
100023d0:	4903      	ldr	r1, [pc, #12]	@ (100023e0 <__wrap___aeabi_i2d+0x2c>)
100023d2:	1b09      	subs	r1, r1, r4
100023d4:	0509      	lsls	r1, r1, #20
100023d6:	4319      	orrs	r1, r3
100023d8:	4311      	orrs	r1, r2
100023da:	bd10      	pop	{r4, pc}
100023dc:	20000d2c 	.word	0x20000d2c
100023e0:	0000041f 	.word	0x0000041f

100023e4 <__wrap___aeabi_d2iz>:
100023e4:	b510      	push	{r4, lr}
100023e6:	004c      	lsls	r4, r1, #1
100023e8:	0d62      	lsrs	r2, r4, #21
100023ea:	2380      	movs	r3, #128	@ 0x80
100023ec:	18d2      	adds	r2, r2, r3
100023ee:	00db      	lsls	r3, r3, #3
100023f0:	1ad2      	subs	r2, r2, r3
100023f2:	055b      	lsls	r3, r3, #21
100023f4:	2a7e      	cmp	r2, #126	@ 0x7e
100023f6:	dd10      	ble.n	1000241a <__wrap___aeabi_d2iz+0x36>
100023f8:	3a9e      	subs	r2, #158	@ 0x9e
100023fa:	da13      	bge.n	10002424 <__wrap___aeabi_d2iz+0x40>
100023fc:	17cc      	asrs	r4, r1, #31
100023fe:	0309      	lsls	r1, r1, #12
10002400:	0849      	lsrs	r1, r1, #1
10002402:	4319      	orrs	r1, r3
10002404:	4252      	negs	r2, r2
10002406:	40d1      	lsrs	r1, r2
10002408:	0064      	lsls	r4, r4, #1
1000240a:	3401      	adds	r4, #1
1000240c:	3215      	adds	r2, #21
1000240e:	2a20      	cmp	r2, #32
10002410:	da05      	bge.n	1000241e <__wrap___aeabi_d2iz+0x3a>
10002412:	40d0      	lsrs	r0, r2
10002414:	4308      	orrs	r0, r1
10002416:	4360      	muls	r0, r4
10002418:	bd10      	pop	{r4, pc}
1000241a:	2000      	movs	r0, #0
1000241c:	bd10      	pop	{r4, pc}
1000241e:	4608      	mov	r0, r1
10002420:	4360      	muls	r0, r4
10002422:	bd10      	pop	{r4, pc}
10002424:	0fc8      	lsrs	r0, r1, #31
10002426:	18c0      	adds	r0, r0, r3
10002428:	3801      	subs	r0, #1
1000242a:	bd10      	pop	{r4, pc}

1000242c <__wrap___aeabi_d2uiz>:
1000242c:	b418      	push	{r3, r4}
1000242e:	4b04      	ldr	r3, [pc, #16]	@ (10002440 <__wrap___aeabi_d2uiz+0x14>)
10002430:	6a5b      	ldr	r3, [r3, #36]	@ 0x24
10002432:	46fc      	mov	ip, pc
10002434:	9301      	str	r3, [sp, #4]
10002436:	bd08      	pop	{r3, pc}
10002438:	298ddf24 	.word	0x298ddf24
1000243c:	00001000 	.word	0x00001000
10002440:	20000920 	.word	0x20000920

10002444 <__aeabi_double_init>:
10002444:	2313      	movs	r3, #19
10002446:	b570      	push	{r4, r5, r6, lr}
10002448:	781d      	ldrb	r5, [r3, #0]
1000244a:	2d01      	cmp	r5, #1
1000244c:	d019      	beq.n	10002482 <__aeabi_double_init+0x3e>
1000244e:	dd14      	ble.n	1000247a <__aeabi_double_init+0x36>
10002450:	481f      	ldr	r0, [pc, #124]	@ (100024d0 <__aeabi_double_init+0x8c>)
10002452:	f7ff fb8f 	bl	10001b74 <rom_data_lookup>
10002456:	0006      	movs	r6, r0
10002458:	481e      	ldr	r0, [pc, #120]	@ (100024d4 <__aeabi_double_init+0x90>)
1000245a:	f7ff fb8b 	bl	10001b74 <rom_data_lookup>
1000245e:	4c1e      	ldr	r4, [pc, #120]	@ (100024d8 <__aeabi_double_init+0x94>)
10002460:	2280      	movs	r2, #128	@ 0x80
10002462:	0031      	movs	r1, r6
10002464:	0020      	movs	r0, r4
10002466:	f000 fc09 	bl	10002c7c <__wrap___aeabi_memcpy>
1000246a:	2d02      	cmp	r5, #2
1000246c:	d02d      	beq.n	100024ca <__aeabi_double_init+0x86>
1000246e:	481b      	ldr	r0, [pc, #108]	@ (100024dc <__aeabi_double_init+0x98>)
10002470:	f7ff fb78 	bl	10001b64 <rom_func_lookup>
10002474:	4b1a      	ldr	r3, [pc, #104]	@ (100024e0 <__aeabi_double_init+0x9c>)
10002476:	6018      	str	r0, [r3, #0]
10002478:	bd70      	pop	{r4, r5, r6, pc}
1000247a:	4b1a      	ldr	r3, [pc, #104]	@ (100024e4 <__aeabi_double_init+0xa0>)
1000247c:	4c16      	ldr	r4, [pc, #88]	@ (100024d8 <__aeabi_double_init+0x94>)
1000247e:	64a3      	str	r3, [r4, #72]	@ 0x48
10002480:	e7f5      	b.n	1000246e <__aeabi_double_init+0x2a>
10002482:	4b18      	ldr	r3, [pc, #96]	@ (100024e4 <__aeabi_double_init+0xa0>)
10002484:	4c14      	ldr	r4, [pc, #80]	@ (100024d8 <__aeabi_double_init+0x94>)
10002486:	6023      	str	r3, [r4, #0]
10002488:	6063      	str	r3, [r4, #4]
1000248a:	60a3      	str	r3, [r4, #8]
1000248c:	60e3      	str	r3, [r4, #12]
1000248e:	6123      	str	r3, [r4, #16]
10002490:	6163      	str	r3, [r4, #20]
10002492:	61a3      	str	r3, [r4, #24]
10002494:	61e3      	str	r3, [r4, #28]
10002496:	6223      	str	r3, [r4, #32]
10002498:	6263      	str	r3, [r4, #36]	@ 0x24
1000249a:	62a3      	str	r3, [r4, #40]	@ 0x28
1000249c:	62e3      	str	r3, [r4, #44]	@ 0x2c
1000249e:	6323      	str	r3, [r4, #48]	@ 0x30
100024a0:	6363      	str	r3, [r4, #52]	@ 0x34
100024a2:	63a3      	str	r3, [r4, #56]	@ 0x38
100024a4:	63e3      	str	r3, [r4, #60]	@ 0x3c
100024a6:	6423      	str	r3, [r4, #64]	@ 0x40
100024a8:	6463      	str	r3, [r4, #68]	@ 0x44
100024aa:	64a3      	str	r3, [r4, #72]	@ 0x48
100024ac:	64e3      	str	r3, [r4, #76]	@ 0x4c
100024ae:	6523      	str	r3, [r4, #80]	@ 0x50
100024b0:	6563      	str	r3, [r4, #84]	@ 0x54
100024b2:	65a3      	str	r3, [r4, #88]	@ 0x58
100024b4:	65e3      	str	r3, [r4, #92]	@ 0x5c
100024b6:	6623      	str	r3, [r4, #96]	@ 0x60
100024b8:	6663      	str	r3, [r4, #100]	@ 0x64
100024ba:	66a3      	str	r3, [r4, #104]	@ 0x68
100024bc:	66e3      	str	r3, [r4, #108]	@ 0x6c
100024be:	6723      	str	r3, [r4, #112]	@ 0x70
100024c0:	6763      	str	r3, [r4, #116]	@ 0x74
100024c2:	67a3      	str	r3, [r4, #120]	@ 0x78
100024c4:	67e3      	str	r3, [r4, #124]	@ 0x7c
100024c6:	64a3      	str	r3, [r4, #72]	@ 0x48
100024c8:	e7d1      	b.n	1000246e <__aeabi_double_init+0x2a>
100024ca:	4b06      	ldr	r3, [pc, #24]	@ (100024e4 <__aeabi_double_init+0xa0>)
100024cc:	64a3      	str	r3, [r4, #72]	@ 0x48
100024ce:	e7ce      	b.n	1000246e <__aeabi_double_init+0x2a>
100024d0:	00004453 	.word	0x00004453
100024d4:	00004653 	.word	0x00004653
100024d8:	20000920 	.word	0x20000920
100024dc:	0000334c 	.word	0x0000334c
100024e0:	20000d2c 	.word	0x20000d2c
100024e4:	100024e9 	.word	0x100024e9

100024e8 <double_table_shim_on_use_helper>:
100024e8:	b507      	push	{r0, r1, r2, lr}
100024ea:	4660      	mov	r0, ip
100024ec:	8801      	ldrh	r1, [r0, #0]
100024ee:	0a0a      	lsrs	r2, r1, #8
100024f0:	3002      	adds	r0, #2
100024f2:	2adf      	cmp	r2, #223	@ 0xdf
100024f4:	d1fa      	bne.n	100024ec <double_table_shim_on_use_helper+0x4>
100024f6:	b2c9      	uxtb	r1, r1
100024f8:	0882      	lsrs	r2, r0, #2
100024fa:	d304      	bcc.n	10002506 <double_table_shim_on_use_helper+0x1e>
100024fc:	8802      	ldrh	r2, [r0, #0]
100024fe:	8840      	ldrh	r0, [r0, #2]
10002500:	0400      	lsls	r0, r0, #16
10002502:	4310      	orrs	r0, r2
10002504:	e000      	b.n	10002508 <double_table_shim_on_use_helper+0x20>
10002506:	6800      	ldr	r0, [r0, #0]
10002508:	4a01      	ldr	r2, [pc, #4]	@ (10002510 <double_table_shim_on_use_helper+0x28>)
1000250a:	5050      	str	r0, [r2, r1]
1000250c:	9003      	str	r0, [sp, #12]
1000250e:	bd07      	pop	{r0, r1, r2, pc}
10002510:	20000920 	.word	0x20000920

10002514 <drsub_shim>:
10002514:	b40f      	push	{r0, r1, r2, r3}
10002516:	bc03      	pop	{r0, r1}
10002518:	bc0c      	pop	{r2, r3}

1000251a <dsub_shim>:
1000251a:	b5f0      	push	{r4, r5, r6, r7, lr}
1000251c:	2401      	movs	r4, #1
1000251e:	07e4      	lsls	r4, r4, #31
10002520:	4063      	eors	r3, r4
10002522:	e000      	b.n	10002526 <da_entry>

10002524 <dadd_shim>:
10002524:	b5f0      	push	{r4, r5, r6, r7, lr}

10002526 <da_entry>:
10002526:	0d0c      	lsrs	r4, r1, #20
10002528:	0fcf      	lsrs	r7, r1, #31
1000252a:	1e66      	subs	r6, r4, #1
1000252c:	0536      	lsls	r6, r6, #20
1000252e:	1b89      	subs	r1, r1, r6
10002530:	0564      	lsls	r4, r4, #21
10002532:	d303      	bcc.n	1000253c <l8_1>
10002534:	43c9      	mvns	r1, r1
10002536:	4240      	negs	r0, r0
10002538:	d300      	bcc.n	1000253c <l8_1>
1000253a:	3101      	adds	r1, #1

1000253c <l8_1>:
1000253c:	0d64      	lsrs	r4, r4, #21
1000253e:	d003      	beq.n	10002548 <l8_2>
10002540:	1c66      	adds	r6, r4, #1
10002542:	0af6      	lsrs	r6, r6, #11
10002544:	d007      	beq.n	10002556 <l8_3>
10002546:	1be4      	subs	r4, r4, r7

10002548 <l8_2>:
10002548:	2000      	movs	r0, #0
1000254a:	007f      	lsls	r7, r7, #1
1000254c:	1c79      	adds	r1, r7, #1
1000254e:	0789      	lsls	r1, r1, #30
10002550:	1289      	asrs	r1, r1, #10
10002552:	3c80      	subs	r4, #128	@ 0x80
10002554:	0324      	lsls	r4, r4, #12

10002556 <l8_3>:
10002556:	0d1d      	lsrs	r5, r3, #20
10002558:	0fdf      	lsrs	r7, r3, #31
1000255a:	1e6e      	subs	r6, r5, #1
1000255c:	0536      	lsls	r6, r6, #20
1000255e:	1b9b      	subs	r3, r3, r6
10002560:	056d      	lsls	r5, r5, #21
10002562:	d303      	bcc.n	1000256c <l9_1>
10002564:	43db      	mvns	r3, r3
10002566:	4252      	negs	r2, r2
10002568:	d300      	bcc.n	1000256c <l9_1>
1000256a:	3301      	adds	r3, #1

1000256c <l9_1>:
1000256c:	0d6d      	lsrs	r5, r5, #21
1000256e:	d003      	beq.n	10002578 <l9_2>
10002570:	1c6e      	adds	r6, r5, #1
10002572:	0af6      	lsrs	r6, r6, #11
10002574:	d007      	beq.n	10002586 <l9_3>
10002576:	1bed      	subs	r5, r5, r7

10002578 <l9_2>:
10002578:	2200      	movs	r2, #0
1000257a:	007f      	lsls	r7, r7, #1
1000257c:	1c7b      	adds	r3, r7, #1
1000257e:	079b      	lsls	r3, r3, #30
10002580:	129b      	asrs	r3, r3, #10
10002582:	3d80      	subs	r5, #128	@ 0x80
10002584:	032d      	lsls	r5, r5, #12

10002586 <l9_3>:
10002586:	1b2f      	subs	r7, r5, r4
10002588:	1b66      	subs	r6, r4, r5
1000258a:	d458      	bmi.n	1000263e <da_ygtx>
1000258c:	46a4      	mov	ip, r4
1000258e:	2e20      	cmp	r6, #32
10002590:	da46      	bge.n	10002620 <da_xrgty>
10002592:	3720      	adds	r7, #32
10002594:	0014      	movs	r4, r2
10002596:	40bc      	lsls	r4, r7

10002598 <da_xgty0>:
10002598:	001d      	movs	r5, r3
1000259a:	40bd      	lsls	r5, r7
1000259c:	40f2      	lsrs	r2, r6
1000259e:	4133      	asrs	r3, r6
100025a0:	432a      	orrs	r2, r5

100025a2 <da_add>:
100025a2:	1880      	adds	r0, r0, r2
100025a4:	4159      	adcs	r1, r3

100025a6 <da_pack>:
100025a6:	0fcb      	lsrs	r3, r1, #31
100025a8:	d005      	beq.n	100025b6 <da_pack+0x10>
100025aa:	43c9      	mvns	r1, r1
100025ac:	43c0      	mvns	r0, r0
100025ae:	2200      	movs	r2, #0
100025b0:	4264      	negs	r4, r4
100025b2:	4150      	adcs	r0, r2
100025b4:	4151      	adcs	r1, r2
100025b6:	4662      	mov	r2, ip
100025b8:	0d4d      	lsrs	r5, r1, #21
100025ba:	d128      	bne.n	1000260e <da_0>
100025bc:	0d0d      	lsrs	r5, r1, #20
100025be:	d107      	bne.n	100025d0 <da_1>
100025c0:	2800      	cmp	r0, #0
100025c2:	d01f      	beq.n	10002604 <da_5>

100025c4 <da_2>:
100025c4:	1924      	adds	r4, r4, r4
100025c6:	4140      	adcs	r0, r0
100025c8:	4149      	adcs	r1, r1
100025ca:	3a01      	subs	r2, #1
100025cc:	0d0d      	lsrs	r5, r1, #20
100025ce:	d0f9      	beq.n	100025c4 <da_2>

100025d0 <da_1>:
100025d0:	0064      	lsls	r4, r4, #1
100025d2:	d306      	bcc.n	100025e2 <da_3>

100025d4 <da_4>:
100025d4:	3001      	adds	r0, #1
100025d6:	d300      	bcc.n	100025da <da_4+0x6>
100025d8:	3101      	adds	r1, #1
100025da:	2c00      	cmp	r4, #0
100025dc:	d101      	bne.n	100025e2 <da_3>
100025de:	0840      	lsrs	r0, r0, #1
100025e0:	0040      	lsls	r0, r0, #1

100025e2 <da_3>:
100025e2:	3a01      	subs	r2, #1
100025e4:	d40b      	bmi.n	100025fe <da_6>
100025e6:	1c94      	adds	r4, r2, #2
100025e8:	0ae4      	lsrs	r4, r4, #11
100025ea:	d104      	bne.n	100025f6 <da_7>
100025ec:	0512      	lsls	r2, r2, #20
100025ee:	4411      	add	r1, r2
100025f0:	07db      	lsls	r3, r3, #31
100025f2:	4419      	add	r1, r3
100025f4:	bdf0      	pop	{r4, r5, r6, r7, pc}

100025f6 <da_7>:
100025f6:	07d9      	lsls	r1, r3, #31
100025f8:	4b20      	ldr	r3, [pc, #128]	@ (1000267c <da_xmgty+0x4>)
100025fa:	4319      	orrs	r1, r3
100025fc:	e000      	b.n	10002600 <da_6+0x2>

100025fe <da_6>:
100025fe:	07d9      	lsls	r1, r3, #31
10002600:	2000      	movs	r0, #0
10002602:	bdf0      	pop	{r4, r5, r6, r7, pc}

10002604 <da_5>:
10002604:	2900      	cmp	r1, #0
10002606:	d1dd      	bne.n	100025c4 <da_2>
10002608:	2c00      	cmp	r4, #0
1000260a:	d1db      	bne.n	100025c4 <da_2>
1000260c:	bdf0      	pop	{r4, r5, r6, r7, pc}

1000260e <da_0>:
1000260e:	3201      	adds	r2, #1
10002610:	07c6      	lsls	r6, r0, #31
10002612:	0840      	lsrs	r0, r0, #1
10002614:	07cd      	lsls	r5, r1, #31
10002616:	4328      	orrs	r0, r5
10002618:	0849      	lsrs	r1, r1, #1
1000261a:	2e00      	cmp	r6, #0
1000261c:	d0e1      	beq.n	100025e2 <da_3>
1000261e:	e7d9      	b.n	100025d4 <da_4>

10002620 <da_xrgty>:
10002620:	2e3c      	cmp	r6, #60	@ 0x3c
10002622:	da29      	bge.n	10002678 <da_xmgty>
10002624:	3e20      	subs	r6, #32
10002626:	3740      	adds	r7, #64	@ 0x40
10002628:	0014      	movs	r4, r2
1000262a:	40bc      	lsls	r4, r7
1000262c:	d000      	beq.n	10002630 <da_xrgty+0x10>
1000262e:	2401      	movs	r4, #1
10002630:	40f2      	lsrs	r2, r6
10002632:	4314      	orrs	r4, r2
10002634:	001a      	movs	r2, r3
10002636:	40bb      	lsls	r3, r7
10002638:	431c      	orrs	r4, r3
1000263a:	17d3      	asrs	r3, r2, #31
1000263c:	e7ac      	b.n	10002598 <da_xgty0>

1000263e <da_ygtx>:
1000263e:	46ac      	mov	ip, r5
10002640:	2f20      	cmp	r7, #32
10002642:	da08      	bge.n	10002656 <da_yrgtx>
10002644:	3620      	adds	r6, #32
10002646:	0004      	movs	r4, r0
10002648:	40b4      	lsls	r4, r6

1000264a <da_ygtx0>:
1000264a:	000d      	movs	r5, r1
1000264c:	40b5      	lsls	r5, r6
1000264e:	40f8      	lsrs	r0, r7
10002650:	4139      	asrs	r1, r7
10002652:	4328      	orrs	r0, r5
10002654:	e7a5      	b.n	100025a2 <da_add>

10002656 <da_yrgtx>:
10002656:	2f3c      	cmp	r7, #60	@ 0x3c
10002658:	da0c      	bge.n	10002674 <da_ymgtx>
1000265a:	3f20      	subs	r7, #32
1000265c:	3640      	adds	r6, #64	@ 0x40
1000265e:	0004      	movs	r4, r0
10002660:	40b4      	lsls	r4, r6
10002662:	d000      	beq.n	10002666 <da_yrgtx+0x10>
10002664:	2401      	movs	r4, #1
10002666:	40f8      	lsrs	r0, r7
10002668:	4304      	orrs	r4, r0
1000266a:	0008      	movs	r0, r1
1000266c:	40b1      	lsls	r1, r6
1000266e:	430c      	orrs	r4, r1
10002670:	17c1      	asrs	r1, r0, #31
10002672:	e7ea      	b.n	1000264a <da_ygtx0>

10002674 <da_ymgtx>:
10002674:	0010      	movs	r0, r2
10002676:	0019      	movs	r1, r3

10002678 <da_xmgty>:
10002678:	2400      	movs	r4, #0
1000267a:	e794      	b.n	100025a6 <da_pack>
1000267c:	7ff00000 	.word	0x7ff00000

10002680 <dmul_shim>:
10002680:	b5f0      	push	{r4, r5, r6, r7, lr}
10002682:	0d0c      	lsrs	r4, r1, #20
10002684:	1e66      	subs	r6, r4, #1
10002686:	0536      	lsls	r6, r6, #20
10002688:	1b89      	subs	r1, r1, r6
1000268a:	0ae6      	lsrs	r6, r4, #11
1000268c:	0564      	lsls	r4, r4, #21
1000268e:	0d64      	lsrs	r4, r4, #21
10002690:	d002      	beq.n	10002698 <l12_1>
10002692:	1c65      	adds	r5, r4, #1
10002694:	0aed      	lsrs	r5, r5, #11
10002696:	d004      	beq.n	100026a2 <l12_2>

10002698 <l12_1>:
10002698:	2000      	movs	r0, #0
1000269a:	2101      	movs	r1, #1
1000269c:	0509      	lsls	r1, r1, #20
1000269e:	3c80      	subs	r4, #128	@ 0x80
100026a0:	0324      	lsls	r4, r4, #12

100026a2 <l12_2>:
100026a2:	46a4      	mov	ip, r4
100026a4:	0d1c      	lsrs	r4, r3, #20
100026a6:	1e67      	subs	r7, r4, #1
100026a8:	053f      	lsls	r7, r7, #20
100026aa:	1bdb      	subs	r3, r3, r7
100026ac:	0ae7      	lsrs	r7, r4, #11
100026ae:	0564      	lsls	r4, r4, #21
100026b0:	0d64      	lsrs	r4, r4, #21
100026b2:	d002      	beq.n	100026ba <l13_1>
100026b4:	1c65      	adds	r5, r4, #1
100026b6:	0aed      	lsrs	r5, r5, #11
100026b8:	d004      	beq.n	100026c4 <l13_2>

100026ba <l13_1>:
100026ba:	2200      	movs	r2, #0
100026bc:	2301      	movs	r3, #1
100026be:	051b      	lsls	r3, r3, #20
100026c0:	3c80      	subs	r4, #128	@ 0x80
100026c2:	0324      	lsls	r4, r4, #12

100026c4 <l13_2>:
100026c4:	4077      	eors	r7, r6
100026c6:	4464      	add	r4, ip
100026c8:	b497      	push	{r0, r1, r2, r4, r7}
100026ca:	b284      	uxth	r4, r0
100026cc:	b296      	uxth	r6, r2
100026ce:	4374      	muls	r4, r6
100026d0:	0c07      	lsrs	r7, r0, #16
100026d2:	437e      	muls	r6, r7
100026d4:	0c15      	lsrs	r5, r2, #16
100026d6:	436f      	muls	r7, r5
100026d8:	b280      	uxth	r0, r0
100026da:	4368      	muls	r0, r5
100026dc:	1836      	adds	r6, r6, r0
100026de:	d302      	bcc.n	100026e6 <l14_1>
100026e0:	2001      	movs	r0, #1
100026e2:	0400      	lsls	r0, r0, #16
100026e4:	183f      	adds	r7, r7, r0

100026e6 <l14_1>:
100026e6:	0430      	lsls	r0, r6, #16
100026e8:	0c35      	lsrs	r5, r6, #16
100026ea:	1900      	adds	r0, r0, r4
100026ec:	417d      	adcs	r5, r7
100026ee:	4684      	mov	ip, r0
100026f0:	b288      	uxth	r0, r1
100026f2:	b29a      	uxth	r2, r3
100026f4:	4350      	muls	r0, r2
100026f6:	0c0c      	lsrs	r4, r1, #16
100026f8:	4362      	muls	r2, r4
100026fa:	0c1f      	lsrs	r7, r3, #16
100026fc:	437c      	muls	r4, r7
100026fe:	b28e      	uxth	r6, r1
10002700:	437e      	muls	r6, r7
10002702:	1992      	adds	r2, r2, r6
10002704:	d302      	bcc.n	1000270c <l15_1>
10002706:	2601      	movs	r6, #1
10002708:	0436      	lsls	r6, r6, #16
1000270a:	19a4      	adds	r4, r4, r6

1000270c <l15_1>:
1000270c:	0416      	lsls	r6, r2, #16
1000270e:	0c17      	lsrs	r7, r2, #16
10002710:	1836      	adds	r6, r6, r0
10002712:	4167      	adcs	r7, r4
10002714:	bc01      	pop	{r0}
10002716:	b281      	uxth	r1, r0
10002718:	b29a      	uxth	r2, r3
1000271a:	4351      	muls	r1, r2
1000271c:	0c04      	lsrs	r4, r0, #16
1000271e:	4362      	muls	r2, r4
10002720:	0c1b      	lsrs	r3, r3, #16
10002722:	435c      	muls	r4, r3
10002724:	b280      	uxth	r0, r0
10002726:	4358      	muls	r0, r3
10002728:	1812      	adds	r2, r2, r0
1000272a:	d302      	bcc.n	10002732 <l16_1>
1000272c:	2001      	movs	r0, #1
1000272e:	0400      	lsls	r0, r0, #16
10002730:	1824      	adds	r4, r4, r0

10002732 <l16_1>:
10002732:	0410      	lsls	r0, r2, #16
10002734:	0c13      	lsrs	r3, r2, #16
10002736:	1840      	adds	r0, r0, r1
10002738:	4163      	adcs	r3, r4
1000273a:	182d      	adds	r5, r5, r0
1000273c:	415e      	adcs	r6, r3
1000273e:	2000      	movs	r0, #0
10002740:	4147      	adcs	r7, r0
10002742:	bc06      	pop	{r1, r2}
10002744:	b288      	uxth	r0, r1
10002746:	b293      	uxth	r3, r2
10002748:	4358      	muls	r0, r3
1000274a:	0c0c      	lsrs	r4, r1, #16
1000274c:	4363      	muls	r3, r4
1000274e:	0c12      	lsrs	r2, r2, #16
10002750:	4354      	muls	r4, r2
10002752:	b289      	uxth	r1, r1
10002754:	4351      	muls	r1, r2
10002756:	185b      	adds	r3, r3, r1
10002758:	d302      	bcc.n	10002760 <l17_1>
1000275a:	2101      	movs	r1, #1
1000275c:	0409      	lsls	r1, r1, #16
1000275e:	1864      	adds	r4, r4, r1

10002760 <l17_1>:
10002760:	0419      	lsls	r1, r3, #16
10002762:	0c1a      	lsrs	r2, r3, #16
10002764:	1809      	adds	r1, r1, r0
10002766:	4162      	adcs	r2, r4
10002768:	186d      	adds	r5, r5, r1
1000276a:	4156      	adcs	r6, r2
1000276c:	2000      	movs	r0, #0
1000276e:	4147      	adcs	r7, r0
10002770:	bc18      	pop	{r3, r4}
10002772:	02f9      	lsls	r1, r7, #11
10002774:	0d72      	lsrs	r2, r6, #21
10002776:	4311      	orrs	r1, r2
10002778:	02f0      	lsls	r0, r6, #11
1000277a:	0d6a      	lsrs	r2, r5, #21
1000277c:	4310      	orrs	r0, r2
1000277e:	02ed      	lsls	r5, r5, #11
10002780:	0d0a      	lsrs	r2, r1, #20
10002782:	d103      	bne.n	1000278c <l17_1+0x2c>
10002784:	196d      	adds	r5, r5, r5
10002786:	4140      	adcs	r0, r0
10002788:	4149      	adcs	r1, r1
1000278a:	3b01      	subs	r3, #1
1000278c:	4e12      	ldr	r6, [pc, #72]	@ (100027d8 <dm_1+0xa>)
1000278e:	1b9b      	subs	r3, r3, r6
10002790:	0076      	lsls	r6, r6, #1
10002792:	42b3      	cmp	r3, r6
10002794:	d20e      	bcs.n	100027b4 <dm_0>
10002796:	006d      	lsls	r5, r5, #1
10002798:	d307      	bcc.n	100027aa <l17_1+0x4a>
1000279a:	3001      	adds	r0, #1
1000279c:	2600      	movs	r6, #0
1000279e:	4171      	adcs	r1, r6
100027a0:	4666      	mov	r6, ip
100027a2:	4335      	orrs	r5, r6
100027a4:	d101      	bne.n	100027aa <l17_1+0x4a>
100027a6:	0840      	lsrs	r0, r0, #1
100027a8:	0040      	lsls	r0, r0, #1
100027aa:	051b      	lsls	r3, r3, #20
100027ac:	18c9      	adds	r1, r1, r3

100027ae <dm_2>:
100027ae:	07e4      	lsls	r4, r4, #31
100027b0:	4421      	add	r1, r4
100027b2:	bdf0      	pop	{r4, r5, r6, r7, pc}

100027b4 <dm_0>:
100027b4:	da0b      	bge.n	100027ce <dm_1>
100027b6:	3301      	adds	r3, #1
100027b8:	d106      	bne.n	100027c8 <dm_0+0x14>
100027ba:	3001      	adds	r0, #1
100027bc:	d104      	bne.n	100027c8 <dm_0+0x14>
100027be:	3101      	adds	r1, #1
100027c0:	0d4f      	lsrs	r7, r1, #21
100027c2:	d001      	beq.n	100027c8 <dm_0+0x14>
100027c4:	0849      	lsrs	r1, r1, #1
100027c6:	e7f2      	b.n	100027ae <dm_2>
100027c8:	07e1      	lsls	r1, r4, #31
100027ca:	2000      	movs	r0, #0
100027cc:	bdf0      	pop	{r4, r5, r6, r7, pc}

100027ce <dm_1>:
100027ce:	3601      	adds	r6, #1
100027d0:	0531      	lsls	r1, r6, #20
100027d2:	2000      	movs	r0, #0
100027d4:	e7eb      	b.n	100027ae <dm_2>
100027d6:	0000      	.short	0x0000
100027d8:	000003ff 	.word	0x000003ff

100027dc <ddiv_shim>:
100027dc:	b5f0      	push	{r4, r5, r6, r7, lr}

100027de <ddiv0>:
100027de:	0d1c      	lsrs	r4, r3, #20
100027e0:	1e67      	subs	r7, r4, #1
100027e2:	053f      	lsls	r7, r7, #20
100027e4:	1bdb      	subs	r3, r3, r7
100027e6:	0ae7      	lsrs	r7, r4, #11
100027e8:	0564      	lsls	r4, r4, #21
100027ea:	0d64      	lsrs	r4, r4, #21
100027ec:	d002      	beq.n	100027f4 <l20_1>
100027ee:	1c66      	adds	r6, r4, #1
100027f0:	0af6      	lsrs	r6, r6, #11
100027f2:	d004      	beq.n	100027fe <l20_2>

100027f4 <l20_1>:
100027f4:	2200      	movs	r2, #0
100027f6:	2301      	movs	r3, #1
100027f8:	051b      	lsls	r3, r3, #20
100027fa:	3c80      	subs	r4, #128	@ 0x80
100027fc:	0324      	lsls	r4, r4, #12

100027fe <l20_2>:
100027fe:	25d0      	movs	r5, #208	@ 0xd0
10002800:	062d      	lsls	r5, r5, #24
10002802:	2600      	movs	r6, #0
10002804:	43f6      	mvns	r6, r6
10002806:	662e      	str	r6, [r5, #96]	@ 0x60
10002808:	091e      	lsrs	r6, r3, #4
1000280a:	666e      	str	r6, [r5, #100]	@ 0x64
1000280c:	0fce      	lsrs	r6, r1, #31
1000280e:	19f6      	adds	r6, r6, r7
10002810:	46b4      	mov	ip, r6
10002812:	0049      	lsls	r1, r1, #1
10002814:	0d4f      	lsrs	r7, r1, #21
10002816:	d002      	beq.n	1000281e <l20_2+0x20>
10002818:	1c7e      	adds	r6, r7, #1
1000281a:	0af6      	lsrs	r6, r6, #11
1000281c:	d003      	beq.n	10002826 <l20_2+0x28>
1000281e:	2000      	movs	r0, #0
10002820:	2100      	movs	r1, #0
10002822:	3f40      	subs	r7, #64	@ 0x40
10002824:	033f      	lsls	r7, r7, #12
10002826:	1b3e      	subs	r6, r7, r4
10002828:	00b6      	lsls	r6, r6, #2
1000282a:	44b4      	add	ip, r6
1000282c:	3f01      	subs	r7, #1
1000282e:	057f      	lsls	r7, r7, #21
10002830:	1bc9      	subs	r1, r1, r7
10002832:	0849      	lsrs	r1, r1, #1
10002834:	6f2e      	ldr	r6, [r5, #112]	@ 0x70
10002836:	3601      	adds	r6, #1
10002838:	0876      	lsrs	r6, r6, #1
1000283a:	029c      	lsls	r4, r3, #10
1000283c:	0d95      	lsrs	r5, r2, #22
1000283e:	4325      	orrs	r5, r4
10002840:	4375      	muls	r5, r6
10002842:	13ed      	asrs	r5, r5, #15
10002844:	4375      	muls	r5, r6
10002846:	13ad      	asrs	r5, r5, #14
10002848:	3501      	adds	r5, #1
1000284a:	106d      	asrs	r5, r5, #1
1000284c:	03f6      	lsls	r6, r6, #15
1000284e:	1b76      	subs	r6, r6, r5
10002850:	b40c      	push	{r2, r3}
10002852:	02cc      	lsls	r4, r1, #11
10002854:	0d45      	lsrs	r5, r0, #21
10002856:	432c      	orrs	r4, r5
10002858:	b2a2      	uxth	r2, r4
1000285a:	b2b3      	uxth	r3, r6
1000285c:	435a      	muls	r2, r3
1000285e:	0c27      	lsrs	r7, r4, #16
10002860:	437b      	muls	r3, r7
10002862:	0c35      	lsrs	r5, r6, #16
10002864:	436f      	muls	r7, r5
10002866:	b2a4      	uxth	r4, r4
10002868:	436c      	muls	r4, r5
1000286a:	191b      	adds	r3, r3, r4
1000286c:	d302      	bcc.n	10002874 <l21_1>
1000286e:	2401      	movs	r4, #1
10002870:	0424      	lsls	r4, r4, #16
10002872:	193f      	adds	r7, r7, r4

10002874 <l21_1>:
10002874:	041c      	lsls	r4, r3, #16
10002876:	0c1d      	lsrs	r5, r3, #16
10002878:	18a4      	adds	r4, r4, r2
1000287a:	417d      	adcs	r5, r7
1000287c:	1924      	adds	r4, r4, r4
1000287e:	416d      	adcs	r5, r5
10002880:	9a00      	ldr	r2, [sp, #0]
10002882:	b291      	uxth	r1, r2
10002884:	b2ac      	uxth	r4, r5
10002886:	4361      	muls	r1, r4
10002888:	0c17      	lsrs	r7, r2, #16
1000288a:	437c      	muls	r4, r7
1000288c:	0c2b      	lsrs	r3, r5, #16
1000288e:	435f      	muls	r7, r3
10002890:	b292      	uxth	r2, r2
10002892:	435a      	muls	r2, r3
10002894:	18a4      	adds	r4, r4, r2
10002896:	d302      	bcc.n	1000289e <l22_1>
10002898:	2201      	movs	r2, #1
1000289a:	0412      	lsls	r2, r2, #16
1000289c:	18bf      	adds	r7, r7, r2

1000289e <l22_1>:
1000289e:	0422      	lsls	r2, r4, #16
100028a0:	0c23      	lsrs	r3, r4, #16
100028a2:	1852      	adds	r2, r2, r1
100028a4:	417b      	adcs	r3, r7
100028a6:	9c01      	ldr	r4, [sp, #4]
100028a8:	436c      	muls	r4, r5
100028aa:	191b      	adds	r3, r3, r4
100028ac:	0e52      	lsrs	r2, r2, #25
100028ae:	01d9      	lsls	r1, r3, #7
100028b0:	430a      	orrs	r2, r1
100028b2:	0144      	lsls	r4, r0, #5
100028b4:	1aa0      	subs	r0, r4, r2
100028b6:	b281      	uxth	r1, r0
100028b8:	b2b2      	uxth	r2, r6
100028ba:	4351      	muls	r1, r2
100028bc:	1403      	asrs	r3, r0, #16
100028be:	435a      	muls	r2, r3
100028c0:	0c36      	lsrs	r6, r6, #16
100028c2:	4373      	muls	r3, r6
100028c4:	b287      	uxth	r7, r0
100028c6:	4377      	muls	r7, r6
100028c8:	17d6      	asrs	r6, r2, #31
100028ca:	19d2      	adds	r2, r2, r7
100028cc:	2700      	movs	r7, #0
100028ce:	417e      	adcs	r6, r7
100028d0:	0436      	lsls	r6, r6, #16
100028d2:	199b      	adds	r3, r3, r6
100028d4:	0417      	lsls	r7, r2, #16
100028d6:	0c16      	lsrs	r6, r2, #16
100028d8:	187f      	adds	r7, r7, r1
100028da:	415e      	adcs	r6, r3
100028dc:	1673      	asrs	r3, r6, #25
100028de:	18ed      	adds	r5, r5, r3
100028e0:	01f3      	lsls	r3, r6, #7
100028e2:	2600      	movs	r6, #0
100028e4:	3380      	adds	r3, #128	@ 0x80
100028e6:	4175      	adcs	r5, r6
100028e8:	0fa9      	lsrs	r1, r5, #30
100028ea:	d106      	bne.n	100028fa <dd_0>
100028ec:	0064      	lsls	r4, r4, #1
100028ee:	0a69      	lsrs	r1, r5, #9
100028f0:	05e8      	lsls	r0, r5, #23
100028f2:	0a5b      	lsrs	r3, r3, #9
100028f4:	4318      	orrs	r0, r3
100028f6:	d209      	bcs.n	1000290c <dd_1>
100028f8:	e02f      	b.n	1000295a <dd_2>

100028fa <dd_0>:
100028fa:	2204      	movs	r2, #4
100028fc:	4494      	add	ip, r2
100028fe:	3380      	adds	r3, #128	@ 0x80
10002900:	4175      	adcs	r5, r6
10002902:	0aa9      	lsrs	r1, r5, #10
10002904:	05a8      	lsls	r0, r5, #22
10002906:	0a9b      	lsrs	r3, r3, #10
10002908:	4318      	orrs	r0, r3
1000290a:	d326      	bcc.n	1000295a <dd_2>

1000290c <dd_1>:
1000290c:	4140      	adcs	r0, r0
1000290e:	4149      	adcs	r1, r1
10002910:	0424      	lsls	r4, r4, #16
10002912:	9a00      	ldr	r2, [sp, #0]
10002914:	9b01      	ldr	r3, [sp, #4]
10002916:	000d      	movs	r5, r1
10002918:	4355      	muls	r5, r2
1000291a:	1b64      	subs	r4, r4, r5
1000291c:	4343      	muls	r3, r0
1000291e:	1ae4      	subs	r4, r4, r3
10002920:	b295      	uxth	r5, r2
10002922:	b286      	uxth	r6, r0
10002924:	4375      	muls	r5, r6
10002926:	0c17      	lsrs	r7, r2, #16
10002928:	437e      	muls	r6, r7
1000292a:	0c03      	lsrs	r3, r0, #16
1000292c:	435f      	muls	r7, r3
1000292e:	b292      	uxth	r2, r2
10002930:	435a      	muls	r2, r3
10002932:	18b6      	adds	r6, r6, r2
10002934:	d302      	bcc.n	1000293c <l24_1>
10002936:	2201      	movs	r2, #1
10002938:	0412      	lsls	r2, r2, #16
1000293a:	18bf      	adds	r7, r7, r2

1000293c <l24_1>:
1000293c:	0432      	lsls	r2, r6, #16
1000293e:	0c33      	lsrs	r3, r6, #16
10002940:	1952      	adds	r2, r2, r5
10002942:	417b      	adcs	r3, r7
10002944:	4252      	negs	r2, r2
10002946:	419c      	sbcs	r4, r3
10002948:	2c00      	cmp	r4, #0
1000294a:	d402      	bmi.n	10002952 <l24_1+0x16>
1000294c:	2200      	movs	r2, #0
1000294e:	3001      	adds	r0, #1
10002950:	4151      	adcs	r1, r2
10002952:	0840      	lsrs	r0, r0, #1
10002954:	07ca      	lsls	r2, r1, #31
10002956:	4310      	orrs	r0, r2
10002958:	0849      	lsrs	r1, r1, #1

1000295a <dd_2>:
1000295a:	b002      	add	sp, #8
1000295c:	4662      	mov	r2, ip
1000295e:	07d7      	lsls	r7, r2, #31
10002960:	1092      	asrs	r2, r2, #2
10002962:	4b08      	ldr	r3, [pc, #32]	@ (10002984 <dd_4+0x6>)
10002964:	18d2      	adds	r2, r2, r3
10002966:	4b08      	ldr	r3, [pc, #32]	@ (10002988 <dd_4+0xa>)
10002968:	429a      	cmp	r2, r3
1000296a:	d203      	bcs.n	10002974 <dd_3>
1000296c:	0512      	lsls	r2, r2, #20
1000296e:	1889      	adds	r1, r1, r2

10002970 <dd_5>:
10002970:	19c9      	adds	r1, r1, r7
10002972:	bdf0      	pop	{r4, r5, r6, r7, pc}

10002974 <dd_3>:
10002974:	2000      	movs	r0, #0
10002976:	2a00      	cmp	r2, #0
10002978:	dc01      	bgt.n	1000297e <dd_4>
1000297a:	0039      	movs	r1, r7
1000297c:	bdf0      	pop	{r4, r5, r6, r7, pc}

1000297e <dd_4>:
1000297e:	3301      	adds	r3, #1
10002980:	0519      	lsls	r1, r3, #20
10002982:	e7f5      	b.n	10002970 <dd_5>
10002984:	000003fd 	.word	0x000003fd
10002988:	000007fe 	.word	0x000007fe

1000298c <double2uint_shim>:
1000298c:	2200      	movs	r2, #0

1000298e <double2ufix_shim>:
1000298e:	b500      	push	{lr}
10002990:	3220      	adds	r2, #32
10002992:	f000 f804 	bl	1000299e <double2ufix64_shim>
10002996:	0008      	movs	r0, r1
10002998:	bd00      	pop	{pc}
	...

1000299c <double2uint64_shim>:
1000299c:	2200      	movs	r2, #0

1000299e <double2ufix64_shim>:
1000299e:	150b      	asrs	r3, r1, #20
100029a0:	d40a      	bmi.n	100029b8 <ret_dzero>

100029a2 <d2fix>:
100029a2:	b510      	push	{r4, lr}
100029a4:	4694      	mov	ip, r2
100029a6:	f000 f831 	bl	10002a0c <dunpacks>
100029aa:	1414      	asrs	r4, r2, #16
100029ac:	3401      	adds	r4, #1
100029ae:	da00      	bge.n	100029b2 <d2fix+0x10>
100029b0:	2100      	movs	r1, #0
100029b2:	17cb      	asrs	r3, r1, #31
100029b4:	4c14      	ldr	r4, [pc, #80]	@ (10002a08 <d2fix_a+0x4a>)
100029b6:	4720      	bx	r4

100029b8 <ret_dzero>:
100029b8:	2000      	movs	r0, #0
100029ba:	2100      	movs	r1, #0
100029bc:	4770      	bx	lr

100029be <d2fix_a>:
100029be:	4462      	add	r2, ip
100029c0:	3a34      	subs	r2, #52	@ 0x34
100029c2:	d40c      	bmi.n	100029de <d2fix_a+0x20>
100029c4:	2a0c      	cmp	r2, #12
100029c6:	da07      	bge.n	100029d8 <d2fix_a+0x1a>
100029c8:	0004      	movs	r4, r0
100029ca:	4091      	lsls	r1, r2
100029cc:	4090      	lsls	r0, r2
100029ce:	4252      	negs	r2, r2
100029d0:	3220      	adds	r2, #32
100029d2:	40d4      	lsrs	r4, r2
100029d4:	4321      	orrs	r1, r4
100029d6:	bd10      	pop	{r4, pc}
100029d8:	43d8      	mvns	r0, r3
100029da:	43d9      	mvns	r1, r3
100029dc:	bd10      	pop	{r4, pc}
100029de:	3220      	adds	r2, #32
100029e0:	d407      	bmi.n	100029f2 <d2fix_a+0x34>
100029e2:	460c      	mov	r4, r1
100029e4:	4094      	lsls	r4, r2
100029e6:	4252      	negs	r2, r2
100029e8:	3220      	adds	r2, #32
100029ea:	4111      	asrs	r1, r2
100029ec:	40d0      	lsrs	r0, r2
100029ee:	4320      	orrs	r0, r4
100029f0:	bd10      	pop	{r4, pc}
100029f2:	0008      	movs	r0, r1
100029f4:	17c9      	asrs	r1, r1, #31
100029f6:	3220      	adds	r2, #32
100029f8:	d403      	bmi.n	10002a02 <d2fix_a+0x44>
100029fa:	4252      	negs	r2, r2
100029fc:	3220      	adds	r2, #32
100029fe:	4110      	asrs	r0, r2
10002a00:	bd10      	pop	{r4, pc}
10002a02:	0018      	movs	r0, r3
10002a04:	0019      	movs	r1, r3
10002a06:	bd10      	pop	{r4, pc}
10002a08:	100029bf 	.word	0x100029bf

10002a0c <dunpacks>:
10002a0c:	0d0a      	lsrs	r2, r1, #20
10002a0e:	0fcc      	lsrs	r4, r1, #31
10002a10:	1e53      	subs	r3, r2, #1
10002a12:	051b      	lsls	r3, r3, #20
10002a14:	1ac9      	subs	r1, r1, r3
10002a16:	0552      	lsls	r2, r2, #21
10002a18:	d303      	bcc.n	10002a22 <l60_1>
10002a1a:	43c9      	mvns	r1, r1
10002a1c:	4240      	negs	r0, r0
10002a1e:	d300      	bcc.n	10002a22 <l60_1>
10002a20:	3101      	adds	r1, #1

10002a22 <l60_1>:
10002a22:	0d52      	lsrs	r2, r2, #21
10002a24:	d003      	beq.n	10002a2e <l60_2>
10002a26:	1c53      	adds	r3, r2, #1
10002a28:	0adb      	lsrs	r3, r3, #11
10002a2a:	d007      	beq.n	10002a3c <l60_3>
10002a2c:	1b12      	subs	r2, r2, r4

10002a2e <l60_2>:
10002a2e:	2000      	movs	r0, #0
10002a30:	0064      	lsls	r4, r4, #1
10002a32:	1c61      	adds	r1, r4, #1
10002a34:	0789      	lsls	r1, r1, #30
10002a36:	1289      	asrs	r1, r1, #10
10002a38:	3a80      	subs	r2, #128	@ 0x80
10002a3a:	0312      	lsls	r2, r2, #12

10002a3c <l60_3>:
10002a3c:	4b01      	ldr	r3, [pc, #4]	@ (10002a44 <l60_3+0x8>)
10002a3e:	1ad2      	subs	r2, r2, r3
10002a40:	4770      	bx	lr
10002a42:	0000      	.short	0x0000
10002a44:	000003ff 	.word	0x000003ff

10002a48 <__wrap___aeabi_lmul>:
10002a48:	4351      	muls	r1, r2
10002a4a:	4343      	muls	r3, r0
10002a4c:	18c9      	adds	r1, r1, r3
10002a4e:	468c      	mov	ip, r1
10002a50:	0c11      	lsrs	r1, r2, #16
10002a52:	b283      	uxth	r3, r0
10002a54:	434b      	muls	r3, r1
10002a56:	b410      	push	{r4}
10002a58:	0c04      	lsrs	r4, r0, #16
10002a5a:	4361      	muls	r1, r4
10002a5c:	b292      	uxth	r2, r2
10002a5e:	b280      	uxth	r0, r0
10002a60:	4350      	muls	r0, r2
10002a62:	4362      	muls	r2, r4
10002a64:	041c      	lsls	r4, r3, #16
10002a66:	0c1b      	lsrs	r3, r3, #16
10002a68:	1900      	adds	r0, r0, r4
10002a6a:	bc10      	pop	{r4}
10002a6c:	4159      	adcs	r1, r3
10002a6e:	0413      	lsls	r3, r2, #16
10002a70:	0c12      	lsrs	r2, r2, #16
10002a72:	18c0      	adds	r0, r0, r3
10002a74:	4151      	adcs	r1, r2
10002a76:	4461      	add	r1, ip
10002a78:	4770      	bx	lr
	...

10002a7c <__wrap___aeabi_frsub>:
10002a7c:	4048      	eors	r0, r1
10002a7e:	4041      	eors	r1, r0
10002a80:	4048      	eors	r0, r1

10002a82 <__wrap___aeabi_fsub>:
10002a82:	4b0e      	ldr	r3, [pc, #56]	@ (10002abc <__wrap___aeabi_fmul+0x6>)
10002a84:	685b      	ldr	r3, [r3, #4]
10002a86:	4718      	bx	r3

10002a88 <__wrap___aeabi_fadd>:
10002a88:	4b0c      	ldr	r3, [pc, #48]	@ (10002abc <__wrap___aeabi_fmul+0x6>)
10002a8a:	681b      	ldr	r3, [r3, #0]
10002a8c:	4718      	bx	r3

10002a8e <__wrap___aeabi_fdiv>:
10002a8e:	4a0c      	ldr	r2, [pc, #48]	@ (10002ac0 <__wrap___aeabi_fmul+0xa>)
10002a90:	6f93      	ldr	r3, [r2, #120]	@ 0x78
10002a92:	089b      	lsrs	r3, r3, #2
10002a94:	d202      	bcs.n	10002a9c <fdiv_save_state>

10002a96 <fdiv_shim_call>:
10002a96:	4b09      	ldr	r3, [pc, #36]	@ (10002abc <__wrap___aeabi_fmul+0x6>)
10002a98:	68db      	ldr	r3, [r3, #12]
10002a9a:	4718      	bx	r3

10002a9c <fdiv_save_state>:
10002a9c:	b5f0      	push	{r4, r5, r6, r7, lr}
10002a9e:	6e14      	ldr	r4, [r2, #96]	@ 0x60
10002aa0:	6e55      	ldr	r5, [r2, #100]	@ 0x64
10002aa2:	6f57      	ldr	r7, [r2, #116]	@ 0x74
10002aa4:	6f16      	ldr	r6, [r2, #112]	@ 0x70
10002aa6:	f7ff fff6 	bl	10002a96 <fdiv_shim_call>
10002aaa:	4a05      	ldr	r2, [pc, #20]	@ (10002ac0 <__wrap___aeabi_fmul+0xa>)
10002aac:	6614      	str	r4, [r2, #96]	@ 0x60
10002aae:	6655      	str	r5, [r2, #100]	@ 0x64
10002ab0:	6757      	str	r7, [r2, #116]	@ 0x74
10002ab2:	6716      	str	r6, [r2, #112]	@ 0x70
10002ab4:	bdf0      	pop	{r4, r5, r6, r7, pc}

10002ab6 <__wrap___aeabi_fmul>:
10002ab6:	4b01      	ldr	r3, [pc, #4]	@ (10002abc <__wrap___aeabi_fmul+0x6>)
10002ab8:	689b      	ldr	r3, [r3, #8]
10002aba:	4718      	bx	r3
10002abc:	20000a20 	.word	0x20000a20
10002ac0:	d0000000 	.word	0xd0000000

10002ac4 <__wrap___aeabi_cfrcmple>:
10002ac4:	b507      	push	{r0, r1, r2, lr}
10002ac6:	4048      	eors	r0, r1
10002ac8:	4041      	eors	r1, r0
10002aca:	4048      	eors	r0, r1
10002acc:	e001      	b.n	10002ad2 <__aeabi_cfcmple_guts>
10002ace:	46c0      	nop			@ (mov r8, r8)

10002ad0 <__wrap___aeabi_cfcmpeq>:
10002ad0:	b507      	push	{r0, r1, r2, lr}

10002ad2 <__aeabi_cfcmple_guts>:
10002ad2:	0042      	lsls	r2, r0, #1
10002ad4:	0e12      	lsrs	r2, r2, #24
10002ad6:	d003      	beq.n	10002ae0 <__aeabi_cfcmple_guts+0xe>
10002ad8:	2aff      	cmp	r2, #255	@ 0xff
10002ada:	d103      	bne.n	10002ae4 <__aeabi_cfcmple_guts+0x12>
10002adc:	0242      	lsls	r2, r0, #9
10002ade:	d818      	bhi.n	10002b12 <__aeabi_cfcmple_guts+0x40>
10002ae0:	0dc0      	lsrs	r0, r0, #23
10002ae2:	05c0      	lsls	r0, r0, #23
10002ae4:	004a      	lsls	r2, r1, #1
10002ae6:	0e12      	lsrs	r2, r2, #24
10002ae8:	d003      	beq.n	10002af2 <__aeabi_cfcmple_guts+0x20>
10002aea:	2aff      	cmp	r2, #255	@ 0xff
10002aec:	d103      	bne.n	10002af6 <__aeabi_cfcmple_guts+0x24>
10002aee:	024a      	lsls	r2, r1, #9
10002af0:	d80f      	bhi.n	10002b12 <__aeabi_cfcmple_guts+0x40>
10002af2:	0dc9      	lsrs	r1, r1, #23
10002af4:	05c9      	lsls	r1, r1, #23
10002af6:	2201      	movs	r2, #1
10002af8:	4041      	eors	r1, r0
10002afa:	d405      	bmi.n	10002b08 <__aeabi_cfcmple_guts+0x36>
10002afc:	4041      	eors	r1, r0
10002afe:	d501      	bpl.n	10002b04 <__aeabi_cfcmple_guts+0x32>
10002b00:	4281      	cmp	r1, r0
10002b02:	bd07      	pop	{r0, r1, r2, pc}
10002b04:	4288      	cmp	r0, r1
10002b06:	bd07      	pop	{r0, r1, r2, pc}
10002b08:	4301      	orrs	r1, r0
10002b0a:	1849      	adds	r1, r1, r1
10002b0c:	d001      	beq.n	10002b12 <__aeabi_cfcmple_guts+0x40>
10002b0e:	43c0      	mvns	r0, r0
10002b10:	1800      	adds	r0, r0, r0
10002b12:	bd07      	pop	{r0, r1, r2, pc}

10002b14 <__wrap___aeabi_fcmpgt>:
10002b14:	b500      	push	{lr}
10002b16:	f7ff ffd5 	bl	10002ac4 <__wrap___aeabi_cfrcmple>
10002b1a:	4180      	sbcs	r0, r0
10002b1c:	bd00      	pop	{pc}
	...

10002b20 <__wrap___aeabi_i2f>:
10002b20:	0fc1      	lsrs	r1, r0, #31
10002b22:	07c9      	lsls	r1, r1, #31
10002b24:	d500      	bpl.n	10002b28 <__wrap___aeabi_i2f+0x8>
10002b26:	4240      	negs	r0, r0
10002b28:	2800      	cmp	r0, #0
10002b2a:	d017      	beq.n	10002b5c <__aeabi_i2f_main+0x30>

10002b2c <__aeabi_i2f_main>:
10002b2c:	46f4      	mov	ip, lr
10002b2e:	b403      	push	{r0, r1}
10002b30:	4b0b      	ldr	r3, [pc, #44]	@ (10002b60 <__aeabi_i2f_main+0x34>)
10002b32:	681b      	ldr	r3, [r3, #0]
10002b34:	4798      	blx	r3
10002b36:	bc06      	pop	{r1, r2}
10002b38:	4081      	lsls	r1, r0
10002b3a:	389e      	subs	r0, #158	@ 0x9e
10002b3c:	4240      	negs	r0, r0
10002b3e:	3180      	adds	r1, #128	@ 0x80
10002b40:	d207      	bcs.n	10002b52 <__aeabi_i2f_main+0x26>
10002b42:	060b      	lsls	r3, r1, #24
10002b44:	d007      	beq.n	10002b56 <__aeabi_i2f_main+0x2a>
10002b46:	0049      	lsls	r1, r1, #1
10002b48:	0a49      	lsrs	r1, r1, #9
10002b4a:	05c0      	lsls	r0, r0, #23
10002b4c:	4310      	orrs	r0, r2
10002b4e:	4308      	orrs	r0, r1
10002b50:	4760      	bx	ip
10002b52:	3001      	adds	r0, #1
10002b54:	e7f8      	b.n	10002b48 <__aeabi_i2f_main+0x1c>
10002b56:	0a49      	lsrs	r1, r1, #9
10002b58:	0289      	lsls	r1, r1, #10
10002b5a:	e7f5      	b.n	10002b48 <__aeabi_i2f_main+0x1c>
10002b5c:	4770      	bx	lr
10002b5e:	0000      	.short	0x0000
10002b60:	20000d2c 	.word	0x20000d2c

10002b64 <__wrap___aeabi_f2d>:
10002b64:	4b03      	ldr	r3, [pc, #12]	@ (10002b74 <__wrap___aeabi_f2d+0x10>)
10002b66:	6fdb      	ldr	r3, [r3, #124]	@ 0x7c
10002b68:	46fc      	mov	ip, pc
10002b6a:	4718      	bx	r3
10002b6c:	2c09df7c 	.word	0x2c09df7c
10002b70:	00001000 	.word	0x00001000
10002b74:	20000a20 	.word	0x20000a20

10002b78 <__aeabi_float_init>:
10002b78:	2313      	movs	r3, #19
10002b7a:	b510      	push	{r4, lr}
10002b7c:	4812      	ldr	r0, [pc, #72]	@ (10002bc8 <__aeabi_float_init+0x50>)
10002b7e:	781c      	ldrb	r4, [r3, #0]
10002b80:	f7fe fff8 	bl	10001b74 <rom_data_lookup>
10002b84:	0001      	movs	r1, r0
10002b86:	2c01      	cmp	r4, #1
10002b88:	d00a      	beq.n	10002ba0 <__aeabi_float_init+0x28>
10002b8a:	dd03      	ble.n	10002b94 <__aeabi_float_init+0x1c>
10002b8c:	2280      	movs	r2, #128	@ 0x80
10002b8e:	480f      	ldr	r0, [pc, #60]	@ (10002bcc <__aeabi_float_init+0x54>)
10002b90:	f000 f874 	bl	10002c7c <__wrap___aeabi_memcpy>
10002b94:	480e      	ldr	r0, [pc, #56]	@ (10002bd0 <__aeabi_float_init+0x58>)
10002b96:	f7fe ffe5 	bl	10001b64 <rom_func_lookup>
10002b9a:	4b0e      	ldr	r3, [pc, #56]	@ (10002bd4 <__aeabi_float_init+0x5c>)
10002b9c:	6018      	str	r0, [r3, #0]
10002b9e:	bd10      	pop	{r4, pc}
10002ba0:	4c0a      	ldr	r4, [pc, #40]	@ (10002bcc <__aeabi_float_init+0x54>)
10002ba2:	2254      	movs	r2, #84	@ 0x54
10002ba4:	0020      	movs	r0, r4
10002ba6:	f000 f869 	bl	10002c7c <__wrap___aeabi_memcpy>
10002baa:	4b0b      	ldr	r3, [pc, #44]	@ (10002bd8 <__aeabi_float_init+0x60>)
10002bac:	6563      	str	r3, [r4, #84]	@ 0x54
10002bae:	65a3      	str	r3, [r4, #88]	@ 0x58
10002bb0:	65e3      	str	r3, [r4, #92]	@ 0x5c
10002bb2:	6623      	str	r3, [r4, #96]	@ 0x60
10002bb4:	6663      	str	r3, [r4, #100]	@ 0x64
10002bb6:	66a3      	str	r3, [r4, #104]	@ 0x68
10002bb8:	66e3      	str	r3, [r4, #108]	@ 0x6c
10002bba:	6723      	str	r3, [r4, #112]	@ 0x70
10002bbc:	6763      	str	r3, [r4, #116]	@ 0x74
10002bbe:	67a3      	str	r3, [r4, #120]	@ 0x78
10002bc0:	67e3      	str	r3, [r4, #124]	@ 0x7c
10002bc2:	6223      	str	r3, [r4, #32]
10002bc4:	61e3      	str	r3, [r4, #28]
10002bc6:	e7e5      	b.n	10002b94 <__aeabi_float_init+0x1c>
10002bc8:	00004653 	.word	0x00004653
10002bcc:	20000a20 	.word	0x20000a20
10002bd0:	0000334c 	.word	0x0000334c
10002bd4:	20000d2c 	.word	0x20000d2c
10002bd8:	10002bdd 	.word	0x10002bdd

10002bdc <float_table_shim_on_use_helper>:
10002bdc:	b507      	push	{r0, r1, r2, lr}
10002bde:	4660      	mov	r0, ip
10002be0:	8801      	ldrh	r1, [r0, #0]
10002be2:	0a0a      	lsrs	r2, r1, #8
10002be4:	3002      	adds	r0, #2
10002be6:	2adf      	cmp	r2, #223	@ 0xdf
10002be8:	d1fa      	bne.n	10002be0 <float_table_shim_on_use_helper+0x4>
10002bea:	b2c9      	uxtb	r1, r1
10002bec:	0882      	lsrs	r2, r0, #2
10002bee:	d304      	bcc.n	10002bfa <float_table_shim_on_use_helper+0x1e>
10002bf0:	8802      	ldrh	r2, [r0, #0]
10002bf2:	8840      	ldrh	r0, [r0, #2]
10002bf4:	0400      	lsls	r0, r0, #16
10002bf6:	4310      	orrs	r0, r2
10002bf8:	e000      	b.n	10002bfc <float_table_shim_on_use_helper+0x20>
10002bfa:	6800      	ldr	r0, [r0, #0]
10002bfc:	4a01      	ldr	r2, [pc, #4]	@ (10002c04 <float_table_shim_on_use_helper+0x28>)
10002bfe:	5050      	str	r0, [r2, r1]
10002c00:	9003      	str	r0, [sp, #12]
10002c02:	bd07      	pop	{r0, r1, r2, pc}
10002c04:	20000a20 	.word	0x20000a20

10002c08 <float2double_shim>:
10002c08:	0fc3      	lsrs	r3, r0, #31
10002c0a:	07db      	lsls	r3, r3, #31
10002c0c:	0041      	lsls	r1, r0, #1
10002c0e:	0e0a      	lsrs	r2, r1, #24
10002c10:	d007      	beq.n	10002c22 <float2double_shim+0x1a>
10002c12:	2aff      	cmp	r2, #255	@ 0xff
10002c14:	d008      	beq.n	10002c28 <float2double_shim+0x20>
10002c16:	0909      	lsrs	r1, r1, #4
10002c18:	4a05      	ldr	r2, [pc, #20]	@ (10002c30 <float2double_shim+0x28>)
10002c1a:	1889      	adds	r1, r1, r2
10002c1c:	4319      	orrs	r1, r3
10002c1e:	0740      	lsls	r0, r0, #29
10002c20:	4770      	bx	lr
10002c22:	0019      	movs	r1, r3
10002c24:	2000      	movs	r0, #0
10002c26:	4770      	bx	lr
10002c28:	4902      	ldr	r1, [pc, #8]	@ (10002c34 <float2double_shim+0x2c>)
10002c2a:	18c9      	adds	r1, r1, r3
10002c2c:	e7fa      	b.n	10002c24 <float2double_shim+0x1c>
10002c2e:	0000      	.short	0x0000
10002c30:	38000000 	.word	0x38000000
10002c34:	7ff00000 	.word	0x7ff00000

10002c38 <__wrap_calloc>:
10002c38:	b570      	push	{r4, r5, r6, lr}
10002c3a:	0005      	movs	r5, r0
10002c3c:	000c      	movs	r4, r1
10002c3e:	f002 f855 	bl	10004cec <calloc>
10002c42:	436c      	muls	r4, r5
10002c44:	2800      	cmp	r0, #0
10002c46:	d004      	beq.n	10002c52 <__wrap_calloc+0x1a>
10002c48:	4b03      	ldr	r3, [pc, #12]	@ (10002c58 <__wrap_calloc+0x20>)
10002c4a:	1904      	adds	r4, r0, r4
10002c4c:	429c      	cmp	r4, r3
10002c4e:	d800      	bhi.n	10002c52 <__wrap_calloc+0x1a>
10002c50:	bd70      	pop	{r4, r5, r6, pc}
10002c52:	4802      	ldr	r0, [pc, #8]	@ (10002c5c <__wrap_calloc+0x24>)
10002c54:	f7fd ff96 	bl	10000b84 <panic>
10002c58:	20040000 	.word	0x20040000
10002c5c:	100057e4 	.word	0x100057e4

10002c60 <__aeabi_mem_init>:
10002c60:	4801      	ldr	r0, [pc, #4]	@ (10002c68 <__aeabi_mem_init+0x8>)
10002c62:	2104      	movs	r1, #4
10002c64:	4b01      	ldr	r3, [pc, #4]	@ (10002c6c <__aeabi_mem_init+0xc>)
10002c66:	4718      	bx	r3
10002c68:	20000210 	.word	0x20000210
10002c6c:	10001b85 	.word	0x10001b85

10002c70 <__wrap_memset>:
10002c70:	4b01      	ldr	r3, [pc, #4]	@ (10002c78 <__wrap_memset+0x8>)
10002c72:	681b      	ldr	r3, [r3, #0]
10002c74:	4718      	bx	r3
10002c76:	0000      	.short	0x0000
10002c78:	20000210 	.word	0x20000210

10002c7c <__wrap___aeabi_memcpy>:
10002c7c:	4b01      	ldr	r3, [pc, #4]	@ (10002c84 <__wrap___aeabi_memcpy+0x8>)
10002c7e:	685b      	ldr	r3, [r3, #4]
10002c80:	4718      	bx	r3
10002c82:	0000      	.short	0x0000
10002c84:	20000210 	.word	0x20000210

10002c88 <_out_buffer>:
10002c88:	429a      	cmp	r2, r3
10002c8a:	d200      	bcs.n	10002c8e <_out_buffer+0x6>
10002c8c:	5488      	strb	r0, [r1, r2]
10002c8e:	4770      	bx	lr

10002c90 <_out_null>:
10002c90:	4770      	bx	lr
10002c92:	46c0      	nop			@ (mov r8, r8)

10002c94 <_out_rev>:
10002c94:	b5f8      	push	{r3, r4, r5, r6, r7, lr}
10002c96:	4657      	mov	r7, sl
10002c98:	46de      	mov	lr, fp
10002c9a:	464e      	mov	r6, r9
10002c9c:	4645      	mov	r5, r8
10002c9e:	b5e0      	push	{r5, r6, r7, lr}
10002ca0:	4699      	mov	r9, r3
10002ca2:	9b0a      	ldr	r3, [sp, #40]	@ 0x28
10002ca4:	0007      	movs	r7, r0
10002ca6:	469a      	mov	sl, r3
10002ca8:	9b0d      	ldr	r3, [sp, #52]	@ 0x34
10002caa:	4688      	mov	r8, r1
10002cac:	4693      	mov	fp, r2
10002cae:	9c0b      	ldr	r4, [sp, #44]	@ 0x2c
10002cb0:	079b      	lsls	r3, r3, #30
10002cb2:	d13b      	bne.n	10002d2c <_out_rev+0x98>
10002cb4:	9b0c      	ldr	r3, [sp, #48]	@ 0x30
10002cb6:	429c      	cmp	r4, r3
10002cb8:	d23d      	bcs.n	10002d36 <_out_rev+0xa2>
10002cba:	1b1e      	subs	r6, r3, r4
10002cbc:	940b      	str	r4, [sp, #44]	@ 0x2c
10002cbe:	0015      	movs	r5, r2
10002cc0:	000c      	movs	r4, r1
10002cc2:	445e      	add	r6, fp
10002cc4:	002a      	movs	r2, r5
10002cc6:	464b      	mov	r3, r9
10002cc8:	3501      	adds	r5, #1
10002cca:	0021      	movs	r1, r4
10002ccc:	2020      	movs	r0, #32
10002cce:	47b8      	blx	r7
10002cd0:	42b5      	cmp	r5, r6
10002cd2:	d1f7      	bne.n	10002cc4 <_out_rev+0x30>
10002cd4:	46a0      	mov	r8, r4
10002cd6:	9c0b      	ldr	r4, [sp, #44]	@ 0x2c
10002cd8:	2c00      	cmp	r4, #0
10002cda:	d020      	beq.n	10002d1e <_out_rev+0x8a>
10002cdc:	4645      	mov	r5, r8
10002cde:	1936      	adds	r6, r6, r4
10002ce0:	4653      	mov	r3, sl
10002ce2:	1b32      	subs	r2, r6, r4
10002ce4:	3c01      	subs	r4, #1
10002ce6:	5d18      	ldrb	r0, [r3, r4]
10002ce8:	0029      	movs	r1, r5
10002cea:	464b      	mov	r3, r9
10002cec:	47b8      	blx	r7
10002cee:	2c00      	cmp	r4, #0
10002cf0:	d1f6      	bne.n	10002ce0 <_out_rev+0x4c>
10002cf2:	002b      	movs	r3, r5
10002cf4:	0035      	movs	r5, r6
10002cf6:	4698      	mov	r8, r3
10002cf8:	9b0d      	ldr	r3, [sp, #52]	@ 0x34
10002cfa:	079b      	lsls	r3, r3, #30
10002cfc:	d50f      	bpl.n	10002d1e <_out_rev+0x8a>
10002cfe:	465b      	mov	r3, fp
10002d00:	1aec      	subs	r4, r5, r3
10002d02:	9b0c      	ldr	r3, [sp, #48]	@ 0x30
10002d04:	42a3      	cmp	r3, r4
10002d06:	d90a      	bls.n	10002d1e <_out_rev+0x8a>
10002d08:	4646      	mov	r6, r8
10002d0a:	4698      	mov	r8, r3
10002d0c:	002a      	movs	r2, r5
10002d0e:	464b      	mov	r3, r9
10002d10:	0031      	movs	r1, r6
10002d12:	2020      	movs	r0, #32
10002d14:	3401      	adds	r4, #1
10002d16:	47b8      	blx	r7
10002d18:	3501      	adds	r5, #1
10002d1a:	4544      	cmp	r4, r8
10002d1c:	d3f6      	bcc.n	10002d0c <_out_rev+0x78>
10002d1e:	0028      	movs	r0, r5
10002d20:	bcf0      	pop	{r4, r5, r6, r7}
10002d22:	46bb      	mov	fp, r7
10002d24:	46b2      	mov	sl, r6
10002d26:	46a9      	mov	r9, r5
10002d28:	46a0      	mov	r8, r4
10002d2a:	bdf8      	pop	{r3, r4, r5, r6, r7, pc}
10002d2c:	0016      	movs	r6, r2
10002d2e:	0015      	movs	r5, r2
10002d30:	2c00      	cmp	r4, #0
10002d32:	d1d3      	bne.n	10002cdc <_out_rev+0x48>
10002d34:	e7e0      	b.n	10002cf8 <_out_rev+0x64>
10002d36:	0016      	movs	r6, r2
10002d38:	0015      	movs	r5, r2
10002d3a:	2c00      	cmp	r4, #0
10002d3c:	d1ce      	bne.n	10002cdc <_out_rev+0x48>
10002d3e:	e7ee      	b.n	10002d1e <_out_rev+0x8a>

10002d40 <_ntoa_format>:
10002d40:	b5f0      	push	{r4, r5, r6, r7, lr}
10002d42:	4645      	mov	r5, r8
10002d44:	46de      	mov	lr, fp
10002d46:	4657      	mov	r7, sl
10002d48:	464e      	mov	r6, r9
10002d4a:	b5e0      	push	{r5, r6, r7, lr}
10002d4c:	b085      	sub	sp, #20
10002d4e:	469c      	mov	ip, r3
10002d50:	ab10      	add	r3, sp, #64	@ 0x40
10002d52:	781b      	ldrb	r3, [r3, #0]
10002d54:	9f14      	ldr	r7, [sp, #80]	@ 0x50
10002d56:	4693      	mov	fp, r2
10002d58:	4698      	mov	r8, r3
10002d5a:	9c0f      	ldr	r4, [sp, #60]	@ 0x3c
10002d5c:	9e12      	ldr	r6, [sp, #72]	@ 0x48
10002d5e:	9d13      	ldr	r5, [sp, #76]	@ 0x4c
10002d60:	07bb      	lsls	r3, r7, #30
10002d62:	d44c      	bmi.n	10002dfe <_ntoa_format+0xbe>
10002d64:	2d00      	cmp	r5, #0
10002d66:	d142      	bne.n	10002dee <_ntoa_format+0xae>
10002d68:	42b4      	cmp	r4, r6
10002d6a:	d248      	bcs.n	10002dfe <_ntoa_format+0xbe>
10002d6c:	2301      	movs	r3, #1
10002d6e:	403b      	ands	r3, r7
10002d70:	4699      	mov	r9, r3
10002d72:	9b0e      	ldr	r3, [sp, #56]	@ 0x38
10002d74:	3b01      	subs	r3, #1
10002d76:	469a      	mov	sl, r3
10002d78:	2330      	movs	r3, #48	@ 0x30
10002d7a:	e004      	b.n	10002d86 <_ntoa_format+0x46>
10002d7c:	4652      	mov	r2, sl
10002d7e:	3401      	adds	r4, #1
10002d80:	5513      	strb	r3, [r2, r4]
10002d82:	42a6      	cmp	r6, r4
10002d84:	d901      	bls.n	10002d8a <_ntoa_format+0x4a>
10002d86:	2c20      	cmp	r4, #32
10002d88:	d1f8      	bne.n	10002d7c <_ntoa_format+0x3c>
10002d8a:	464b      	mov	r3, r9
10002d8c:	2b00      	cmp	r3, #0
10002d8e:	d100      	bne.n	10002d92 <_ntoa_format+0x52>
10002d90:	e083      	b.n	10002e9a <_ntoa_format+0x15a>
10002d92:	9b0e      	ldr	r3, [sp, #56]	@ 0x38
10002d94:	3b01      	subs	r3, #1
10002d96:	4699      	mov	r9, r3
10002d98:	2330      	movs	r3, #48	@ 0x30
10002d9a:	42a5      	cmp	r5, r4
10002d9c:	d805      	bhi.n	10002daa <_ntoa_format+0x6a>
10002d9e:	e02e      	b.n	10002dfe <_ntoa_format+0xbe>
10002da0:	464a      	mov	r2, r9
10002da2:	3401      	adds	r4, #1
10002da4:	5513      	strb	r3, [r2, r4]
10002da6:	42ac      	cmp	r4, r5
10002da8:	d029      	beq.n	10002dfe <_ntoa_format+0xbe>
10002daa:	2c20      	cmp	r4, #32
10002dac:	d1f8      	bne.n	10002da0 <_ntoa_format+0x60>
10002dae:	06fb      	lsls	r3, r7, #27
10002db0:	d50c      	bpl.n	10002dcc <_ntoa_format+0x8c>
10002db2:	057b      	lsls	r3, r7, #21
10002db4:	d454      	bmi.n	10002e60 <_ntoa_format+0x120>
10002db6:	42a6      	cmp	r6, r4
10002db8:	d063      	beq.n	10002e82 <_ntoa_format+0x142>
10002dba:	42a5      	cmp	r5, r4
10002dbc:	d061      	beq.n	10002e82 <_ntoa_format+0x142>
10002dbe:	9b11      	ldr	r3, [sp, #68]	@ 0x44
10002dc0:	2b10      	cmp	r3, #16
10002dc2:	d050      	beq.n	10002e66 <_ntoa_format+0x126>
10002dc4:	2b02      	cmp	r3, #2
10002dc6:	d057      	beq.n	10002e78 <_ntoa_format+0x138>
10002dc8:	2c20      	cmp	r4, #32
10002dca:	d132      	bne.n	10002e32 <_ntoa_format+0xf2>
10002dcc:	2320      	movs	r3, #32
10002dce:	9301      	str	r3, [sp, #4]
10002dd0:	9b0e      	ldr	r3, [sp, #56]	@ 0x38
10002dd2:	465a      	mov	r2, fp
10002dd4:	9300      	str	r3, [sp, #0]
10002dd6:	9703      	str	r7, [sp, #12]
10002dd8:	4663      	mov	r3, ip
10002dda:	9502      	str	r5, [sp, #8]
10002ddc:	f7ff ff5a 	bl	10002c94 <_out_rev>
10002de0:	b005      	add	sp, #20
10002de2:	bcf0      	pop	{r4, r5, r6, r7}
10002de4:	46bb      	mov	fp, r7
10002de6:	46b2      	mov	sl, r6
10002de8:	46a9      	mov	r9, r5
10002dea:	46a0      	mov	r8, r4
10002dec:	bdf0      	pop	{r4, r5, r6, r7, pc}
10002dee:	2301      	movs	r3, #1
10002df0:	403b      	ands	r3, r7
10002df2:	4699      	mov	r9, r3
10002df4:	2301      	movs	r3, #1
10002df6:	423b      	tst	r3, r7
10002df8:	d12a      	bne.n	10002e50 <_ntoa_format+0x110>
10002dfa:	42b4      	cmp	r4, r6
10002dfc:	d3b9      	bcc.n	10002d72 <_ntoa_format+0x32>
10002dfe:	06fb      	lsls	r3, r7, #27
10002e00:	d51c      	bpl.n	10002e3c <_ntoa_format+0xfc>
10002e02:	057b      	lsls	r3, r7, #21
10002e04:	d4db      	bmi.n	10002dbe <_ntoa_format+0x7e>
10002e06:	2c00      	cmp	r4, #0
10002e08:	d1d5      	bne.n	10002db6 <_ntoa_format+0x76>
10002e0a:	9b11      	ldr	r3, [sp, #68]	@ 0x44
10002e0c:	2b10      	cmp	r3, #16
10002e0e:	d05b      	beq.n	10002ec8 <_ntoa_format+0x188>
10002e10:	9b11      	ldr	r3, [sp, #68]	@ 0x44
10002e12:	2b02      	cmp	r3, #2
10002e14:	d06b      	beq.n	10002eee <_ntoa_format+0x1ae>
10002e16:	2330      	movs	r3, #48	@ 0x30
10002e18:	2401      	movs	r4, #1
10002e1a:	9a0e      	ldr	r2, [sp, #56]	@ 0x38
10002e1c:	7013      	strb	r3, [r2, #0]
10002e1e:	4643      	mov	r3, r8
10002e20:	2b00      	cmp	r3, #0
10002e22:	d110      	bne.n	10002e46 <_ntoa_format+0x106>
10002e24:	077b      	lsls	r3, r7, #29
10002e26:	d53e      	bpl.n	10002ea6 <_ntoa_format+0x166>
10002e28:	262b      	movs	r6, #43	@ 0x2b
10002e2a:	9a0e      	ldr	r2, [sp, #56]	@ 0x38
10002e2c:	1c63      	adds	r3, r4, #1
10002e2e:	5516      	strb	r6, [r2, r4]
10002e30:	e7cd      	b.n	10002dce <_ntoa_format+0x8e>
10002e32:	0023      	movs	r3, r4
10002e34:	3401      	adds	r4, #1
10002e36:	2630      	movs	r6, #48	@ 0x30
10002e38:	9a0e      	ldr	r2, [sp, #56]	@ 0x38
10002e3a:	54d6      	strb	r6, [r2, r3]
10002e3c:	2c20      	cmp	r4, #32
10002e3e:	d0c5      	beq.n	10002dcc <_ntoa_format+0x8c>
10002e40:	4643      	mov	r3, r8
10002e42:	2b00      	cmp	r3, #0
10002e44:	d0ee      	beq.n	10002e24 <_ntoa_format+0xe4>
10002e46:	262d      	movs	r6, #45	@ 0x2d
10002e48:	9a0e      	ldr	r2, [sp, #56]	@ 0x38
10002e4a:	1c63      	adds	r3, r4, #1
10002e4c:	5516      	strb	r6, [r2, r4]
10002e4e:	e7be      	b.n	10002dce <_ntoa_format+0x8e>
10002e50:	4643      	mov	r3, r8
10002e52:	2b00      	cmp	r3, #0
10002e54:	d02f      	beq.n	10002eb6 <_ntoa_format+0x176>
10002e56:	3d01      	subs	r5, #1
10002e58:	42b4      	cmp	r4, r6
10002e5a:	d200      	bcs.n	10002e5e <_ntoa_format+0x11e>
10002e5c:	e789      	b.n	10002d72 <_ntoa_format+0x32>
10002e5e:	e798      	b.n	10002d92 <_ntoa_format+0x52>
10002e60:	9b11      	ldr	r3, [sp, #68]	@ 0x44
10002e62:	2b10      	cmp	r3, #16
10002e64:	d1b2      	bne.n	10002dcc <_ntoa_format+0x8c>
10002e66:	06bb      	lsls	r3, r7, #26
10002e68:	d537      	bpl.n	10002eda <_ntoa_format+0x19a>
10002e6a:	2c20      	cmp	r4, #32
10002e6c:	d0ae      	beq.n	10002dcc <_ntoa_format+0x8c>
10002e6e:	2358      	movs	r3, #88	@ 0x58
10002e70:	9a0e      	ldr	r2, [sp, #56]	@ 0x38
10002e72:	5513      	strb	r3, [r2, r4]
10002e74:	3401      	adds	r4, #1
10002e76:	e7a7      	b.n	10002dc8 <_ntoa_format+0x88>
10002e78:	2c20      	cmp	r4, #32
10002e7a:	d0a7      	beq.n	10002dcc <_ntoa_format+0x8c>
10002e7c:	0023      	movs	r3, r4
10002e7e:	3401      	adds	r4, #1
10002e80:	e007      	b.n	10002e92 <_ntoa_format+0x152>
10002e82:	1e63      	subs	r3, r4, #1
10002e84:	2c01      	cmp	r4, #1
10002e86:	d0c0      	beq.n	10002e0a <_ntoa_format+0xca>
10002e88:	9a11      	ldr	r2, [sp, #68]	@ 0x44
10002e8a:	2a10      	cmp	r2, #16
10002e8c:	d031      	beq.n	10002ef2 <_ntoa_format+0x1b2>
10002e8e:	2a02      	cmp	r2, #2
10002e90:	d1d1      	bne.n	10002e36 <_ntoa_format+0xf6>
10002e92:	2662      	movs	r6, #98	@ 0x62
10002e94:	9a0e      	ldr	r2, [sp, #56]	@ 0x38
10002e96:	54d6      	strb	r6, [r2, r3]
10002e98:	e796      	b.n	10002dc8 <_ntoa_format+0x88>
10002e9a:	06fb      	lsls	r3, r7, #27
10002e9c:	d5ce      	bpl.n	10002e3c <_ntoa_format+0xfc>
10002e9e:	057b      	lsls	r3, r7, #21
10002ea0:	d400      	bmi.n	10002ea4 <_ntoa_format+0x164>
10002ea2:	e788      	b.n	10002db6 <_ntoa_format+0x76>
10002ea4:	e78b      	b.n	10002dbe <_ntoa_format+0x7e>
10002ea6:	0023      	movs	r3, r4
10002ea8:	073e      	lsls	r6, r7, #28
10002eaa:	d590      	bpl.n	10002dce <_ntoa_format+0x8e>
10002eac:	2620      	movs	r6, #32
10002eae:	9a0e      	ldr	r2, [sp, #56]	@ 0x38
10002eb0:	3301      	adds	r3, #1
10002eb2:	5516      	strb	r6, [r2, r4]
10002eb4:	e78b      	b.n	10002dce <_ntoa_format+0x8e>
10002eb6:	230c      	movs	r3, #12
10002eb8:	403b      	ands	r3, r7
10002eba:	1e5a      	subs	r2, r3, #1
10002ebc:	4193      	sbcs	r3, r2
10002ebe:	1aed      	subs	r5, r5, r3
10002ec0:	42b4      	cmp	r4, r6
10002ec2:	d200      	bcs.n	10002ec6 <_ntoa_format+0x186>
10002ec4:	e755      	b.n	10002d72 <_ntoa_format+0x32>
10002ec6:	e764      	b.n	10002d92 <_ntoa_format+0x52>
10002ec8:	06bb      	lsls	r3, r7, #26
10002eca:	d40e      	bmi.n	10002eea <_ntoa_format+0x1aa>
10002ecc:	2378      	movs	r3, #120	@ 0x78
10002ece:	9a0e      	ldr	r2, [sp, #56]	@ 0x38
10002ed0:	2402      	movs	r4, #2
10002ed2:	7013      	strb	r3, [r2, #0]
10002ed4:	2330      	movs	r3, #48	@ 0x30
10002ed6:	7053      	strb	r3, [r2, #1]
10002ed8:	e7a1      	b.n	10002e1e <_ntoa_format+0xde>
10002eda:	2c20      	cmp	r4, #32
10002edc:	d100      	bne.n	10002ee0 <_ntoa_format+0x1a0>
10002ede:	e775      	b.n	10002dcc <_ntoa_format+0x8c>
10002ee0:	2378      	movs	r3, #120	@ 0x78
10002ee2:	9a0e      	ldr	r2, [sp, #56]	@ 0x38
10002ee4:	5513      	strb	r3, [r2, r4]
10002ee6:	3401      	adds	r4, #1
10002ee8:	e76e      	b.n	10002dc8 <_ntoa_format+0x88>
10002eea:	2358      	movs	r3, #88	@ 0x58
10002eec:	e7ef      	b.n	10002ece <_ntoa_format+0x18e>
10002eee:	3360      	adds	r3, #96	@ 0x60
10002ef0:	e7ed      	b.n	10002ece <_ntoa_format+0x18e>
10002ef2:	9a0e      	ldr	r2, [sp, #56]	@ 0x38
10002ef4:	1ea6      	subs	r6, r4, #2
10002ef6:	4691      	mov	r9, r2
10002ef8:	444e      	add	r6, r9
10002efa:	06ba      	lsls	r2, r7, #26
10002efc:	d502      	bpl.n	10002f04 <_ntoa_format+0x1c4>
10002efe:	2258      	movs	r2, #88	@ 0x58
10002f00:	7032      	strb	r2, [r6, #0]
10002f02:	e798      	b.n	10002e36 <_ntoa_format+0xf6>
10002f04:	2278      	movs	r2, #120	@ 0x78
10002f06:	7032      	strb	r2, [r6, #0]
10002f08:	e795      	b.n	10002e36 <_ntoa_format+0xf6>
10002f0a:	46c0      	nop			@ (mov r8, r8)

10002f0c <_out_char>:
10002f0c:	b510      	push	{r4, lr}
10002f0e:	2800      	cmp	r0, #0
10002f10:	d100      	bne.n	10002f14 <_out_char+0x8>
10002f12:	bd10      	pop	{r4, pc}
10002f14:	f001 fc62 	bl	100047dc <__wrap_putchar>
10002f18:	e7fb      	b.n	10002f12 <_out_char+0x6>
10002f1a:	46c0      	nop			@ (mov r8, r8)

10002f1c <_ftoa>:
10002f1c:	b5f0      	push	{r4, r5, r6, r7, lr}
10002f1e:	4657      	mov	r7, sl
10002f20:	46de      	mov	lr, fp
10002f22:	464e      	mov	r6, r9
10002f24:	4645      	mov	r5, r8
10002f26:	b5e0      	push	{r5, r6, r7, lr}
10002f28:	b095      	sub	sp, #84	@ 0x54
10002f2a:	4683      	mov	fp, r0
10002f2c:	000f      	movs	r7, r1
10002f2e:	4692      	mov	sl, r2
10002f30:	4698      	mov	r8, r3
10002f32:	9a1e      	ldr	r2, [sp, #120]	@ 0x78
10002f34:	9b1f      	ldr	r3, [sp, #124]	@ 0x7c
10002f36:	0010      	movs	r0, r2
10002f38:	0019      	movs	r1, r3
10002f3a:	9e20      	ldr	r6, [sp, #128]	@ 0x80
10002f3c:	f7ff fa29 	bl	10002392 <__wrap___aeabi_dcmpun>
10002f40:	2800      	cmp	r0, #0
10002f42:	d000      	beq.n	10002f46 <_ftoa+0x2a>
10002f44:	e1ea      	b.n	1000331c <_ftoa+0x400>
10002f46:	981e      	ldr	r0, [sp, #120]	@ 0x78
10002f48:	991f      	ldr	r1, [sp, #124]	@ 0x7c
10002f4a:	2201      	movs	r2, #1
10002f4c:	4bc5      	ldr	r3, [pc, #788]	@ (10003264 <_ftoa+0x348>)
10002f4e:	4252      	negs	r2, r2
10002f50:	f7ff fa04 	bl	1000235c <__wrap___aeabi_dcmplt>
10002f54:	2800      	cmp	r0, #0
10002f56:	d000      	beq.n	10002f5a <_ftoa+0x3e>
10002f58:	e114      	b.n	10003184 <_ftoa+0x268>
10002f5a:	981e      	ldr	r0, [sp, #120]	@ 0x78
10002f5c:	991f      	ldr	r1, [sp, #124]	@ 0x7c
10002f5e:	2201      	movs	r2, #1
10002f60:	4bc1      	ldr	r3, [pc, #772]	@ (10003268 <_ftoa+0x34c>)
10002f62:	4252      	negs	r2, r2
10002f64:	f7ff fa10 	bl	10002388 <__wrap___aeabi_dcmpgt>
10002f68:	2800      	cmp	r0, #0
10002f6a:	d000      	beq.n	10002f6e <_ftoa+0x52>
10002f6c:	e0e9      	b.n	10003142 <_ftoa+0x226>
10002f6e:	981e      	ldr	r0, [sp, #120]	@ 0x78
10002f70:	991f      	ldr	r1, [sp, #124]	@ 0x7c
10002f72:	2200      	movs	r2, #0
10002f74:	4bbd      	ldr	r3, [pc, #756]	@ (1000326c <_ftoa+0x350>)
10002f76:	f7ff fa07 	bl	10002388 <__wrap___aeabi_dcmpgt>
10002f7a:	2800      	cmp	r0, #0
10002f7c:	d000      	beq.n	10002f80 <_ftoa+0x64>
10002f7e:	e0c8      	b.n	10003112 <_ftoa+0x1f6>
10002f80:	981e      	ldr	r0, [sp, #120]	@ 0x78
10002f82:	991f      	ldr	r1, [sp, #124]	@ 0x7c
10002f84:	2200      	movs	r2, #0
10002f86:	4bba      	ldr	r3, [pc, #744]	@ (10003270 <_ftoa+0x354>)
10002f88:	f7ff f9e8 	bl	1000235c <__wrap___aeabi_dcmplt>
10002f8c:	2800      	cmp	r0, #0
10002f8e:	d000      	beq.n	10002f92 <_ftoa+0x76>
10002f90:	e0bf      	b.n	10003112 <_ftoa+0x1f6>
10002f92:	981e      	ldr	r0, [sp, #120]	@ 0x78
10002f94:	991f      	ldr	r1, [sp, #124]	@ 0x7c
10002f96:	2200      	movs	r2, #0
10002f98:	2300      	movs	r3, #0
10002f9a:	f7ff f9df 	bl	1000235c <__wrap___aeabi_dcmplt>
10002f9e:	2800      	cmp	r0, #0
10002fa0:	d000      	beq.n	10002fa4 <_ftoa+0x88>
10002fa2:	e0e4      	b.n	1000316e <_ftoa+0x252>
10002fa4:	2300      	movs	r3, #0
10002fa6:	930b      	str	r3, [sp, #44]	@ 0x2c
10002fa8:	9b22      	ldr	r3, [sp, #136]	@ 0x88
10002faa:	055b      	lsls	r3, r3, #21
10002fac:	d400      	bmi.n	10002fb0 <_ftoa+0x94>
10002fae:	2606      	movs	r6, #6
10002fb0:	2400      	movs	r4, #0
10002fb2:	2330      	movs	r3, #48	@ 0x30
10002fb4:	e007      	b.n	10002fc6 <_ftoa+0xaa>
10002fb6:	2117      	movs	r1, #23
10002fb8:	aa06      	add	r2, sp, #24
10002fba:	3401      	adds	r4, #1
10002fbc:	1852      	adds	r2, r2, r1
10002fbe:	5513      	strb	r3, [r2, r4]
10002fc0:	3e01      	subs	r6, #1
10002fc2:	2c20      	cmp	r4, #32
10002fc4:	d001      	beq.n	10002fca <_ftoa+0xae>
10002fc6:	2e09      	cmp	r6, #9
10002fc8:	d8f5      	bhi.n	10002fb6 <_ftoa+0x9a>
10002fca:	981e      	ldr	r0, [sp, #120]	@ 0x78
10002fcc:	991f      	ldr	r1, [sp, #124]	@ 0x7c
10002fce:	f7ff fa09 	bl	100023e4 <__wrap___aeabi_d2iz>
10002fd2:	4ba8      	ldr	r3, [pc, #672]	@ (10003274 <_ftoa+0x358>)
10002fd4:	00f2      	lsls	r2, r6, #3
10002fd6:	189b      	adds	r3, r3, r2
10002fd8:	681a      	ldr	r2, [r3, #0]
10002fda:	685b      	ldr	r3, [r3, #4]
10002fdc:	0005      	movs	r5, r0
10002fde:	9208      	str	r2, [sp, #32]
10002fe0:	9309      	str	r3, [sp, #36]	@ 0x24
10002fe2:	f7ff f9e7 	bl	100023b4 <__wrap___aeabi_i2d>
10002fe6:	0002      	movs	r2, r0
10002fe8:	000b      	movs	r3, r1
10002fea:	981e      	ldr	r0, [sp, #120]	@ 0x78
10002fec:	991f      	ldr	r1, [sp, #124]	@ 0x7c
10002fee:	f7ff f942 	bl	10002276 <__wrap___aeabi_dsub>
10002ff2:	9a08      	ldr	r2, [sp, #32]
10002ff4:	9b09      	ldr	r3, [sp, #36]	@ 0x24
10002ff6:	f7ff f96e 	bl	100022d6 <__wrap___aeabi_dmul>
10002ffa:	9006      	str	r0, [sp, #24]
10002ffc:	9107      	str	r1, [sp, #28]
10002ffe:	f7ff fa15 	bl	1000242c <__wrap___aeabi_d2uiz>
10003002:	4681      	mov	r9, r0
10003004:	f7ff f9d2 	bl	100023ac <__wrap___aeabi_ui2d>
10003008:	0002      	movs	r2, r0
1000300a:	000b      	movs	r3, r1
1000300c:	9806      	ldr	r0, [sp, #24]
1000300e:	9907      	ldr	r1, [sp, #28]
10003010:	f7ff f931 	bl	10002276 <__wrap___aeabi_dsub>
10003014:	2200      	movs	r2, #0
10003016:	4b98      	ldr	r3, [pc, #608]	@ (10003278 <_ftoa+0x35c>)
10003018:	9006      	str	r0, [sp, #24]
1000301a:	9107      	str	r1, [sp, #28]
1000301c:	f7ff f9b4 	bl	10002388 <__wrap___aeabi_dcmpgt>
10003020:	2800      	cmp	r0, #0
10003022:	d100      	bne.n	10003026 <_ftoa+0x10a>
10003024:	e10d      	b.n	10003242 <_ftoa+0x326>
10003026:	2301      	movs	r3, #1
10003028:	469c      	mov	ip, r3
1000302a:	44e1      	add	r9, ip
1000302c:	4648      	mov	r0, r9
1000302e:	f7ff f9bd 	bl	100023ac <__wrap___aeabi_ui2d>
10003032:	0002      	movs	r2, r0
10003034:	000b      	movs	r3, r1
10003036:	9808      	ldr	r0, [sp, #32]
10003038:	9909      	ldr	r1, [sp, #36]	@ 0x24
1000303a:	f7ff f995 	bl	10002368 <__wrap___aeabi_dcmple>
1000303e:	2800      	cmp	r0, #0
10003040:	d002      	beq.n	10003048 <_ftoa+0x12c>
10003042:	2300      	movs	r3, #0
10003044:	4699      	mov	r9, r3
10003046:	3501      	adds	r5, #1
10003048:	2e00      	cmp	r6, #0
1000304a:	d100      	bne.n	1000304e <_ftoa+0x132>
1000304c:	e0d9      	b.n	10003202 <_ftoa+0x2e6>
1000304e:	9506      	str	r5, [sp, #24]
10003050:	464d      	mov	r5, r9
10003052:	46b9      	mov	r9, r7
10003054:	e014      	b.n	10003080 <_ftoa+0x164>
10003056:	aa06      	add	r2, sp, #24
10003058:	4694      	mov	ip, r2
1000305a:	2317      	movs	r3, #23
1000305c:	210a      	movs	r1, #10
1000305e:	4463      	add	r3, ip
10003060:	0028      	movs	r0, r5
10003062:	3401      	adds	r4, #1
10003064:	191f      	adds	r7, r3, r4
10003066:	f7fe fecb 	bl	10001e00 <__wrap___aeabi_uidiv>
1000306a:	3130      	adds	r1, #48	@ 0x30
1000306c:	7039      	strb	r1, [r7, #0]
1000306e:	0028      	movs	r0, r5
10003070:	210a      	movs	r1, #10
10003072:	3e01      	subs	r6, #1
10003074:	f7fe fec4 	bl	10001e00 <__wrap___aeabi_uidiv>
10003078:	2d09      	cmp	r5, #9
1000307a:	d800      	bhi.n	1000307e <_ftoa+0x162>
1000307c:	e117      	b.n	100032ae <_ftoa+0x392>
1000307e:	0005      	movs	r5, r0
10003080:	2c20      	cmp	r4, #32
10003082:	d1e8      	bne.n	10003056 <_ftoa+0x13a>
10003084:	464f      	mov	r7, r9
10003086:	9d06      	ldr	r5, [sp, #24]
10003088:	2420      	movs	r4, #32
1000308a:	ae0c      	add	r6, sp, #48	@ 0x30
1000308c:	aa06      	add	r2, sp, #24
1000308e:	2317      	movs	r3, #23
10003090:	4694      	mov	ip, r2
10003092:	4463      	add	r3, ip
10003094:	4699      	mov	r9, r3
10003096:	465b      	mov	r3, fp
10003098:	46b3      	mov	fp, r6
1000309a:	9306      	str	r3, [sp, #24]
1000309c:	e00f      	b.n	100030be <_ftoa+0x1a2>
1000309e:	464b      	mov	r3, r9
100030a0:	0028      	movs	r0, r5
100030a2:	210a      	movs	r1, #10
100030a4:	3401      	adds	r4, #1
100030a6:	18e6      	adds	r6, r4, r3
100030a8:	f7fe fe82 	bl	10001db0 <__wrap___aeabi_idiv>
100030ac:	3130      	adds	r1, #48	@ 0x30
100030ae:	0028      	movs	r0, r5
100030b0:	7031      	strb	r1, [r6, #0]
100030b2:	210a      	movs	r1, #10
100030b4:	f7fe fe7c 	bl	10001db0 <__wrap___aeabi_idiv>
100030b8:	1e05      	subs	r5, r0, #0
100030ba:	d100      	bne.n	100030be <_ftoa+0x1a2>
100030bc:	e0e4      	b.n	10003288 <_ftoa+0x36c>
100030be:	2c20      	cmp	r4, #32
100030c0:	d1ed      	bne.n	1000309e <_ftoa+0x182>
100030c2:	9b06      	ldr	r3, [sp, #24]
100030c4:	465e      	mov	r6, fp
100030c6:	469b      	mov	fp, r3
100030c8:	2303      	movs	r3, #3
100030ca:	9a22      	ldr	r2, [sp, #136]	@ 0x88
100030cc:	4013      	ands	r3, r2
100030ce:	2b01      	cmp	r3, #1
100030d0:	d118      	bne.n	10003104 <_ftoa+0x1e8>
100030d2:	9b21      	ldr	r3, [sp, #132]	@ 0x84
100030d4:	2b00      	cmp	r3, #0
100030d6:	d015      	beq.n	10003104 <_ftoa+0x1e8>
100030d8:	9b0b      	ldr	r3, [sp, #44]	@ 0x2c
100030da:	2b00      	cmp	r3, #0
100030dc:	d100      	bne.n	100030e0 <_ftoa+0x1c4>
100030de:	e0fd      	b.n	100032dc <_ftoa+0x3c0>
100030e0:	9b21      	ldr	r3, [sp, #132]	@ 0x84
100030e2:	3b01      	subs	r3, #1
100030e4:	9321      	str	r3, [sp, #132]	@ 0x84
100030e6:	2b20      	cmp	r3, #32
100030e8:	d90c      	bls.n	10003104 <_ftoa+0x1e8>
100030ea:	2330      	movs	r3, #48	@ 0x30
100030ec:	9a21      	ldr	r2, [sp, #132]	@ 0x84
100030ee:	e007      	b.n	10003100 <_ftoa+0x1e4>
100030f0:	2017      	movs	r0, #23
100030f2:	a906      	add	r1, sp, #24
100030f4:	3401      	adds	r4, #1
100030f6:	1809      	adds	r1, r1, r0
100030f8:	550b      	strb	r3, [r1, r4]
100030fa:	4294      	cmp	r4, r2
100030fc:	d300      	bcc.n	10003100 <_ftoa+0x1e4>
100030fe:	e0cc      	b.n	1000329a <_ftoa+0x37e>
10003100:	2c20      	cmp	r4, #32
10003102:	d1f5      	bne.n	100030f0 <_ftoa+0x1d4>
10003104:	9b22      	ldr	r3, [sp, #136]	@ 0x88
10003106:	9401      	str	r4, [sp, #4]
10003108:	9303      	str	r3, [sp, #12]
1000310a:	9b21      	ldr	r3, [sp, #132]	@ 0x84
1000310c:	9600      	str	r6, [sp, #0]
1000310e:	9302      	str	r3, [sp, #8]
10003110:	e022      	b.n	10003158 <_ftoa+0x23c>
10003112:	9b22      	ldr	r3, [sp, #136]	@ 0x88
10003114:	4652      	mov	r2, sl
10003116:	9304      	str	r3, [sp, #16]
10003118:	9b21      	ldr	r3, [sp, #132]	@ 0x84
1000311a:	0039      	movs	r1, r7
1000311c:	9303      	str	r3, [sp, #12]
1000311e:	4658      	mov	r0, fp
10003120:	9b1e      	ldr	r3, [sp, #120]	@ 0x78
10003122:	9c1f      	ldr	r4, [sp, #124]	@ 0x7c
10003124:	9602      	str	r6, [sp, #8]
10003126:	9300      	str	r3, [sp, #0]
10003128:	9401      	str	r4, [sp, #4]
1000312a:	4643      	mov	r3, r8
1000312c:	f000 f94a 	bl	100033c4 <_etoa>
10003130:	0004      	movs	r4, r0
10003132:	0020      	movs	r0, r4
10003134:	b015      	add	sp, #84	@ 0x54
10003136:	bcf0      	pop	{r4, r5, r6, r7}
10003138:	46bb      	mov	fp, r7
1000313a:	46b2      	mov	sl, r6
1000313c:	46a9      	mov	r9, r5
1000313e:	46a0      	mov	r8, r4
10003140:	bdf0      	pop	{r4, r5, r6, r7, pc}
10003142:	9b22      	ldr	r3, [sp, #136]	@ 0x88
10003144:	075b      	lsls	r3, r3, #29
10003146:	d40f      	bmi.n	10003168 <_ftoa+0x24c>
10003148:	2203      	movs	r2, #3
1000314a:	4b4c      	ldr	r3, [pc, #304]	@ (1000327c <_ftoa+0x360>)
1000314c:	9922      	ldr	r1, [sp, #136]	@ 0x88
1000314e:	9201      	str	r2, [sp, #4]
10003150:	9103      	str	r1, [sp, #12]
10003152:	9921      	ldr	r1, [sp, #132]	@ 0x84
10003154:	9300      	str	r3, [sp, #0]
10003156:	9102      	str	r1, [sp, #8]
10003158:	4643      	mov	r3, r8
1000315a:	4652      	mov	r2, sl
1000315c:	0039      	movs	r1, r7
1000315e:	4658      	mov	r0, fp
10003160:	f7ff fd98 	bl	10002c94 <_out_rev>
10003164:	0004      	movs	r4, r0
10003166:	e7e4      	b.n	10003132 <_ftoa+0x216>
10003168:	2204      	movs	r2, #4
1000316a:	4b45      	ldr	r3, [pc, #276]	@ (10003280 <_ftoa+0x364>)
1000316c:	e7ee      	b.n	1000314c <_ftoa+0x230>
1000316e:	9a1e      	ldr	r2, [sp, #120]	@ 0x78
10003170:	9b1f      	ldr	r3, [sp, #124]	@ 0x7c
10003172:	2000      	movs	r0, #0
10003174:	2100      	movs	r1, #0
10003176:	f7ff f87e 	bl	10002276 <__wrap___aeabi_dsub>
1000317a:	2301      	movs	r3, #1
1000317c:	901e      	str	r0, [sp, #120]	@ 0x78
1000317e:	911f      	str	r1, [sp, #124]	@ 0x7c
10003180:	930b      	str	r3, [sp, #44]	@ 0x2c
10003182:	e711      	b.n	10002fa8 <_ftoa+0x8c>
10003184:	9b22      	ldr	r3, [sp, #136]	@ 0x88
10003186:	4654      	mov	r4, sl
10003188:	079b      	lsls	r3, r3, #30
1000318a:	d111      	bne.n	100031b0 <_ftoa+0x294>
1000318c:	9b21      	ldr	r3, [sp, #132]	@ 0x84
1000318e:	2b04      	cmp	r3, #4
10003190:	d90e      	bls.n	100031b0 <_ftoa+0x294>
10003192:	9b21      	ldr	r3, [sp, #132]	@ 0x84
10003194:	4655      	mov	r5, sl
10003196:	469c      	mov	ip, r3
10003198:	465e      	mov	r6, fp
1000319a:	3c04      	subs	r4, #4
1000319c:	4464      	add	r4, ip
1000319e:	002a      	movs	r2, r5
100031a0:	4643      	mov	r3, r8
100031a2:	3501      	adds	r5, #1
100031a4:	0039      	movs	r1, r7
100031a6:	2020      	movs	r0, #32
100031a8:	47b0      	blx	r6
100031aa:	42a5      	cmp	r5, r4
100031ac:	d1f7      	bne.n	1000319e <_ftoa+0x282>
100031ae:	46b3      	mov	fp, r6
100031b0:	4d34      	ldr	r5, [pc, #208]	@ (10003284 <_ftoa+0x368>)
100031b2:	0026      	movs	r6, r4
100031b4:	1f2b      	subs	r3, r5, #4
100031b6:	4699      	mov	r9, r3
100031b8:	465b      	mov	r3, fp
100031ba:	46a3      	mov	fp, r4
100031bc:	001c      	movs	r4, r3
100031be:	0032      	movs	r2, r6
100031c0:	78e8      	ldrb	r0, [r5, #3]
100031c2:	4643      	mov	r3, r8
100031c4:	0039      	movs	r1, r7
100031c6:	3d01      	subs	r5, #1
100031c8:	47a0      	blx	r4
100031ca:	3601      	adds	r6, #1
100031cc:	454d      	cmp	r5, r9
100031ce:	d1f6      	bne.n	100031be <_ftoa+0x2a2>
100031d0:	0023      	movs	r3, r4
100031d2:	465c      	mov	r4, fp
100031d4:	469b      	mov	fp, r3
100031d6:	9b22      	ldr	r3, [sp, #136]	@ 0x88
100031d8:	3404      	adds	r4, #4
100031da:	079b      	lsls	r3, r3, #30
100031dc:	d5a9      	bpl.n	10003132 <_ftoa+0x216>
100031de:	4653      	mov	r3, sl
100031e0:	9a21      	ldr	r2, [sp, #132]	@ 0x84
100031e2:	1ae3      	subs	r3, r4, r3
100031e4:	429a      	cmp	r2, r3
100031e6:	d9a4      	bls.n	10003132 <_ftoa+0x216>
100031e8:	465e      	mov	r6, fp
100031ea:	0015      	movs	r5, r2
100031ec:	0022      	movs	r2, r4
100031ee:	4643      	mov	r3, r8
100031f0:	0039      	movs	r1, r7
100031f2:	2020      	movs	r0, #32
100031f4:	47b0      	blx	r6
100031f6:	4653      	mov	r3, sl
100031f8:	3401      	adds	r4, #1
100031fa:	1ae3      	subs	r3, r4, r3
100031fc:	429d      	cmp	r5, r3
100031fe:	d8f5      	bhi.n	100031ec <_ftoa+0x2d0>
10003200:	e797      	b.n	10003132 <_ftoa+0x216>
10003202:	0028      	movs	r0, r5
10003204:	f7ff f8d6 	bl	100023b4 <__wrap___aeabi_i2d>
10003208:	0002      	movs	r2, r0
1000320a:	000b      	movs	r3, r1
1000320c:	981e      	ldr	r0, [sp, #120]	@ 0x78
1000320e:	991f      	ldr	r1, [sp, #124]	@ 0x7c
10003210:	f7ff f831 	bl	10002276 <__wrap___aeabi_dsub>
10003214:	2200      	movs	r2, #0
10003216:	4b18      	ldr	r3, [pc, #96]	@ (10003278 <_ftoa+0x35c>)
10003218:	9006      	str	r0, [sp, #24]
1000321a:	9107      	str	r1, [sp, #28]
1000321c:	f7ff f89e 	bl	1000235c <__wrap___aeabi_dcmplt>
10003220:	ae0c      	add	r6, sp, #48	@ 0x30
10003222:	2800      	cmp	r0, #0
10003224:	d000      	beq.n	10003228 <_ftoa+0x30c>
10003226:	e731      	b.n	1000308c <_ftoa+0x170>
10003228:	9806      	ldr	r0, [sp, #24]
1000322a:	9907      	ldr	r1, [sp, #28]
1000322c:	2200      	movs	r2, #0
1000322e:	4b12      	ldr	r3, [pc, #72]	@ (10003278 <_ftoa+0x35c>)
10003230:	f7ff f8aa 	bl	10002388 <__wrap___aeabi_dcmpgt>
10003234:	2800      	cmp	r0, #0
10003236:	d000      	beq.n	1000323a <_ftoa+0x31e>
10003238:	e728      	b.n	1000308c <_ftoa+0x170>
1000323a:	2301      	movs	r3, #1
1000323c:	3501      	adds	r5, #1
1000323e:	439d      	bics	r5, r3
10003240:	e724      	b.n	1000308c <_ftoa+0x170>
10003242:	2200      	movs	r2, #0
10003244:	9806      	ldr	r0, [sp, #24]
10003246:	9907      	ldr	r1, [sp, #28]
10003248:	4b0b      	ldr	r3, [pc, #44]	@ (10003278 <_ftoa+0x35c>)
1000324a:	f7ff f887 	bl	1000235c <__wrap___aeabi_dcmplt>
1000324e:	2800      	cmp	r0, #0
10003250:	d000      	beq.n	10003254 <_ftoa+0x338>
10003252:	e6f9      	b.n	10003048 <_ftoa+0x12c>
10003254:	464b      	mov	r3, r9
10003256:	2b00      	cmp	r3, #0
10003258:	d15c      	bne.n	10003314 <_ftoa+0x3f8>
1000325a:	2301      	movs	r3, #1
1000325c:	469c      	mov	ip, r3
1000325e:	44e1      	add	r9, ip
10003260:	e6f2      	b.n	10003048 <_ftoa+0x12c>
10003262:	46c0      	nop			@ (mov r8, r8)
10003264:	ffefffff 	.word	0xffefffff
10003268:	7fefffff 	.word	0x7fefffff
1000326c:	41cdcd65 	.word	0x41cdcd65
10003270:	c1cdcd65 	.word	0xc1cdcd65
10003274:	10005c50 	.word	0x10005c50
10003278:	3fe00000 	.word	0x3fe00000
1000327c:	10005840 	.word	0x10005840
10003280:	10005838 	.word	0x10005838
10003284:	10005848 	.word	0x10005848
10003288:	9b06      	ldr	r3, [sp, #24]
1000328a:	465e      	mov	r6, fp
1000328c:	469b      	mov	fp, r3
1000328e:	2303      	movs	r3, #3
10003290:	9a22      	ldr	r2, [sp, #136]	@ 0x88
10003292:	4013      	ands	r3, r2
10003294:	2b01      	cmp	r3, #1
10003296:	d100      	bne.n	1000329a <_ftoa+0x37e>
10003298:	e081      	b.n	1000339e <_ftoa+0x482>
1000329a:	2c20      	cmp	r4, #32
1000329c:	d100      	bne.n	100032a0 <_ftoa+0x384>
1000329e:	e731      	b.n	10003104 <_ftoa+0x1e8>
100032a0:	9b0b      	ldr	r3, [sp, #44]	@ 0x2c
100032a2:	2b00      	cmp	r3, #0
100032a4:	d027      	beq.n	100032f6 <_ftoa+0x3da>
100032a6:	232d      	movs	r3, #45	@ 0x2d
100032a8:	5533      	strb	r3, [r6, r4]
100032aa:	3401      	adds	r4, #1
100032ac:	e72a      	b.n	10003104 <_ftoa+0x1e8>
100032ae:	464f      	mov	r7, r9
100032b0:	9d06      	ldr	r5, [sp, #24]
100032b2:	2c20      	cmp	r4, #32
100032b4:	d100      	bne.n	100032b8 <_ftoa+0x39c>
100032b6:	e6e7      	b.n	10003088 <_ftoa+0x16c>
100032b8:	2230      	movs	r2, #48	@ 0x30
100032ba:	1933      	adds	r3, r6, r4
100032bc:	e007      	b.n	100032ce <_ftoa+0x3b2>
100032be:	2017      	movs	r0, #23
100032c0:	a906      	add	r1, sp, #24
100032c2:	3401      	adds	r4, #1
100032c4:	1809      	adds	r1, r1, r0
100032c6:	550a      	strb	r2, [r1, r4]
100032c8:	2c20      	cmp	r4, #32
100032ca:	d100      	bne.n	100032ce <_ftoa+0x3b2>
100032cc:	e6dc      	b.n	10003088 <_ftoa+0x16c>
100032ce:	42a3      	cmp	r3, r4
100032d0:	d1f5      	bne.n	100032be <_ftoa+0x3a2>
100032d2:	222e      	movs	r2, #46	@ 0x2e
100032d4:	ae0c      	add	r6, sp, #48	@ 0x30
100032d6:	3401      	adds	r4, #1
100032d8:	54f2      	strb	r2, [r6, r3]
100032da:	e6d7      	b.n	1000308c <_ftoa+0x170>
100032dc:	230c      	movs	r3, #12
100032de:	9a22      	ldr	r2, [sp, #136]	@ 0x88
100032e0:	4213      	tst	r3, r2
100032e2:	d057      	beq.n	10003394 <_ftoa+0x478>
100032e4:	9b21      	ldr	r3, [sp, #132]	@ 0x84
100032e6:	3b01      	subs	r3, #1
100032e8:	9321      	str	r3, [sp, #132]	@ 0x84
100032ea:	42a3      	cmp	r3, r4
100032ec:	d900      	bls.n	100032f0 <_ftoa+0x3d4>
100032ee:	e6fc      	b.n	100030ea <_ftoa+0x1ce>
100032f0:	2c20      	cmp	r4, #32
100032f2:	d100      	bne.n	100032f6 <_ftoa+0x3da>
100032f4:	e706      	b.n	10003104 <_ftoa+0x1e8>
100032f6:	9b22      	ldr	r3, [sp, #136]	@ 0x88
100032f8:	075b      	lsls	r3, r3, #29
100032fa:	d503      	bpl.n	10003304 <_ftoa+0x3e8>
100032fc:	232b      	movs	r3, #43	@ 0x2b
100032fe:	5533      	strb	r3, [r6, r4]
10003300:	3401      	adds	r4, #1
10003302:	e6ff      	b.n	10003104 <_ftoa+0x1e8>
10003304:	9b22      	ldr	r3, [sp, #136]	@ 0x88
10003306:	071b      	lsls	r3, r3, #28
10003308:	d400      	bmi.n	1000330c <_ftoa+0x3f0>
1000330a:	e6fb      	b.n	10003104 <_ftoa+0x1e8>
1000330c:	2320      	movs	r3, #32
1000330e:	5533      	strb	r3, [r6, r4]
10003310:	3401      	adds	r4, #1
10003312:	e6f7      	b.n	10003104 <_ftoa+0x1e8>
10003314:	07db      	lsls	r3, r3, #31
10003316:	d400      	bmi.n	1000331a <_ftoa+0x3fe>
10003318:	e696      	b.n	10003048 <_ftoa+0x12c>
1000331a:	e79e      	b.n	1000325a <_ftoa+0x33e>
1000331c:	9b22      	ldr	r3, [sp, #136]	@ 0x88
1000331e:	4655      	mov	r5, sl
10003320:	079b      	lsls	r3, r3, #30
10003322:	d111      	bne.n	10003348 <_ftoa+0x42c>
10003324:	9b21      	ldr	r3, [sp, #132]	@ 0x84
10003326:	2b03      	cmp	r3, #3
10003328:	d90e      	bls.n	10003348 <_ftoa+0x42c>
1000332a:	9b21      	ldr	r3, [sp, #132]	@ 0x84
1000332c:	4654      	mov	r4, sl
1000332e:	469c      	mov	ip, r3
10003330:	465e      	mov	r6, fp
10003332:	3d03      	subs	r5, #3
10003334:	4465      	add	r5, ip
10003336:	0022      	movs	r2, r4
10003338:	4643      	mov	r3, r8
1000333a:	3401      	adds	r4, #1
1000333c:	0039      	movs	r1, r7
1000333e:	2020      	movs	r0, #32
10003340:	47b0      	blx	r6
10003342:	42ac      	cmp	r4, r5
10003344:	d1f7      	bne.n	10003336 <_ftoa+0x41a>
10003346:	46b3      	mov	fp, r6
10003348:	46b9      	mov	r9, r7
1000334a:	465f      	mov	r7, fp
1000334c:	4e1c      	ldr	r6, [pc, #112]	@ (100033c0 <_ftoa+0x4a4>)
1000334e:	1cec      	adds	r4, r5, #3
10003350:	002a      	movs	r2, r5
10003352:	78b0      	ldrb	r0, [r6, #2]
10003354:	4643      	mov	r3, r8
10003356:	4649      	mov	r1, r9
10003358:	3501      	adds	r5, #1
1000335a:	47b8      	blx	r7
1000335c:	3e01      	subs	r6, #1
1000335e:	42ac      	cmp	r4, r5
10003360:	d1f6      	bne.n	10003350 <_ftoa+0x434>
10003362:	9b22      	ldr	r3, [sp, #136]	@ 0x88
10003364:	46bb      	mov	fp, r7
10003366:	464f      	mov	r7, r9
10003368:	079b      	lsls	r3, r3, #30
1000336a:	d400      	bmi.n	1000336e <_ftoa+0x452>
1000336c:	e6e1      	b.n	10003132 <_ftoa+0x216>
1000336e:	4653      	mov	r3, sl
10003370:	9a21      	ldr	r2, [sp, #132]	@ 0x84
10003372:	1ae3      	subs	r3, r4, r3
10003374:	429a      	cmp	r2, r3
10003376:	d800      	bhi.n	1000337a <_ftoa+0x45e>
10003378:	e6db      	b.n	10003132 <_ftoa+0x216>
1000337a:	465e      	mov	r6, fp
1000337c:	0015      	movs	r5, r2
1000337e:	0022      	movs	r2, r4
10003380:	4643      	mov	r3, r8
10003382:	0039      	movs	r1, r7
10003384:	2020      	movs	r0, #32
10003386:	47b0      	blx	r6
10003388:	4653      	mov	r3, sl
1000338a:	3401      	adds	r4, #1
1000338c:	1ae3      	subs	r3, r4, r3
1000338e:	42ab      	cmp	r3, r5
10003390:	d3f5      	bcc.n	1000337e <_ftoa+0x462>
10003392:	e6ce      	b.n	10003132 <_ftoa+0x216>
10003394:	9b21      	ldr	r3, [sp, #132]	@ 0x84
10003396:	42a3      	cmp	r3, r4
10003398:	d900      	bls.n	1000339c <_ftoa+0x480>
1000339a:	e6a6      	b.n	100030ea <_ftoa+0x1ce>
1000339c:	e6b2      	b.n	10003104 <_ftoa+0x1e8>
1000339e:	9b21      	ldr	r3, [sp, #132]	@ 0x84
100033a0:	2b00      	cmp	r3, #0
100033a2:	d100      	bne.n	100033a6 <_ftoa+0x48a>
100033a4:	e779      	b.n	1000329a <_ftoa+0x37e>
100033a6:	9b0b      	ldr	r3, [sp, #44]	@ 0x2c
100033a8:	2b00      	cmp	r3, #0
100033aa:	d097      	beq.n	100032dc <_ftoa+0x3c0>
100033ac:	9b21      	ldr	r3, [sp, #132]	@ 0x84
100033ae:	3b01      	subs	r3, #1
100033b0:	9321      	str	r3, [sp, #132]	@ 0x84
100033b2:	429c      	cmp	r4, r3
100033b4:	d200      	bcs.n	100033b8 <_ftoa+0x49c>
100033b6:	e698      	b.n	100030ea <_ftoa+0x1ce>
100033b8:	2c20      	cmp	r4, #32
100033ba:	d000      	beq.n	100033be <_ftoa+0x4a2>
100033bc:	e773      	b.n	100032a6 <_ftoa+0x38a>
100033be:	e6a1      	b.n	10003104 <_ftoa+0x1e8>
100033c0:	10005844 	.word	0x10005844

100033c4 <_etoa>:
100033c4:	b5f0      	push	{r4, r5, r6, r7, lr}
100033c6:	46de      	mov	lr, fp
100033c8:	4657      	mov	r7, sl
100033ca:	464e      	mov	r6, r9
100033cc:	4645      	mov	r5, r8
100033ce:	b5e0      	push	{r5, r6, r7, lr}
100033d0:	b099      	sub	sp, #100	@ 0x64
100033d2:	4681      	mov	r9, r0
100033d4:	468b      	mov	fp, r1
100033d6:	4692      	mov	sl, r2
100033d8:	4698      	mov	r8, r3
100033da:	9a22      	ldr	r2, [sp, #136]	@ 0x88
100033dc:	9b23      	ldr	r3, [sp, #140]	@ 0x8c
100033de:	0010      	movs	r0, r2
100033e0:	0019      	movs	r1, r3
100033e2:	f7fe ffd6 	bl	10002392 <__wrap___aeabi_dcmpun>
100033e6:	2800      	cmp	r0, #0
100033e8:	d000      	beq.n	100033ec <_etoa+0x28>
100033ea:	e0ca      	b.n	10003582 <_etoa+0x1be>
100033ec:	9822      	ldr	r0, [sp, #136]	@ 0x88
100033ee:	9923      	ldr	r1, [sp, #140]	@ 0x8c
100033f0:	2201      	movs	r2, #1
100033f2:	4b82      	ldr	r3, [pc, #520]	@ (100035fc <_etoa+0x238>)
100033f4:	4252      	negs	r2, r2
100033f6:	f7fe ffc7 	bl	10002388 <__wrap___aeabi_dcmpgt>
100033fa:	2800      	cmp	r0, #0
100033fc:	d000      	beq.n	10003400 <_etoa+0x3c>
100033fe:	e0c0      	b.n	10003582 <_etoa+0x1be>
10003400:	9822      	ldr	r0, [sp, #136]	@ 0x88
10003402:	9923      	ldr	r1, [sp, #140]	@ 0x8c
10003404:	2201      	movs	r2, #1
10003406:	4b7e      	ldr	r3, [pc, #504]	@ (10003600 <_etoa+0x23c>)
10003408:	4252      	negs	r2, r2
1000340a:	f7fe ffa7 	bl	1000235c <__wrap___aeabi_dcmplt>
1000340e:	2800      	cmp	r0, #0
10003410:	d000      	beq.n	10003414 <_etoa+0x50>
10003412:	e0b6      	b.n	10003582 <_etoa+0x1be>
10003414:	9822      	ldr	r0, [sp, #136]	@ 0x88
10003416:	9923      	ldr	r1, [sp, #140]	@ 0x8c
10003418:	2200      	movs	r2, #0
1000341a:	2300      	movs	r3, #0
1000341c:	f7fe ff9e 	bl	1000235c <__wrap___aeabi_dcmplt>
10003420:	2800      	cmp	r0, #0
10003422:	d000      	beq.n	10003426 <_etoa+0x62>
10003424:	e1c9      	b.n	100037ba <_etoa+0x3f6>
10003426:	9b22      	ldr	r3, [sp, #136]	@ 0x88
10003428:	9c23      	ldr	r4, [sp, #140]	@ 0x8c
1000342a:	9308      	str	r3, [sp, #32]
1000342c:	9409      	str	r4, [sp, #36]	@ 0x24
1000342e:	9808      	ldr	r0, [sp, #32]
10003430:	9909      	ldr	r1, [sp, #36]	@ 0x24
10003432:	2380      	movs	r3, #128	@ 0x80
10003434:	9a26      	ldr	r2, [sp, #152]	@ 0x98
10003436:	00db      	lsls	r3, r3, #3
10003438:	401a      	ands	r2, r3
1000343a:	920d      	str	r2, [sp, #52]	@ 0x34
1000343c:	2280      	movs	r2, #128	@ 0x80
1000343e:	9c26      	ldr	r4, [sp, #152]	@ 0x98
10003440:	0112      	lsls	r2, r2, #4
10003442:	4014      	ands	r4, r2
10003444:	0022      	movs	r2, r4
10003446:	940b      	str	r4, [sp, #44]	@ 0x2c
10003448:	9c26      	ldr	r4, [sp, #152]	@ 0x98
1000344a:	0007      	movs	r7, r0
1000344c:	000e      	movs	r6, r1
1000344e:	421c      	tst	r4, r3
10003450:	d000      	beq.n	10003454 <_etoa+0x90>
10003452:	e0ad      	b.n	100035b0 <_etoa+0x1ec>
10003454:	000b      	movs	r3, r1
10003456:	4303      	orrs	r3, r0
10003458:	d000      	beq.n	1000345c <_etoa+0x98>
1000345a:	e0d5      	b.n	10003608 <_etoa+0x244>
1000345c:	2a00      	cmp	r2, #0
1000345e:	d000      	beq.n	10003462 <_etoa+0x9e>
10003460:	e20a      	b.n	10003878 <_etoa+0x4b4>
10003462:	0022      	movs	r2, r4
10003464:	3306      	adds	r3, #6
10003466:	9324      	str	r3, [sp, #144]	@ 0x90
10003468:	2302      	movs	r3, #2
1000346a:	4013      	ands	r3, r2
1000346c:	930c      	str	r3, [sp, #48]	@ 0x30
1000346e:	2302      	movs	r3, #2
10003470:	4213      	tst	r3, r2
10003472:	d000      	beq.n	10003476 <_etoa+0xb2>
10003474:	e202      	b.n	1000387c <_etoa+0x4b8>
10003476:	9b25      	ldr	r3, [sp, #148]	@ 0x94
10003478:	2b04      	cmp	r3, #4
1000347a:	d200      	bcs.n	1000347e <_etoa+0xba>
1000347c:	e20f      	b.n	1000389e <_etoa+0x4da>
1000347e:	3b04      	subs	r3, #4
10003480:	930b      	str	r3, [sp, #44]	@ 0x2c
10003482:	2300      	movs	r3, #0
10003484:	2504      	movs	r5, #4
10003486:	930a      	str	r3, [sp, #40]	@ 0x28
10003488:	2200      	movs	r2, #0
1000348a:	9822      	ldr	r0, [sp, #136]	@ 0x88
1000348c:	9923      	ldr	r1, [sp, #140]	@ 0x8c
1000348e:	2300      	movs	r3, #0
10003490:	f7fe ff64 	bl	1000235c <__wrap___aeabi_dcmplt>
10003494:	2800      	cmp	r0, #0
10003496:	d000      	beq.n	1000349a <_etoa+0xd6>
10003498:	e203      	b.n	100038a2 <_etoa+0x4de>
1000349a:	4b5a      	ldr	r3, [pc, #360]	@ (10003604 <_etoa+0x240>)
1000349c:	9a26      	ldr	r2, [sp, #152]	@ 0x98
1000349e:	4013      	ands	r3, r2
100034a0:	9304      	str	r3, [sp, #16]
100034a2:	9b0b      	ldr	r3, [sp, #44]	@ 0x2c
100034a4:	9303      	str	r3, [sp, #12]
100034a6:	9b24      	ldr	r3, [sp, #144]	@ 0x90
100034a8:	9302      	str	r3, [sp, #8]
100034aa:	9b08      	ldr	r3, [sp, #32]
100034ac:	9c09      	ldr	r4, [sp, #36]	@ 0x24
100034ae:	9300      	str	r3, [sp, #0]
100034b0:	9401      	str	r4, [sp, #4]
100034b2:	4659      	mov	r1, fp
100034b4:	4643      	mov	r3, r8
100034b6:	4652      	mov	r2, sl
100034b8:	4648      	mov	r0, r9
100034ba:	f7ff fd2f 	bl	10002f1c <_ftoa>
100034be:	0002      	movs	r2, r0
100034c0:	2020      	movs	r0, #32
100034c2:	9b26      	ldr	r3, [sp, #152]	@ 0x98
100034c4:	271f      	movs	r7, #31
100034c6:	4003      	ands	r3, r0
100034c8:	4259      	negs	r1, r3
100034ca:	414b      	adcs	r3, r1
100034cc:	425b      	negs	r3, r3
100034ce:	4018      	ands	r0, r3
100034d0:	1c53      	adds	r3, r2, #1
100034d2:	9308      	str	r3, [sp, #32]
100034d4:	4659      	mov	r1, fp
100034d6:	4643      	mov	r3, r8
100034d8:	3045      	adds	r0, #69	@ 0x45
100034da:	47c8      	blx	r9
100034dc:	9a0a      	ldr	r2, [sp, #40]	@ 0x28
100034de:	17d3      	asrs	r3, r2, #31
100034e0:	18d4      	adds	r4, r2, r3
100034e2:	405c      	eors	r4, r3
100034e4:	0fd3      	lsrs	r3, r2, #31
100034e6:	930a      	str	r3, [sp, #40]	@ 0x28
100034e8:	1e6b      	subs	r3, r5, #1
100034ea:	930b      	str	r3, [sp, #44]	@ 0x2c
100034ec:	ab08      	add	r3, sp, #32
100034ee:	469c      	mov	ip, r3
100034f0:	2500      	movs	r5, #0
100034f2:	4467      	add	r7, ip
100034f4:	e001      	b.n	100034fa <_etoa+0x136>
100034f6:	2d20      	cmp	r5, #32
100034f8:	d00f      	beq.n	1000351a <_etoa+0x156>
100034fa:	0020      	movs	r0, r4
100034fc:	210a      	movs	r1, #10
100034fe:	f7fe fc7f 	bl	10001e00 <__wrap___aeabi_uidiv>
10003502:	3501      	adds	r5, #1
10003504:	197e      	adds	r6, r7, r5
10003506:	3130      	adds	r1, #48	@ 0x30
10003508:	7031      	strb	r1, [r6, #0]
1000350a:	0020      	movs	r0, r4
1000350c:	210a      	movs	r1, #10
1000350e:	f7fe fc77 	bl	10001e00 <__wrap___aeabi_uidiv>
10003512:	0026      	movs	r6, r4
10003514:	0004      	movs	r4, r0
10003516:	2e09      	cmp	r6, #9
10003518:	d8ed      	bhi.n	100034f6 <_etoa+0x132>
1000351a:	2305      	movs	r3, #5
1000351c:	9306      	str	r3, [sp, #24]
1000351e:	9b0b      	ldr	r3, [sp, #44]	@ 0x2c
10003520:	4659      	mov	r1, fp
10003522:	9305      	str	r3, [sp, #20]
10003524:	2300      	movs	r3, #0
10003526:	9304      	str	r3, [sp, #16]
10003528:	330a      	adds	r3, #10
1000352a:	9303      	str	r3, [sp, #12]
1000352c:	9b0a      	ldr	r3, [sp, #40]	@ 0x28
1000352e:	4648      	mov	r0, r9
10003530:	9302      	str	r3, [sp, #8]
10003532:	ab10      	add	r3, sp, #64	@ 0x40
10003534:	9300      	str	r3, [sp, #0]
10003536:	9a08      	ldr	r2, [sp, #32]
10003538:	4643      	mov	r3, r8
1000353a:	9501      	str	r5, [sp, #4]
1000353c:	f7ff fc00 	bl	10002d40 <_ntoa_format>
10003540:	9b0c      	ldr	r3, [sp, #48]	@ 0x30
10003542:	2b00      	cmp	r3, #0
10003544:	d02d      	beq.n	100035a2 <_etoa+0x1de>
10003546:	4653      	mov	r3, sl
10003548:	1ac4      	subs	r4, r0, r3
1000354a:	9b25      	ldr	r3, [sp, #148]	@ 0x94
1000354c:	42a3      	cmp	r3, r4
1000354e:	d928      	bls.n	100035a2 <_etoa+0x1de>
10003550:	464d      	mov	r5, r9
10003552:	465f      	mov	r7, fp
10003554:	4681      	mov	r9, r0
10003556:	001e      	movs	r6, r3
10003558:	4653      	mov	r3, sl
1000355a:	0039      	movs	r1, r7
1000355c:	191a      	adds	r2, r3, r4
1000355e:	2020      	movs	r0, #32
10003560:	4643      	mov	r3, r8
10003562:	3401      	adds	r4, #1
10003564:	47a8      	blx	r5
10003566:	42a6      	cmp	r6, r4
10003568:	d8f6      	bhi.n	10003558 <_etoa+0x194>
1000356a:	4653      	mov	r3, sl
1000356c:	4648      	mov	r0, r9
1000356e:	9925      	ldr	r1, [sp, #148]	@ 0x94
10003570:	1ac2      	subs	r2, r0, r3
10003572:	3201      	adds	r2, #1
10003574:	2300      	movs	r3, #0
10003576:	4291      	cmp	r1, r2
10003578:	d300      	bcc.n	1000357c <_etoa+0x1b8>
1000357a:	e186      	b.n	1000388a <_etoa+0x4c6>
1000357c:	3001      	adds	r0, #1
1000357e:	1818      	adds	r0, r3, r0
10003580:	e00f      	b.n	100035a2 <_etoa+0x1de>
10003582:	9b26      	ldr	r3, [sp, #152]	@ 0x98
10003584:	9304      	str	r3, [sp, #16]
10003586:	9b25      	ldr	r3, [sp, #148]	@ 0x94
10003588:	9303      	str	r3, [sp, #12]
1000358a:	9b24      	ldr	r3, [sp, #144]	@ 0x90
1000358c:	9302      	str	r3, [sp, #8]
1000358e:	9b22      	ldr	r3, [sp, #136]	@ 0x88
10003590:	9c23      	ldr	r4, [sp, #140]	@ 0x8c
10003592:	9300      	str	r3, [sp, #0]
10003594:	9401      	str	r4, [sp, #4]
10003596:	4643      	mov	r3, r8
10003598:	4652      	mov	r2, sl
1000359a:	4659      	mov	r1, fp
1000359c:	4648      	mov	r0, r9
1000359e:	f7ff fcbd 	bl	10002f1c <_ftoa>
100035a2:	b019      	add	sp, #100	@ 0x64
100035a4:	bcf0      	pop	{r4, r5, r6, r7}
100035a6:	46bb      	mov	fp, r7
100035a8:	46b2      	mov	sl, r6
100035aa:	46a9      	mov	r9, r5
100035ac:	46a0      	mov	r8, r4
100035ae:	bdf0      	pop	{r4, r5, r6, r7, pc}
100035b0:	4301      	orrs	r1, r0
100035b2:	d12b      	bne.n	1000360c <_etoa+0x248>
100035b4:	9b0b      	ldr	r3, [sp, #44]	@ 0x2c
100035b6:	0022      	movs	r2, r4
100035b8:	2b00      	cmp	r3, #0
100035ba:	d100      	bne.n	100035be <_etoa+0x1fa>
100035bc:	e754      	b.n	10003468 <_etoa+0xa4>
100035be:	2300      	movs	r3, #0
100035c0:	930a      	str	r3, [sp, #40]	@ 0x28
100035c2:	9b24      	ldr	r3, [sp, #144]	@ 0x90
100035c4:	9a0a      	ldr	r2, [sp, #40]	@ 0x28
100035c6:	2400      	movs	r4, #0
100035c8:	4293      	cmp	r3, r2
100035ca:	dd00      	ble.n	100035ce <_etoa+0x20a>
100035cc:	e185      	b.n	100038da <_etoa+0x516>
100035ce:	9822      	ldr	r0, [sp, #136]	@ 0x88
100035d0:	9923      	ldr	r1, [sp, #140]	@ 0x8c
100035d2:	2200      	movs	r2, #0
100035d4:	2300      	movs	r3, #0
100035d6:	f7fe fec1 	bl	1000235c <__wrap___aeabi_dcmplt>
100035da:	2800      	cmp	r0, #0
100035dc:	d000      	beq.n	100035e0 <_etoa+0x21c>
100035de:	e135      	b.n	1000384c <_etoa+0x488>
100035e0:	9b26      	ldr	r3, [sp, #152]	@ 0x98
100035e2:	4a08      	ldr	r2, [pc, #32]	@ (10003604 <_etoa+0x240>)
100035e4:	9402      	str	r4, [sp, #8]
100035e6:	401a      	ands	r2, r3
100035e8:	2380      	movs	r3, #128	@ 0x80
100035ea:	00db      	lsls	r3, r3, #3
100035ec:	4313      	orrs	r3, r2
100035ee:	9304      	str	r3, [sp, #16]
100035f0:	9b25      	ldr	r3, [sp, #148]	@ 0x94
100035f2:	9303      	str	r3, [sp, #12]
100035f4:	9b08      	ldr	r3, [sp, #32]
100035f6:	9c09      	ldr	r4, [sp, #36]	@ 0x24
100035f8:	e7cb      	b.n	10003592 <_etoa+0x1ce>
100035fa:	46c0      	nop			@ (mov r8, r8)
100035fc:	7fefffff 	.word	0x7fefffff
10003600:	ffefffff 	.word	0xffefffff
10003604:	fffff7ff 	.word	0xfffff7ff
10003608:	2306      	movs	r3, #6
1000360a:	9324      	str	r3, [sp, #144]	@ 0x90
1000360c:	4bb4      	ldr	r3, [pc, #720]	@ (100038e0 <_etoa+0x51c>)
1000360e:	0070      	lsls	r0, r6, #1
10003610:	469c      	mov	ip, r3
10003612:	0d40      	lsrs	r0, r0, #21
10003614:	4460      	add	r0, ip
10003616:	f7fe fecd 	bl	100023b4 <__wrap___aeabi_i2d>
1000361a:	4ab2      	ldr	r2, [pc, #712]	@ (100038e4 <_etoa+0x520>)
1000361c:	4bb2      	ldr	r3, [pc, #712]	@ (100038e8 <_etoa+0x524>)
1000361e:	f7fe fe5a 	bl	100022d6 <__wrap___aeabi_dmul>
10003622:	4ab2      	ldr	r2, [pc, #712]	@ (100038ec <_etoa+0x528>)
10003624:	4bb2      	ldr	r3, [pc, #712]	@ (100038f0 <_etoa+0x52c>)
10003626:	f7fe fe2f 	bl	10002288 <__wrap___aeabi_dadd>
1000362a:	0336      	lsls	r6, r6, #12
1000362c:	4bb1      	ldr	r3, [pc, #708]	@ (100038f4 <_etoa+0x530>)
1000362e:	0b36      	lsrs	r6, r6, #12
10003630:	4333      	orrs	r3, r6
10003632:	0004      	movs	r4, r0
10003634:	000d      	movs	r5, r1
10003636:	0038      	movs	r0, r7
10003638:	0019      	movs	r1, r3
1000363a:	2200      	movs	r2, #0
1000363c:	4bae      	ldr	r3, [pc, #696]	@ (100038f8 <_etoa+0x534>)
1000363e:	f7fe fe1a 	bl	10002276 <__wrap___aeabi_dsub>
10003642:	4aae      	ldr	r2, [pc, #696]	@ (100038fc <_etoa+0x538>)
10003644:	4bae      	ldr	r3, [pc, #696]	@ (10003900 <_etoa+0x53c>)
10003646:	f7fe fe46 	bl	100022d6 <__wrap___aeabi_dmul>
1000364a:	0002      	movs	r2, r0
1000364c:	000b      	movs	r3, r1
1000364e:	0020      	movs	r0, r4
10003650:	0029      	movs	r1, r5
10003652:	f7fe fe19 	bl	10002288 <__wrap___aeabi_dadd>
10003656:	f7fe fec5 	bl	100023e4 <__wrap___aeabi_d2iz>
1000365a:	900a      	str	r0, [sp, #40]	@ 0x28
1000365c:	f7fe feaa 	bl	100023b4 <__wrap___aeabi_i2d>
10003660:	4aa8      	ldr	r2, [pc, #672]	@ (10003904 <_etoa+0x540>)
10003662:	4ba9      	ldr	r3, [pc, #676]	@ (10003908 <_etoa+0x544>)
10003664:	0004      	movs	r4, r0
10003666:	000d      	movs	r5, r1
10003668:	f7fe fe35 	bl	100022d6 <__wrap___aeabi_dmul>
1000366c:	2200      	movs	r2, #0
1000366e:	4ba7      	ldr	r3, [pc, #668]	@ (1000390c <_etoa+0x548>)
10003670:	f7fe fe0a 	bl	10002288 <__wrap___aeabi_dadd>
10003674:	f7fe feb6 	bl	100023e4 <__wrap___aeabi_d2iz>
10003678:	4aa5      	ldr	r2, [pc, #660]	@ (10003910 <_etoa+0x54c>)
1000367a:	0006      	movs	r6, r0
1000367c:	4ba5      	ldr	r3, [pc, #660]	@ (10003914 <_etoa+0x550>)
1000367e:	0020      	movs	r0, r4
10003680:	0029      	movs	r1, r5
10003682:	f7fe fe28 	bl	100022d6 <__wrap___aeabi_dmul>
10003686:	0004      	movs	r4, r0
10003688:	0030      	movs	r0, r6
1000368a:	000d      	movs	r5, r1
1000368c:	960c      	str	r6, [sp, #48]	@ 0x30
1000368e:	f7fe fe91 	bl	100023b4 <__wrap___aeabi_i2d>
10003692:	4aa1      	ldr	r2, [pc, #644]	@ (10003918 <_etoa+0x554>)
10003694:	4ba1      	ldr	r3, [pc, #644]	@ (1000391c <_etoa+0x558>)
10003696:	f7fe fe1e 	bl	100022d6 <__wrap___aeabi_dmul>
1000369a:	0002      	movs	r2, r0
1000369c:	000b      	movs	r3, r1
1000369e:	0020      	movs	r0, r4
100036a0:	0029      	movs	r1, r5
100036a2:	f7fe fde8 	bl	10002276 <__wrap___aeabi_dsub>
100036a6:	0002      	movs	r2, r0
100036a8:	000b      	movs	r3, r1
100036aa:	0006      	movs	r6, r0
100036ac:	000f      	movs	r7, r1
100036ae:	f7fe fe12 	bl	100022d6 <__wrap___aeabi_dmul>
100036b2:	0032      	movs	r2, r6
100036b4:	0004      	movs	r4, r0
100036b6:	000d      	movs	r5, r1
100036b8:	003b      	movs	r3, r7
100036ba:	0030      	movs	r0, r6
100036bc:	0039      	movs	r1, r7
100036be:	f7fe fde3 	bl	10002288 <__wrap___aeabi_dadd>
100036c2:	2200      	movs	r2, #0
100036c4:	900e      	str	r0, [sp, #56]	@ 0x38
100036c6:	910f      	str	r1, [sp, #60]	@ 0x3c
100036c8:	4b95      	ldr	r3, [pc, #596]	@ (10003920 <_etoa+0x55c>)
100036ca:	0020      	movs	r0, r4
100036cc:	0029      	movs	r1, r5
100036ce:	f7fe fde4 	bl	1000229a <__wrap___aeabi_ddiv>
100036d2:	2200      	movs	r2, #0
100036d4:	4b93      	ldr	r3, [pc, #588]	@ (10003924 <_etoa+0x560>)
100036d6:	f7fe fdd7 	bl	10002288 <__wrap___aeabi_dadd>
100036da:	0002      	movs	r2, r0
100036dc:	000b      	movs	r3, r1
100036de:	0020      	movs	r0, r4
100036e0:	0029      	movs	r1, r5
100036e2:	f7fe fdda 	bl	1000229a <__wrap___aeabi_ddiv>
100036e6:	2200      	movs	r2, #0
100036e8:	4b8f      	ldr	r3, [pc, #572]	@ (10003928 <_etoa+0x564>)
100036ea:	f7fe fdcd 	bl	10002288 <__wrap___aeabi_dadd>
100036ee:	0002      	movs	r2, r0
100036f0:	000b      	movs	r3, r1
100036f2:	0020      	movs	r0, r4
100036f4:	0029      	movs	r1, r5
100036f6:	f7fe fdd0 	bl	1000229a <__wrap___aeabi_ddiv>
100036fa:	000d      	movs	r5, r1
100036fc:	2180      	movs	r1, #128	@ 0x80
100036fe:	0004      	movs	r4, r0
10003700:	0032      	movs	r2, r6
10003702:	003b      	movs	r3, r7
10003704:	2000      	movs	r0, #0
10003706:	05c9      	lsls	r1, r1, #23
10003708:	f7fe fdb5 	bl	10002276 <__wrap___aeabi_dsub>
1000370c:	0002      	movs	r2, r0
1000370e:	000b      	movs	r3, r1
10003710:	0020      	movs	r0, r4
10003712:	0029      	movs	r1, r5
10003714:	f7fe fdb8 	bl	10002288 <__wrap___aeabi_dadd>
10003718:	0002      	movs	r2, r0
1000371a:	000b      	movs	r3, r1
1000371c:	980e      	ldr	r0, [sp, #56]	@ 0x38
1000371e:	990f      	ldr	r1, [sp, #60]	@ 0x3c
10003720:	f7fe fdbb 	bl	1000229a <__wrap___aeabi_ddiv>
10003724:	2200      	movs	r2, #0
10003726:	4b73      	ldr	r3, [pc, #460]	@ (100038f4 <_etoa+0x530>)
10003728:	f7fe fdae 	bl	10002288 <__wrap___aeabi_dadd>
1000372c:	4b7f      	ldr	r3, [pc, #508]	@ (1000392c <_etoa+0x568>)
1000372e:	9c0c      	ldr	r4, [sp, #48]	@ 0x30
10003730:	469c      	mov	ip, r3
10003732:	4464      	add	r4, ip
10003734:	2200      	movs	r2, #0
10003736:	0523      	lsls	r3, r4, #20
10003738:	f7fe fdcd 	bl	100022d6 <__wrap___aeabi_dmul>
1000373c:	0006      	movs	r6, r0
1000373e:	000f      	movs	r7, r1
10003740:	0002      	movs	r2, r0
10003742:	000b      	movs	r3, r1
10003744:	9808      	ldr	r0, [sp, #32]
10003746:	9909      	ldr	r1, [sp, #36]	@ 0x24
10003748:	f7fe fe08 	bl	1000235c <__wrap___aeabi_dcmplt>
1000374c:	2800      	cmp	r0, #0
1000374e:	d00a      	beq.n	10003766 <_etoa+0x3a2>
10003750:	9b0a      	ldr	r3, [sp, #40]	@ 0x28
10003752:	0030      	movs	r0, r6
10003754:	3b01      	subs	r3, #1
10003756:	0039      	movs	r1, r7
10003758:	930a      	str	r3, [sp, #40]	@ 0x28
1000375a:	2200      	movs	r2, #0
1000375c:	4b71      	ldr	r3, [pc, #452]	@ (10003924 <_etoa+0x560>)
1000375e:	f7fe fd9c 	bl	1000229a <__wrap___aeabi_ddiv>
10003762:	0006      	movs	r6, r0
10003764:	000f      	movs	r7, r1
10003766:	9a0a      	ldr	r2, [sp, #40]	@ 0x28
10003768:	0033      	movs	r3, r6
1000376a:	3263      	adds	r2, #99	@ 0x63
1000376c:	0039      	movs	r1, r7
1000376e:	2ac6      	cmp	r2, #198	@ 0xc6
10003770:	d812      	bhi.n	10003798 <_etoa+0x3d4>
10003772:	2202      	movs	r2, #2
10003774:	9826      	ldr	r0, [sp, #152]	@ 0x98
10003776:	2504      	movs	r5, #4
10003778:	4010      	ands	r0, r2
1000377a:	9a0b      	ldr	r2, [sp, #44]	@ 0x2c
1000377c:	900c      	str	r0, [sp, #48]	@ 0x30
1000377e:	2a00      	cmp	r2, #0
10003780:	d125      	bne.n	100037ce <_etoa+0x40a>
10003782:	9b25      	ldr	r3, [sp, #148]	@ 0x94
10003784:	2b04      	cmp	r3, #4
10003786:	d905      	bls.n	10003794 <_etoa+0x3d0>
10003788:	2800      	cmp	r0, #0
1000378a:	d000      	beq.n	1000378e <_etoa+0x3ca>
1000378c:	e0a1      	b.n	100038d2 <_etoa+0x50e>
1000378e:	9b25      	ldr	r3, [sp, #148]	@ 0x94
10003790:	3b04      	subs	r3, #4
10003792:	930b      	str	r3, [sp, #44]	@ 0x2c
10003794:	2504      	movs	r5, #4
10003796:	e041      	b.n	1000381c <_etoa+0x458>
10003798:	2202      	movs	r2, #2
1000379a:	9826      	ldr	r0, [sp, #152]	@ 0x98
1000379c:	4010      	ands	r0, r2
1000379e:	9a0b      	ldr	r2, [sp, #44]	@ 0x2c
100037a0:	900c      	str	r0, [sp, #48]	@ 0x30
100037a2:	2a00      	cmp	r2, #0
100037a4:	d112      	bne.n	100037cc <_etoa+0x408>
100037a6:	9b25      	ldr	r3, [sp, #148]	@ 0x94
100037a8:	2b05      	cmp	r3, #5
100037aa:	d976      	bls.n	1000389a <_etoa+0x4d6>
100037ac:	2800      	cmp	r0, #0
100037ae:	d172      	bne.n	10003896 <_etoa+0x4d2>
100037b0:	9b25      	ldr	r3, [sp, #148]	@ 0x94
100037b2:	2505      	movs	r5, #5
100037b4:	3b05      	subs	r3, #5
100037b6:	930b      	str	r3, [sp, #44]	@ 0x2c
100037b8:	e034      	b.n	10003824 <_etoa+0x460>
100037ba:	2280      	movs	r2, #128	@ 0x80
100037bc:	0612      	lsls	r2, r2, #24
100037be:	4694      	mov	ip, r2
100037c0:	9b22      	ldr	r3, [sp, #136]	@ 0x88
100037c2:	9308      	str	r3, [sp, #32]
100037c4:	9b23      	ldr	r3, [sp, #140]	@ 0x8c
100037c6:	4463      	add	r3, ip
100037c8:	9309      	str	r3, [sp, #36]	@ 0x24
100037ca:	e630      	b.n	1000342e <_etoa+0x6a>
100037cc:	2505      	movs	r5, #5
100037ce:	430b      	orrs	r3, r1
100037d0:	d100      	bne.n	100037d4 <_etoa+0x410>
100037d2:	e6f6      	b.n	100035c2 <_etoa+0x1fe>
100037d4:	9808      	ldr	r0, [sp, #32]
100037d6:	9909      	ldr	r1, [sp, #36]	@ 0x24
100037d8:	4a55      	ldr	r2, [pc, #340]	@ (10003930 <_etoa+0x56c>)
100037da:	4b56      	ldr	r3, [pc, #344]	@ (10003934 <_etoa+0x570>)
100037dc:	f7fe fdcc 	bl	10002378 <__wrap___aeabi_dcmpge>
100037e0:	2800      	cmp	r0, #0
100037e2:	d008      	beq.n	100037f6 <_etoa+0x432>
100037e4:	9808      	ldr	r0, [sp, #32]
100037e6:	9909      	ldr	r1, [sp, #36]	@ 0x24
100037e8:	2200      	movs	r2, #0
100037ea:	4b53      	ldr	r3, [pc, #332]	@ (10003938 <_etoa+0x574>)
100037ec:	f7fe fdb6 	bl	1000235c <__wrap___aeabi_dcmplt>
100037f0:	2800      	cmp	r0, #0
100037f2:	d000      	beq.n	100037f6 <_etoa+0x432>
100037f4:	e6e5      	b.n	100035c2 <_etoa+0x1fe>
100037f6:	9b24      	ldr	r3, [sp, #144]	@ 0x90
100037f8:	2b00      	cmp	r3, #0
100037fa:	d01c      	beq.n	10003836 <_etoa+0x472>
100037fc:	9b0d      	ldr	r3, [sp, #52]	@ 0x34
100037fe:	2b00      	cmp	r3, #0
10003800:	d019      	beq.n	10003836 <_etoa+0x472>
10003802:	9b24      	ldr	r3, [sp, #144]	@ 0x90
10003804:	3b01      	subs	r3, #1
10003806:	9324      	str	r3, [sp, #144]	@ 0x90
10003808:	9b25      	ldr	r3, [sp, #148]	@ 0x94
1000380a:	42ab      	cmp	r3, r5
1000380c:	d904      	bls.n	10003818 <_etoa+0x454>
1000380e:	9b0c      	ldr	r3, [sp, #48]	@ 0x30
10003810:	2b00      	cmp	r3, #0
10003812:	d05a      	beq.n	100038ca <_etoa+0x506>
10003814:	2302      	movs	r3, #2
10003816:	930c      	str	r3, [sp, #48]	@ 0x30
10003818:	2300      	movs	r3, #0
1000381a:	930b      	str	r3, [sp, #44]	@ 0x2c
1000381c:	9b0a      	ldr	r3, [sp, #40]	@ 0x28
1000381e:	2b00      	cmp	r3, #0
10003820:	d100      	bne.n	10003824 <_etoa+0x460>
10003822:	e631      	b.n	10003488 <_etoa+0xc4>
10003824:	9808      	ldr	r0, [sp, #32]
10003826:	9909      	ldr	r1, [sp, #36]	@ 0x24
10003828:	0032      	movs	r2, r6
1000382a:	003b      	movs	r3, r7
1000382c:	f7fe fd35 	bl	1000229a <__wrap___aeabi_ddiv>
10003830:	9008      	str	r0, [sp, #32]
10003832:	9109      	str	r1, [sp, #36]	@ 0x24
10003834:	e628      	b.n	10003488 <_etoa+0xc4>
10003836:	9b25      	ldr	r3, [sp, #148]	@ 0x94
10003838:	42ab      	cmp	r3, r5
1000383a:	d9ed      	bls.n	10003818 <_etoa+0x454>
1000383c:	9b0c      	ldr	r3, [sp, #48]	@ 0x30
1000383e:	2b00      	cmp	r3, #0
10003840:	d043      	beq.n	100038ca <_etoa+0x506>
10003842:	2300      	movs	r3, #0
10003844:	930b      	str	r3, [sp, #44]	@ 0x2c
10003846:	3302      	adds	r3, #2
10003848:	930c      	str	r3, [sp, #48]	@ 0x30
1000384a:	e7e7      	b.n	1000381c <_etoa+0x458>
1000384c:	2080      	movs	r0, #128	@ 0x80
1000384e:	9b26      	ldr	r3, [sp, #152]	@ 0x98
10003850:	4a3a      	ldr	r2, [pc, #232]	@ (1000393c <_etoa+0x578>)
10003852:	0600      	lsls	r0, r0, #24
10003854:	401a      	ands	r2, r3
10003856:	2380      	movs	r3, #128	@ 0x80
10003858:	4684      	mov	ip, r0
1000385a:	9402      	str	r4, [sp, #8]
1000385c:	9c08      	ldr	r4, [sp, #32]
1000385e:	9d09      	ldr	r5, [sp, #36]	@ 0x24
10003860:	0029      	movs	r1, r5
10003862:	00db      	lsls	r3, r3, #3
10003864:	4313      	orrs	r3, r2
10003866:	9304      	str	r3, [sp, #16]
10003868:	9b25      	ldr	r3, [sp, #148]	@ 0x94
1000386a:	4461      	add	r1, ip
1000386c:	0022      	movs	r2, r4
1000386e:	9303      	str	r3, [sp, #12]
10003870:	000b      	movs	r3, r1
10003872:	9200      	str	r2, [sp, #0]
10003874:	9301      	str	r3, [sp, #4]
10003876:	e68e      	b.n	10003596 <_etoa+0x1d2>
10003878:	2405      	movs	r4, #5
1000387a:	e6a8      	b.n	100035ce <_etoa+0x20a>
1000387c:	2300      	movs	r3, #0
1000387e:	930b      	str	r3, [sp, #44]	@ 0x2c
10003880:	930a      	str	r3, [sp, #40]	@ 0x28
10003882:	3302      	adds	r3, #2
10003884:	2504      	movs	r5, #4
10003886:	930c      	str	r3, [sp, #48]	@ 0x30
10003888:	e5fe      	b.n	10003488 <_etoa+0xc4>
1000388a:	4653      	mov	r3, sl
1000388c:	468c      	mov	ip, r1
1000388e:	3b01      	subs	r3, #1
10003890:	4463      	add	r3, ip
10003892:	1a1b      	subs	r3, r3, r0
10003894:	e672      	b.n	1000357c <_etoa+0x1b8>
10003896:	2302      	movs	r3, #2
10003898:	930c      	str	r3, [sp, #48]	@ 0x30
1000389a:	2505      	movs	r5, #5
1000389c:	e7c2      	b.n	10003824 <_etoa+0x460>
1000389e:	2304      	movs	r3, #4
100038a0:	e5ed      	b.n	1000347e <_etoa+0xba>
100038a2:	2080      	movs	r0, #128	@ 0x80
100038a4:	9e08      	ldr	r6, [sp, #32]
100038a6:	9f09      	ldr	r7, [sp, #36]	@ 0x24
100038a8:	0600      	lsls	r0, r0, #24
100038aa:	0039      	movs	r1, r7
100038ac:	4684      	mov	ip, r0
100038ae:	9a26      	ldr	r2, [sp, #152]	@ 0x98
100038b0:	4b22      	ldr	r3, [pc, #136]	@ (1000393c <_etoa+0x578>)
100038b2:	4461      	add	r1, ip
100038b4:	4013      	ands	r3, r2
100038b6:	9304      	str	r3, [sp, #16]
100038b8:	9b0b      	ldr	r3, [sp, #44]	@ 0x2c
100038ba:	0032      	movs	r2, r6
100038bc:	9303      	str	r3, [sp, #12]
100038be:	9b24      	ldr	r3, [sp, #144]	@ 0x90
100038c0:	9302      	str	r3, [sp, #8]
100038c2:	000b      	movs	r3, r1
100038c4:	9200      	str	r2, [sp, #0]
100038c6:	9301      	str	r3, [sp, #4]
100038c8:	e5f3      	b.n	100034b2 <_etoa+0xee>
100038ca:	9b25      	ldr	r3, [sp, #148]	@ 0x94
100038cc:	1b5b      	subs	r3, r3, r5
100038ce:	930b      	str	r3, [sp, #44]	@ 0x2c
100038d0:	e7a4      	b.n	1000381c <_etoa+0x458>
100038d2:	2302      	movs	r3, #2
100038d4:	2504      	movs	r5, #4
100038d6:	930c      	str	r3, [sp, #48]	@ 0x30
100038d8:	e7a0      	b.n	1000381c <_etoa+0x458>
100038da:	1a9c      	subs	r4, r3, r2
100038dc:	3c01      	subs	r4, #1
100038de:	e676      	b.n	100035ce <_etoa+0x20a>
100038e0:	fffffc01 	.word	0xfffffc01
100038e4:	509f79fb 	.word	0x509f79fb
100038e8:	3fd34413 	.word	0x3fd34413
100038ec:	8b60c8b3 	.word	0x8b60c8b3
100038f0:	3fc68a28 	.word	0x3fc68a28
100038f4:	3ff00000 	.word	0x3ff00000
100038f8:	3ff80000 	.word	0x3ff80000
100038fc:	636f4361 	.word	0x636f4361
10003900:	3fd287a7 	.word	0x3fd287a7
10003904:	0979a371 	.word	0x0979a371
10003908:	400a934f 	.word	0x400a934f
1000390c:	3fe00000 	.word	0x3fe00000
10003910:	bbb55516 	.word	0xbbb55516
10003914:	40026bb1 	.word	0x40026bb1
10003918:	fefa39ef 	.word	0xfefa39ef
1000391c:	3fe62e42 	.word	0x3fe62e42
10003920:	402c0000 	.word	0x402c0000
10003924:	40240000 	.word	0x40240000
10003928:	40180000 	.word	0x40180000
1000392c:	000003ff 	.word	0x000003ff
10003930:	eb1c432d 	.word	0xeb1c432d
10003934:	3f1a36e2 	.word	0x3f1a36e2
10003938:	412e8480 	.word	0x412e8480
1000393c:	fffff7ff 	.word	0xfffff7ff

10003940 <_vsnprintf>:
10003940:	b5f0      	push	{r4, r5, r6, r7, lr}
10003942:	46de      	mov	lr, fp
10003944:	4657      	mov	r7, sl
10003946:	464e      	mov	r6, r9
10003948:	4645      	mov	r5, r8
1000394a:	b5e0      	push	{r5, r6, r7, lr}
1000394c:	b0a5      	sub	sp, #148	@ 0x94
1000394e:	001e      	movs	r6, r3
10003950:	9b2e      	ldr	r3, [sp, #184]	@ 0xb8
10003952:	4692      	mov	sl, r2
10003954:	930c      	str	r3, [sp, #48]	@ 0x30
10003956:	4acd      	ldr	r2, [pc, #820]	@ (10003c8c <_vsnprintf+0x34c>)
10003958:	4bcd      	ldr	r3, [pc, #820]	@ (10003c90 <_vsnprintf+0x350>)
1000395a:	4680      	mov	r8, r0
1000395c:	468b      	mov	fp, r1
1000395e:	601a      	str	r2, [r3, #0]
10003960:	2900      	cmp	r1, #0
10003962:	d100      	bne.n	10003966 <_vsnprintf+0x26>
10003964:	e1ea      	b.n	10003d3c <_vsnprintf+0x3fc>
10003966:	2300      	movs	r3, #0
10003968:	7830      	ldrb	r0, [r6, #0]
1000396a:	4699      	mov	r9, r3
1000396c:	2800      	cmp	r0, #0
1000396e:	d100      	bne.n	10003972 <_vsnprintf+0x32>
10003970:	e1ec      	b.n	10003d4c <_vsnprintf+0x40c>
10003972:	4bc8      	ldr	r3, [pc, #800]	@ (10003c94 <_vsnprintf+0x354>)
10003974:	464c      	mov	r4, r9
10003976:	930b      	str	r3, [sp, #44]	@ 0x2c
10003978:	4bc7      	ldr	r3, [pc, #796]	@ (10003c98 <_vsnprintf+0x358>)
1000397a:	4645      	mov	r5, r8
1000397c:	4657      	mov	r7, sl
1000397e:	930e      	str	r3, [sp, #56]	@ 0x38
10003980:	e00a      	b.n	10003998 <_vsnprintf+0x58>
10003982:	1c63      	adds	r3, r4, #1
10003984:	4698      	mov	r8, r3
10003986:	0022      	movs	r2, r4
10003988:	003b      	movs	r3, r7
1000398a:	4659      	mov	r1, fp
1000398c:	47a8      	blx	r5
1000398e:	4644      	mov	r4, r8
10003990:	7830      	ldrb	r0, [r6, #0]
10003992:	2800      	cmp	r0, #0
10003994:	d100      	bne.n	10003998 <_vsnprintf+0x58>
10003996:	e087      	b.n	10003aa8 <_vsnprintf+0x168>
10003998:	3601      	adds	r6, #1
1000399a:	2825      	cmp	r0, #37	@ 0x25
1000399c:	d1f1      	bne.n	10003982 <_vsnprintf+0x42>
1000399e:	2308      	movs	r3, #8
100039a0:	469a      	mov	sl, r3
100039a2:	3b04      	subs	r3, #4
100039a4:	4699      	mov	r9, r3
100039a6:	3b02      	subs	r3, #2
100039a8:	4698      	mov	r8, r3
100039aa:	3b01      	subs	r3, #1
100039ac:	2200      	movs	r2, #0
100039ae:	469c      	mov	ip, r3
100039b0:	940d      	str	r4, [sp, #52]	@ 0x34
100039b2:	7830      	ldrb	r0, [r6, #0]
100039b4:	1c71      	adds	r1, r6, #1
100039b6:	0003      	movs	r3, r0
100039b8:	3b20      	subs	r3, #32
100039ba:	b2db      	uxtb	r3, r3
100039bc:	2b10      	cmp	r3, #16
100039be:	d803      	bhi.n	100039c8 <_vsnprintf+0x88>
100039c0:	9c0b      	ldr	r4, [sp, #44]	@ 0x2c
100039c2:	009b      	lsls	r3, r3, #2
100039c4:	58e3      	ldr	r3, [r4, r3]
100039c6:	469f      	mov	pc, r3
100039c8:	0003      	movs	r3, r0
100039ca:	3b30      	subs	r3, #48	@ 0x30
100039cc:	4689      	mov	r9, r1
100039ce:	9c0d      	ldr	r4, [sp, #52]	@ 0x34
100039d0:	2b09      	cmp	r3, #9
100039d2:	d93a      	bls.n	10003a4a <_vsnprintf+0x10a>
100039d4:	2300      	movs	r3, #0
100039d6:	4698      	mov	r8, r3
100039d8:	282a      	cmp	r0, #42	@ 0x2a
100039da:	d100      	bne.n	100039de <_vsnprintf+0x9e>
100039dc:	e0c1      	b.n	10003b62 <_vsnprintf+0x222>
100039de:	2300      	movs	r3, #0
100039e0:	469a      	mov	sl, r3
100039e2:	282e      	cmp	r0, #46	@ 0x2e
100039e4:	d04b      	beq.n	10003a7e <_vsnprintf+0x13e>
100039e6:	0003      	movs	r3, r0
100039e8:	3b68      	subs	r3, #104	@ 0x68
100039ea:	b2db      	uxtb	r3, r3
100039ec:	2b12      	cmp	r3, #18
100039ee:	d81e      	bhi.n	10003a2e <_vsnprintf+0xee>
100039f0:	990e      	ldr	r1, [sp, #56]	@ 0x38
100039f2:	009b      	lsls	r3, r3, #2
100039f4:	58cb      	ldr	r3, [r1, r3]
100039f6:	469f      	mov	pc, r3
100039f8:	4663      	mov	r3, ip
100039fa:	000e      	movs	r6, r1
100039fc:	431a      	orrs	r2, r3
100039fe:	e7d8      	b.n	100039b2 <_vsnprintf+0x72>
10003a00:	4643      	mov	r3, r8
10003a02:	000e      	movs	r6, r1
10003a04:	431a      	orrs	r2, r3
10003a06:	e7d4      	b.n	100039b2 <_vsnprintf+0x72>
10003a08:	464b      	mov	r3, r9
10003a0a:	000e      	movs	r6, r1
10003a0c:	431a      	orrs	r2, r3
10003a0e:	e7d0      	b.n	100039b2 <_vsnprintf+0x72>
10003a10:	2310      	movs	r3, #16
10003a12:	000e      	movs	r6, r1
10003a14:	431a      	orrs	r2, r3
10003a16:	e7cc      	b.n	100039b2 <_vsnprintf+0x72>
10003a18:	4653      	mov	r3, sl
10003a1a:	000e      	movs	r6, r1
10003a1c:	431a      	orrs	r2, r3
10003a1e:	e7c8      	b.n	100039b2 <_vsnprintf+0x72>
10003a20:	2380      	movs	r3, #128	@ 0x80
10003a22:	005b      	lsls	r3, r3, #1
10003a24:	431a      	orrs	r2, r3
10003a26:	3bff      	subs	r3, #255	@ 0xff
10003a28:	469c      	mov	ip, r3
10003a2a:	7870      	ldrb	r0, [r6, #1]
10003a2c:	44e1      	add	r9, ip
10003a2e:	464e      	mov	r6, r9
10003a30:	2867      	cmp	r0, #103	@ 0x67
10003a32:	d84f      	bhi.n	10003ad4 <_vsnprintf+0x194>
10003a34:	2824      	cmp	r0, #36	@ 0x24
10003a36:	d9a4      	bls.n	10003982 <_vsnprintf+0x42>
10003a38:	0003      	movs	r3, r0
10003a3a:	3b25      	subs	r3, #37	@ 0x25
10003a3c:	b2db      	uxtb	r3, r3
10003a3e:	2b42      	cmp	r3, #66	@ 0x42
10003a40:	d89f      	bhi.n	10003982 <_vsnprintf+0x42>
10003a42:	4996      	ldr	r1, [pc, #600]	@ (10003c9c <_vsnprintf+0x35c>)
10003a44:	009b      	lsls	r3, r3, #2
10003a46:	58cb      	ldr	r3, [r1, r3]
10003a48:	469f      	mov	pc, r3
10003a4a:	2300      	movs	r3, #0
10003a4c:	4694      	mov	ip, r2
10003a4e:	001e      	movs	r6, r3
10003a50:	e000      	b.n	10003a54 <_vsnprintf+0x114>
10003a52:	3101      	adds	r1, #1
10003a54:	00b3      	lsls	r3, r6, #2
10003a56:	199b      	adds	r3, r3, r6
10003a58:	005b      	lsls	r3, r3, #1
10003a5a:	181e      	adds	r6, r3, r0
10003a5c:	7808      	ldrb	r0, [r1, #0]
10003a5e:	3e30      	subs	r6, #48	@ 0x30
10003a60:	0003      	movs	r3, r0
10003a62:	3b30      	subs	r3, #48	@ 0x30
10003a64:	2b09      	cmp	r3, #9
10003a66:	d9f4      	bls.n	10003a52 <_vsnprintf+0x112>
10003a68:	2301      	movs	r3, #1
10003a6a:	4662      	mov	r2, ip
10003a6c:	4689      	mov	r9, r1
10003a6e:	469c      	mov	ip, r3
10003a70:	2300      	movs	r3, #0
10003a72:	46b0      	mov	r8, r6
10003a74:	469a      	mov	sl, r3
10003a76:	000e      	movs	r6, r1
10003a78:	44e1      	add	r9, ip
10003a7a:	282e      	cmp	r0, #46	@ 0x2e
10003a7c:	d1b3      	bne.n	100039e6 <_vsnprintf+0xa6>
10003a7e:	2130      	movs	r1, #48	@ 0x30
10003a80:	2080      	movs	r0, #128	@ 0x80
10003a82:	4249      	negs	r1, r1
10003a84:	468c      	mov	ip, r1
10003a86:	00c0      	lsls	r0, r0, #3
10003a88:	4302      	orrs	r2, r0
10003a8a:	7870      	ldrb	r0, [r6, #1]
10003a8c:	464b      	mov	r3, r9
10003a8e:	4484      	add	ip, r0
10003a90:	4661      	mov	r1, ip
10003a92:	2909      	cmp	r1, #9
10003a94:	d800      	bhi.n	10003a98 <_vsnprintf+0x158>
10003a96:	e16c      	b.n	10003d72 <_vsnprintf+0x432>
10003a98:	282a      	cmp	r0, #42	@ 0x2a
10003a9a:	d100      	bne.n	10003a9e <_vsnprintf+0x15e>
10003a9c:	e17a      	b.n	10003d94 <_vsnprintf+0x454>
10003a9e:	2301      	movs	r3, #1
10003aa0:	469c      	mov	ip, r3
10003aa2:	464e      	mov	r6, r9
10003aa4:	44e1      	add	r9, ip
10003aa6:	e79e      	b.n	100039e6 <_vsnprintf+0xa6>
10003aa8:	46a1      	mov	r9, r4
10003aaa:	46a8      	mov	r8, r5
10003aac:	46ba      	mov	sl, r7
10003aae:	45ca      	cmp	sl, r9
10003ab0:	d803      	bhi.n	10003aba <_vsnprintf+0x17a>
10003ab2:	2301      	movs	r3, #1
10003ab4:	425b      	negs	r3, r3
10003ab6:	4453      	add	r3, sl
10003ab8:	4699      	mov	r9, r3
10003aba:	4653      	mov	r3, sl
10003abc:	464a      	mov	r2, r9
10003abe:	4659      	mov	r1, fp
10003ac0:	2000      	movs	r0, #0
10003ac2:	47c0      	blx	r8
10003ac4:	0020      	movs	r0, r4
10003ac6:	b025      	add	sp, #148	@ 0x94
10003ac8:	bcf0      	pop	{r4, r5, r6, r7}
10003aca:	46bb      	mov	fp, r7
10003acc:	46b2      	mov	sl, r6
10003ace:	46a9      	mov	r9, r5
10003ad0:	46a0      	mov	r8, r4
10003ad2:	bdf0      	pop	{r4, r5, r6, r7, pc}
10003ad4:	0003      	movs	r3, r0
10003ad6:	3b69      	subs	r3, #105	@ 0x69
10003ad8:	b2db      	uxtb	r3, r3
10003ada:	930d      	str	r3, [sp, #52]	@ 0x34
10003adc:	2b0f      	cmp	r3, #15
10003ade:	d900      	bls.n	10003ae2 <_vsnprintf+0x1a2>
10003ae0:	e74f      	b.n	10003982 <_vsnprintf+0x42>
10003ae2:	2101      	movs	r1, #1
10003ae4:	4099      	lsls	r1, r3
10003ae6:	468c      	mov	ip, r1
10003ae8:	496d      	ldr	r1, [pc, #436]	@ (10003ca0 <_vsnprintf+0x360>)
10003aea:	4689      	mov	r9, r1
10003aec:	4661      	mov	r1, ip
10003aee:	464b      	mov	r3, r9
10003af0:	4019      	ands	r1, r3
10003af2:	910f      	str	r1, [sp, #60]	@ 0x3c
10003af4:	4663      	mov	r3, ip
10003af6:	4649      	mov	r1, r9
10003af8:	420b      	tst	r3, r1
10003afa:	d000      	beq.n	10003afe <_vsnprintf+0x1be>
10003afc:	e128      	b.n	10003d50 <_vsnprintf+0x410>
10003afe:	9b0d      	ldr	r3, [sp, #52]	@ 0x34
10003b00:	2b0a      	cmp	r3, #10
10003b02:	d03a      	beq.n	10003b7a <_vsnprintf+0x23a>
10003b04:	2b07      	cmp	r3, #7
10003b06:	d000      	beq.n	10003b0a <_vsnprintf+0x1ca>
10003b08:	e73b      	b.n	10003982 <_vsnprintf+0x42>
10003b0a:	9b0c      	ldr	r3, [sp, #48]	@ 0x30
10003b0c:	0019      	movs	r1, r3
10003b0e:	c908      	ldmia	r1!, {r3}
10003b10:	4688      	mov	r8, r1
10003b12:	2b00      	cmp	r3, #0
10003b14:	d100      	bne.n	10003b18 <_vsnprintf+0x1d8>
10003b16:	e14b      	b.n	10003db0 <_vsnprintf+0x470>
10003b18:	2021      	movs	r0, #33	@ 0x21
10003b1a:	4302      	orrs	r2, r0
10003b1c:	4691      	mov	r9, r2
10003b1e:	a914      	add	r1, sp, #80	@ 0x50
10003b20:	468c      	mov	ip, r1
10003b22:	221f      	movs	r2, #31
10003b24:	210f      	movs	r1, #15
10003b26:	4462      	add	r2, ip
10003b28:	468c      	mov	ip, r1
10003b2a:	4651      	mov	r1, sl
10003b2c:	950d      	str	r5, [sp, #52]	@ 0x34
10003b2e:	910c      	str	r1, [sp, #48]	@ 0x30
10003b30:	46a2      	mov	sl, r4
10003b32:	0015      	movs	r5, r2
10003b34:	990f      	ldr	r1, [sp, #60]	@ 0x3c
10003b36:	e002      	b.n	10003b3e <_vsnprintf+0x1fe>
10003b38:	2920      	cmp	r1, #32
10003b3a:	d00c      	beq.n	10003b56 <_vsnprintf+0x216>
10003b3c:	0013      	movs	r3, r2
10003b3e:	4664      	mov	r4, ip
10003b40:	401c      	ands	r4, r3
10003b42:	0020      	movs	r0, r4
10003b44:	3037      	adds	r0, #55	@ 0x37
10003b46:	2c09      	cmp	r4, #9
10003b48:	d800      	bhi.n	10003b4c <_vsnprintf+0x20c>
10003b4a:	3807      	subs	r0, #7
10003b4c:	3101      	adds	r1, #1
10003b4e:	5468      	strb	r0, [r5, r1]
10003b50:	091a      	lsrs	r2, r3, #4
10003b52:	2b0f      	cmp	r3, #15
10003b54:	d8f0      	bhi.n	10003b38 <_vsnprintf+0x1f8>
10003b56:	9b0c      	ldr	r3, [sp, #48]	@ 0x30
10003b58:	4654      	mov	r4, sl
10003b5a:	9d0d      	ldr	r5, [sp, #52]	@ 0x34
10003b5c:	469a      	mov	sl, r3
10003b5e:	910f      	str	r1, [sp, #60]	@ 0x3c
10003b60:	e133      	b.n	10003dca <_vsnprintf+0x48a>
10003b62:	9b0c      	ldr	r3, [sp, #48]	@ 0x30
10003b64:	cb02      	ldmia	r3!, {r1}
10003b66:	4688      	mov	r8, r1
10003b68:	2900      	cmp	r1, #0
10003b6a:	db47      	blt.n	10003bfc <_vsnprintf+0x2bc>
10003b6c:	930c      	str	r3, [sp, #48]	@ 0x30
10003b6e:	2301      	movs	r3, #1
10003b70:	469c      	mov	ip, r3
10003b72:	7870      	ldrb	r0, [r6, #1]
10003b74:	464e      	mov	r6, r9
10003b76:	44e1      	add	r9, ip
10003b78:	e731      	b.n	100039de <_vsnprintf+0x9e>
10003b7a:	9b0c      	ldr	r3, [sp, #48]	@ 0x30
10003b7c:	cb02      	ldmia	r3!, {r1}
10003b7e:	9314      	str	r3, [sp, #80]	@ 0x50
10003b80:	4653      	mov	r3, sl
10003b82:	2b00      	cmp	r3, #0
10003b84:	d100      	bne.n	10003b88 <_vsnprintf+0x248>
10003b86:	e138      	b.n	10003dfa <_vsnprintf+0x4ba>
10003b88:	469c      	mov	ip, r3
10003b8a:	7808      	ldrb	r0, [r1, #0]
10003b8c:	000b      	movs	r3, r1
10003b8e:	900c      	str	r0, [sp, #48]	@ 0x30
10003b90:	448c      	add	ip, r1
10003b92:	2800      	cmp	r0, #0
10003b94:	d101      	bne.n	10003b9a <_vsnprintf+0x25a>
10003b96:	f000 fc98 	bl	100044ca <_vsnprintf+0xb8a>
10003b9a:	4689      	mov	r9, r1
10003b9c:	4661      	mov	r1, ip
10003b9e:	4694      	mov	ip, r2
10003ba0:	e003      	b.n	10003baa <_vsnprintf+0x26a>
10003ba2:	785a      	ldrb	r2, [r3, #1]
10003ba4:	3301      	adds	r3, #1
10003ba6:	2a00      	cmp	r2, #0
10003ba8:	d001      	beq.n	10003bae <_vsnprintf+0x26e>
10003baa:	428b      	cmp	r3, r1
10003bac:	d1f9      	bne.n	10003ba2 <_vsnprintf+0x262>
10003bae:	4649      	mov	r1, r9
10003bb0:	4662      	mov	r2, ip
10003bb2:	1a5b      	subs	r3, r3, r1
10003bb4:	900c      	str	r0, [sp, #48]	@ 0x30
10003bb6:	930f      	str	r3, [sp, #60]	@ 0x3c
10003bb8:	0553      	lsls	r3, r2, #21
10003bba:	d500      	bpl.n	10003bbe <_vsnprintf+0x27e>
10003bbc:	e120      	b.n	10003e00 <_vsnprintf+0x4c0>
10003bbe:	2302      	movs	r3, #2
10003bc0:	0018      	movs	r0, r3
10003bc2:	4010      	ands	r0, r2
10003bc4:	900d      	str	r0, [sp, #52]	@ 0x34
10003bc6:	4213      	tst	r3, r2
10003bc8:	d100      	bne.n	10003bcc <_vsnprintf+0x28c>
10003bca:	e3cb      	b.n	10004364 <_vsnprintf+0xa24>
10003bcc:	930d      	str	r3, [sp, #52]	@ 0x34
10003bce:	1b0b      	subs	r3, r1, r4
10003bd0:	46b1      	mov	r9, r6
10003bd2:	469a      	mov	sl, r3
10003bd4:	465e      	mov	r6, fp
10003bd6:	980c      	ldr	r0, [sp, #48]	@ 0x30
10003bd8:	0022      	movs	r2, r4
10003bda:	003b      	movs	r3, r7
10003bdc:	0031      	movs	r1, r6
10003bde:	47a8      	blx	r5
10003be0:	4653      	mov	r3, sl
10003be2:	3401      	adds	r4, #1
10003be4:	5d18      	ldrb	r0, [r3, r4]
10003be6:	2800      	cmp	r0, #0
10003be8:	d1f6      	bne.n	10003bd8 <_vsnprintf+0x298>
10003bea:	46b3      	mov	fp, r6
10003bec:	464e      	mov	r6, r9
10003bee:	9b0d      	ldr	r3, [sp, #52]	@ 0x34
10003bf0:	2b00      	cmp	r3, #0
10003bf2:	d000      	beq.n	10003bf6 <_vsnprintf+0x2b6>
10003bf4:	e1c7      	b.n	10003f86 <_vsnprintf+0x646>
10003bf6:	9b14      	ldr	r3, [sp, #80]	@ 0x50
10003bf8:	930c      	str	r3, [sp, #48]	@ 0x30
10003bfa:	e6c9      	b.n	10003990 <_vsnprintf+0x50>
10003bfc:	930c      	str	r3, [sp, #48]	@ 0x30
10003bfe:	2301      	movs	r3, #1
10003c00:	469c      	mov	ip, r3
10003c02:	3828      	subs	r0, #40	@ 0x28
10003c04:	4249      	negs	r1, r1
10003c06:	4302      	orrs	r2, r0
10003c08:	4688      	mov	r8, r1
10003c0a:	7870      	ldrb	r0, [r6, #1]
10003c0c:	464e      	mov	r6, r9
10003c0e:	44e1      	add	r9, ip
10003c10:	e6e5      	b.n	100039de <_vsnprintf+0x9e>
10003c12:	7870      	ldrb	r0, [r6, #1]
10003c14:	286c      	cmp	r0, #108	@ 0x6c
10003c16:	d100      	bne.n	10003c1a <_vsnprintf+0x2da>
10003c18:	e17f      	b.n	10003f1a <_vsnprintf+0x5da>
10003c1a:	2380      	movs	r3, #128	@ 0x80
10003c1c:	005b      	lsls	r3, r3, #1
10003c1e:	431a      	orrs	r2, r3
10003c20:	3bff      	subs	r3, #255	@ 0xff
10003c22:	469c      	mov	ip, r3
10003c24:	44e1      	add	r9, ip
10003c26:	e702      	b.n	10003a2e <_vsnprintf+0xee>
10003c28:	2380      	movs	r3, #128	@ 0x80
10003c2a:	009b      	lsls	r3, r3, #2
10003c2c:	431a      	orrs	r2, r3
10003c2e:	2301      	movs	r3, #1
10003c30:	469c      	mov	ip, r3
10003c32:	7870      	ldrb	r0, [r6, #1]
10003c34:	44e1      	add	r9, ip
10003c36:	e6fa      	b.n	10003a2e <_vsnprintf+0xee>
10003c38:	7870      	ldrb	r0, [r6, #1]
10003c3a:	2868      	cmp	r0, #104	@ 0x68
10003c3c:	d100      	bne.n	10003c40 <_vsnprintf+0x300>
10003c3e:	e173      	b.n	10003f28 <_vsnprintf+0x5e8>
10003c40:	2380      	movs	r3, #128	@ 0x80
10003c42:	431a      	orrs	r2, r3
10003c44:	3b7f      	subs	r3, #127	@ 0x7f
10003c46:	469c      	mov	ip, r3
10003c48:	44e1      	add	r9, ip
10003c4a:	e6f0      	b.n	10003a2e <_vsnprintf+0xee>
10003c4c:	2867      	cmp	r0, #103	@ 0x67
10003c4e:	d100      	bne.n	10003c52 <_vsnprintf+0x312>
10003c50:	e103      	b.n	10003e5a <_vsnprintf+0x51a>
10003c52:	2847      	cmp	r0, #71	@ 0x47
10003c54:	d100      	bne.n	10003c58 <_vsnprintf+0x318>
10003c56:	e15a      	b.n	10003f0e <_vsnprintf+0x5ce>
10003c58:	2845      	cmp	r0, #69	@ 0x45
10003c5a:	d100      	bne.n	10003c5e <_vsnprintf+0x31e>
10003c5c:	e15a      	b.n	10003f14 <_vsnprintf+0x5d4>
10003c5e:	9204      	str	r2, [sp, #16]
10003c60:	2107      	movs	r1, #7
10003c62:	4642      	mov	r2, r8
10003c64:	9b0c      	ldr	r3, [sp, #48]	@ 0x30
10003c66:	9203      	str	r2, [sp, #12]
10003c68:	3307      	adds	r3, #7
10003c6a:	4652      	mov	r2, sl
10003c6c:	438b      	bics	r3, r1
10003c6e:	0019      	movs	r1, r3
10003c70:	9202      	str	r2, [sp, #8]
10003c72:	c90c      	ldmia	r1!, {r2, r3}
10003c74:	0028      	movs	r0, r5
10003c76:	9200      	str	r2, [sp, #0]
10003c78:	9301      	str	r3, [sp, #4]
10003c7a:	910c      	str	r1, [sp, #48]	@ 0x30
10003c7c:	0022      	movs	r2, r4
10003c7e:	003b      	movs	r3, r7
10003c80:	4659      	mov	r1, fp
10003c82:	f7ff fb9f 	bl	100033c4 <_etoa>
10003c86:	0004      	movs	r4, r0
10003c88:	e682      	b.n	10003990 <_vsnprintf+0x50>
10003c8a:	46c0      	nop			@ (mov r8, r8)
10003c8c:	10003941 	.word	0x10003941
10003c90:	20000d00 	.word	0x20000d00
10003c94:	10005ab0 	.word	0x10005ab0
10003c98:	10005af4 	.word	0x10005af4
10003c9c:	10005b40 	.word	0x10005b40
10003ca0:	00009041 	.word	0x00009041
10003ca4:	2846      	cmp	r0, #70	@ 0x46
10003ca6:	d100      	bne.n	10003caa <_vsnprintf+0x36a>
10003ca8:	e0db      	b.n	10003e62 <_vsnprintf+0x522>
10003caa:	9204      	str	r2, [sp, #16]
10003cac:	2107      	movs	r1, #7
10003cae:	4642      	mov	r2, r8
10003cb0:	9b0c      	ldr	r3, [sp, #48]	@ 0x30
10003cb2:	9203      	str	r2, [sp, #12]
10003cb4:	3307      	adds	r3, #7
10003cb6:	4652      	mov	r2, sl
10003cb8:	438b      	bics	r3, r1
10003cba:	0019      	movs	r1, r3
10003cbc:	9202      	str	r2, [sp, #8]
10003cbe:	c90c      	ldmia	r1!, {r2, r3}
10003cc0:	0028      	movs	r0, r5
10003cc2:	9200      	str	r2, [sp, #0]
10003cc4:	9301      	str	r3, [sp, #4]
10003cc6:	910c      	str	r1, [sp, #48]	@ 0x30
10003cc8:	0022      	movs	r2, r4
10003cca:	003b      	movs	r3, r7
10003ccc:	4659      	mov	r1, fp
10003cce:	f7ff f925 	bl	10002f1c <_ftoa>
10003cd2:	0004      	movs	r4, r0
10003cd4:	e65c      	b.n	10003990 <_vsnprintf+0x50>
10003cd6:	1c63      	adds	r3, r4, #1
10003cd8:	4698      	mov	r8, r3
10003cda:	0022      	movs	r2, r4
10003cdc:	003b      	movs	r3, r7
10003cde:	4659      	mov	r1, fp
10003ce0:	2025      	movs	r0, #37	@ 0x25
10003ce2:	47a8      	blx	r5
10003ce4:	4644      	mov	r4, r8
10003ce6:	e653      	b.n	10003990 <_vsnprintf+0x50>
10003ce8:	9b0c      	ldr	r3, [sp, #48]	@ 0x30
10003cea:	3304      	adds	r3, #4
10003cec:	930d      	str	r3, [sp, #52]	@ 0x34
10003cee:	1c63      	adds	r3, r4, #1
10003cf0:	4699      	mov	r9, r3
10003cf2:	0792      	lsls	r2, r2, #30
10003cf4:	d400      	bmi.n	10003cf8 <_vsnprintf+0x3b8>
10003cf6:	e122      	b.n	10003f3e <_vsnprintf+0x5fe>
10003cf8:	9b0c      	ldr	r3, [sp, #48]	@ 0x30
10003cfa:	0022      	movs	r2, r4
10003cfc:	7818      	ldrb	r0, [r3, #0]
10003cfe:	4659      	mov	r1, fp
10003d00:	003b      	movs	r3, r7
10003d02:	47a8      	blx	r5
10003d04:	4643      	mov	r3, r8
10003d06:	4444      	add	r4, r8
10003d08:	2b01      	cmp	r3, #1
10003d0a:	d800      	bhi.n	10003d0e <_vsnprintf+0x3ce>
10003d0c:	e285      	b.n	1000421a <_vsnprintf+0x8da>
10003d0e:	0033      	movs	r3, r6
10003d10:	46b8      	mov	r8, r7
10003d12:	002e      	movs	r6, r5
10003d14:	465f      	mov	r7, fp
10003d16:	0025      	movs	r5, r4
10003d18:	464c      	mov	r4, r9
10003d1a:	4699      	mov	r9, r3
10003d1c:	0022      	movs	r2, r4
10003d1e:	4643      	mov	r3, r8
10003d20:	3401      	adds	r4, #1
10003d22:	0039      	movs	r1, r7
10003d24:	2020      	movs	r0, #32
10003d26:	47b0      	blx	r6
10003d28:	42ac      	cmp	r4, r5
10003d2a:	d1f7      	bne.n	10003d1c <_vsnprintf+0x3dc>
10003d2c:	002c      	movs	r4, r5
10003d2e:	46bb      	mov	fp, r7
10003d30:	0035      	movs	r5, r6
10003d32:	4647      	mov	r7, r8
10003d34:	464e      	mov	r6, r9
10003d36:	9b0d      	ldr	r3, [sp, #52]	@ 0x34
10003d38:	930c      	str	r3, [sp, #48]	@ 0x30
10003d3a:	e629      	b.n	10003990 <_vsnprintf+0x50>
10003d3c:	4bdb      	ldr	r3, [pc, #876]	@ (100040ac <_vsnprintf+0x76c>)
10003d3e:	7830      	ldrb	r0, [r6, #0]
10003d40:	4698      	mov	r8, r3
10003d42:	2300      	movs	r3, #0
10003d44:	4699      	mov	r9, r3
10003d46:	2800      	cmp	r0, #0
10003d48:	d000      	beq.n	10003d4c <_vsnprintf+0x40c>
10003d4a:	e612      	b.n	10003972 <_vsnprintf+0x32>
10003d4c:	2400      	movs	r4, #0
10003d4e:	e6ae      	b.n	10003aae <_vsnprintf+0x16e>
10003d50:	286f      	cmp	r0, #111	@ 0x6f
10003d52:	d100      	bne.n	10003d56 <_vsnprintf+0x416>
10003d54:	e088      	b.n	10003e68 <_vsnprintf+0x528>
10003d56:	d800      	bhi.n	10003d5a <_vsnprintf+0x41a>
10003d58:	e30b      	b.n	10004372 <_vsnprintf+0xa32>
10003d5a:	2310      	movs	r3, #16
10003d5c:	2878      	cmp	r0, #120	@ 0x78
10003d5e:	d100      	bne.n	10003d62 <_vsnprintf+0x422>
10003d60:	e0cf      	b.n	10003f02 <_vsnprintf+0x5c2>
10003d62:	439a      	bics	r2, r3
10003d64:	230a      	movs	r3, #10
10003d66:	469c      	mov	ip, r3
10003d68:	2300      	movs	r3, #0
10003d6a:	930f      	str	r3, [sp, #60]	@ 0x3c
10003d6c:	330a      	adds	r3, #10
10003d6e:	930d      	str	r3, [sp, #52]	@ 0x34
10003d70:	e080      	b.n	10003e74 <_vsnprintf+0x534>
10003d72:	4656      	mov	r6, sl
10003d74:	00b1      	lsls	r1, r6, #2
10003d76:	1989      	adds	r1, r1, r6
10003d78:	0049      	lsls	r1, r1, #1
10003d7a:	3301      	adds	r3, #1
10003d7c:	180e      	adds	r6, r1, r0
10003d7e:	7818      	ldrb	r0, [r3, #0]
10003d80:	3e30      	subs	r6, #48	@ 0x30
10003d82:	0001      	movs	r1, r0
10003d84:	3930      	subs	r1, #48	@ 0x30
10003d86:	2909      	cmp	r1, #9
10003d88:	d9f4      	bls.n	10003d74 <_vsnprintf+0x434>
10003d8a:	46b2      	mov	sl, r6
10003d8c:	001e      	movs	r6, r3
10003d8e:	3301      	adds	r3, #1
10003d90:	4699      	mov	r9, r3
10003d92:	e628      	b.n	100039e6 <_vsnprintf+0xa6>
10003d94:	9b0c      	ldr	r3, [sp, #48]	@ 0x30
10003d96:	3602      	adds	r6, #2
10003d98:	cb02      	ldmia	r3!, {r1}
10003d9a:	468a      	mov	sl, r1
10003d9c:	43c9      	mvns	r1, r1
10003d9e:	4650      	mov	r0, sl
10003da0:	17c9      	asrs	r1, r1, #31
10003da2:	4008      	ands	r0, r1
10003da4:	4682      	mov	sl, r0
10003da6:	930c      	str	r3, [sp, #48]	@ 0x30
10003da8:	7830      	ldrb	r0, [r6, #0]
10003daa:	1c73      	adds	r3, r6, #1
10003dac:	4699      	mov	r9, r3
10003dae:	e61a      	b.n	100039e6 <_vsnprintf+0xa6>
10003db0:	2310      	movs	r3, #16
10003db2:	0010      	movs	r0, r2
10003db4:	4398      	bics	r0, r3
10003db6:	3311      	adds	r3, #17
10003db8:	4318      	orrs	r0, r3
10003dba:	4681      	mov	r9, r0
10003dbc:	2080      	movs	r0, #128	@ 0x80
10003dbe:	0013      	movs	r3, r2
10003dc0:	00c0      	lsls	r0, r0, #3
10003dc2:	4003      	ands	r3, r0
10003dc4:	4202      	tst	r2, r0
10003dc6:	d100      	bne.n	10003dca <_vsnprintf+0x48a>
10003dc8:	e6a9      	b.n	10003b1e <_vsnprintf+0x1de>
10003dca:	464b      	mov	r3, r9
10003dcc:	9306      	str	r3, [sp, #24]
10003dce:	2308      	movs	r3, #8
10003dd0:	9305      	str	r3, [sp, #20]
10003dd2:	4653      	mov	r3, sl
10003dd4:	9304      	str	r3, [sp, #16]
10003dd6:	2310      	movs	r3, #16
10003dd8:	9303      	str	r3, [sp, #12]
10003dda:	2300      	movs	r3, #0
10003ddc:	9302      	str	r3, [sp, #8]
10003dde:	9b0f      	ldr	r3, [sp, #60]	@ 0x3c
10003de0:	0022      	movs	r2, r4
10003de2:	9301      	str	r3, [sp, #4]
10003de4:	ab1c      	add	r3, sp, #112	@ 0x70
10003de6:	9300      	str	r3, [sp, #0]
10003de8:	4659      	mov	r1, fp
10003dea:	003b      	movs	r3, r7
10003dec:	0028      	movs	r0, r5
10003dee:	f7fe ffa7 	bl	10002d40 <_ntoa_format>
10003df2:	4643      	mov	r3, r8
10003df4:	0004      	movs	r4, r0
10003df6:	930c      	str	r3, [sp, #48]	@ 0x30
10003df8:	e5ca      	b.n	10003990 <_vsnprintf+0x50>
10003dfa:	2301      	movs	r3, #1
10003dfc:	425b      	negs	r3, r3
10003dfe:	e6c3      	b.n	10003b88 <_vsnprintf+0x248>
10003e00:	9b0f      	ldr	r3, [sp, #60]	@ 0x3c
10003e02:	4553      	cmp	r3, sl
10003e04:	d901      	bls.n	10003e0a <_vsnprintf+0x4ca>
10003e06:	4653      	mov	r3, sl
10003e08:	930f      	str	r3, [sp, #60]	@ 0x3c
10003e0a:	2302      	movs	r3, #2
10003e0c:	0018      	movs	r0, r3
10003e0e:	4010      	ands	r0, r2
10003e10:	900d      	str	r0, [sp, #52]	@ 0x34
10003e12:	4213      	tst	r3, r2
10003e14:	d100      	bne.n	10003e18 <_vsnprintf+0x4d8>
10003e16:	e1b7      	b.n	10004188 <_vsnprintf+0x848>
10003e18:	930d      	str	r3, [sp, #52]	@ 0x34
10003e1a:	46d1      	mov	r9, sl
10003e1c:	1b0b      	subs	r3, r1, r4
10003e1e:	469a      	mov	sl, r3
10003e20:	0033      	movs	r3, r6
10003e22:	44a1      	add	r9, r4
10003e24:	002e      	movs	r6, r5
10003e26:	0022      	movs	r2, r4
10003e28:	464d      	mov	r5, r9
10003e2a:	980c      	ldr	r0, [sp, #48]	@ 0x30
10003e2c:	46b9      	mov	r9, r7
10003e2e:	465f      	mov	r7, fp
10003e30:	469b      	mov	fp, r3
10003e32:	e008      	b.n	10003e46 <_vsnprintf+0x506>
10003e34:	464b      	mov	r3, r9
10003e36:	0039      	movs	r1, r7
10003e38:	1c54      	adds	r4, r2, #1
10003e3a:	47b0      	blx	r6
10003e3c:	4653      	mov	r3, sl
10003e3e:	5d18      	ldrb	r0, [r3, r4]
10003e40:	2800      	cmp	r0, #0
10003e42:	d077      	beq.n	10003f34 <_vsnprintf+0x5f4>
10003e44:	0022      	movs	r2, r4
10003e46:	4295      	cmp	r5, r2
10003e48:	d1f4      	bne.n	10003e34 <_vsnprintf+0x4f4>
10003e4a:	465b      	mov	r3, fp
10003e4c:	46bb      	mov	fp, r7
10003e4e:	464f      	mov	r7, r9
10003e50:	46a9      	mov	r9, r5
10003e52:	0035      	movs	r5, r6
10003e54:	464c      	mov	r4, r9
10003e56:	001e      	movs	r6, r3
10003e58:	e6c9      	b.n	10003bee <_vsnprintf+0x2ae>
10003e5a:	2380      	movs	r3, #128	@ 0x80
10003e5c:	011b      	lsls	r3, r3, #4
10003e5e:	431a      	orrs	r2, r3
10003e60:	e6fd      	b.n	10003c5e <_vsnprintf+0x31e>
10003e62:	2320      	movs	r3, #32
10003e64:	431a      	orrs	r2, r3
10003e66:	e720      	b.n	10003caa <_vsnprintf+0x36a>
10003e68:	2308      	movs	r3, #8
10003e6a:	469c      	mov	ip, r3
10003e6c:	2300      	movs	r3, #0
10003e6e:	930f      	str	r3, [sp, #60]	@ 0x3c
10003e70:	3308      	adds	r3, #8
10003e72:	930d      	str	r3, [sp, #52]	@ 0x34
10003e74:	2380      	movs	r3, #128	@ 0x80
10003e76:	0011      	movs	r1, r2
10003e78:	00db      	lsls	r3, r3, #3
10003e7a:	4019      	ands	r1, r3
10003e7c:	421a      	tst	r2, r3
10003e7e:	d100      	bne.n	10003e82 <_vsnprintf+0x542>
10003e80:	e116      	b.n	100040b0 <_vsnprintf+0x770>
10003e82:	230d      	movs	r3, #13
10003e84:	439a      	bics	r2, r3
10003e86:	0010      	movs	r0, r2
10003e88:	2380      	movs	r3, #128	@ 0x80
10003e8a:	0002      	movs	r2, r0
10003e8c:	009b      	lsls	r3, r3, #2
10003e8e:	401a      	ands	r2, r3
10003e90:	9214      	str	r2, [sp, #80]	@ 0x50
10003e92:	4218      	tst	r0, r3
10003e94:	d000      	beq.n	10003e98 <_vsnprintf+0x558>
10003e96:	e1c2      	b.n	1000421e <_vsnprintf+0x8de>
10003e98:	2380      	movs	r3, #128	@ 0x80
10003e9a:	0002      	movs	r2, r0
10003e9c:	005b      	lsls	r3, r3, #1
10003e9e:	401a      	ands	r2, r3
10003ea0:	4691      	mov	r9, r2
10003ea2:	9a0c      	ldr	r2, [sp, #48]	@ 0x30
10003ea4:	3204      	adds	r2, #4
10003ea6:	920f      	str	r2, [sp, #60]	@ 0x3c
10003ea8:	4218      	tst	r0, r3
10003eaa:	d000      	beq.n	10003eae <_vsnprintf+0x56e>
10003eac:	e2b7      	b.n	1000441e <_vsnprintf+0xade>
10003eae:	0643      	lsls	r3, r0, #25
10003eb0:	d500      	bpl.n	10003eb4 <_vsnprintf+0x574>
10003eb2:	e19f      	b.n	100041f4 <_vsnprintf+0x8b4>
10003eb4:	0603      	lsls	r3, r0, #24
10003eb6:	d400      	bmi.n	10003eba <_vsnprintf+0x57a>
10003eb8:	e319      	b.n	100044ee <_vsnprintf+0xbae>
10003eba:	9b0c      	ldr	r3, [sp, #48]	@ 0x30
10003ebc:	881b      	ldrh	r3, [r3, #0]
10003ebe:	9309      	str	r3, [sp, #36]	@ 0x24
10003ec0:	2b00      	cmp	r3, #0
10003ec2:	d000      	beq.n	10003ec6 <_vsnprintf+0x586>
10003ec4:	e1fc      	b.n	100042c0 <_vsnprintf+0x980>
10003ec6:	3310      	adds	r3, #16
10003ec8:	4398      	bics	r0, r3
10003eca:	2900      	cmp	r1, #0
10003ecc:	d100      	bne.n	10003ed0 <_vsnprintf+0x590>
10003ece:	e1f7      	b.n	100042c0 <_vsnprintf+0x980>
10003ed0:	2300      	movs	r3, #0
10003ed2:	4699      	mov	r9, r3
10003ed4:	4643      	mov	r3, r8
10003ed6:	9305      	str	r3, [sp, #20]
10003ed8:	4653      	mov	r3, sl
10003eda:	9304      	str	r3, [sp, #16]
10003edc:	9b0d      	ldr	r3, [sp, #52]	@ 0x34
10003ede:	9006      	str	r0, [sp, #24]
10003ee0:	9303      	str	r3, [sp, #12]
10003ee2:	2300      	movs	r3, #0
10003ee4:	e0d2      	b.n	1000408c <_vsnprintf+0x74c>
10003ee6:	2858      	cmp	r0, #88	@ 0x58
10003ee8:	d008      	beq.n	10003efc <_vsnprintf+0x5bc>
10003eea:	2862      	cmp	r0, #98	@ 0x62
10003eec:	d167      	bne.n	10003fbe <_vsnprintf+0x67e>
10003eee:	2302      	movs	r3, #2
10003ef0:	469c      	mov	ip, r3
10003ef2:	2300      	movs	r3, #0
10003ef4:	930f      	str	r3, [sp, #60]	@ 0x3c
10003ef6:	3302      	adds	r3, #2
10003ef8:	930d      	str	r3, [sp, #52]	@ 0x34
10003efa:	e7bb      	b.n	10003e74 <_vsnprintf+0x534>
10003efc:	2320      	movs	r3, #32
10003efe:	431a      	orrs	r2, r3
10003f00:	3b10      	subs	r3, #16
10003f02:	469c      	mov	ip, r3
10003f04:	2300      	movs	r3, #0
10003f06:	930f      	str	r3, [sp, #60]	@ 0x3c
10003f08:	3310      	adds	r3, #16
10003f0a:	930d      	str	r3, [sp, #52]	@ 0x34
10003f0c:	e7b2      	b.n	10003e74 <_vsnprintf+0x534>
10003f0e:	2380      	movs	r3, #128	@ 0x80
10003f10:	011b      	lsls	r3, r3, #4
10003f12:	431a      	orrs	r2, r3
10003f14:	2320      	movs	r3, #32
10003f16:	431a      	orrs	r2, r3
10003f18:	e6a1      	b.n	10003c5e <_vsnprintf+0x31e>
10003f1a:	23c0      	movs	r3, #192	@ 0xc0
10003f1c:	009b      	lsls	r3, r3, #2
10003f1e:	431a      	orrs	r2, r3
10003f20:	1cf3      	adds	r3, r6, #3
10003f22:	4699      	mov	r9, r3
10003f24:	78b0      	ldrb	r0, [r6, #2]
10003f26:	e582      	b.n	10003a2e <_vsnprintf+0xee>
10003f28:	23c0      	movs	r3, #192	@ 0xc0
10003f2a:	431a      	orrs	r2, r3
10003f2c:	1cf3      	adds	r3, r6, #3
10003f2e:	4699      	mov	r9, r3
10003f30:	78b0      	ldrb	r0, [r6, #2]
10003f32:	e57c      	b.n	10003a2e <_vsnprintf+0xee>
10003f34:	0035      	movs	r5, r6
10003f36:	465e      	mov	r6, fp
10003f38:	46bb      	mov	fp, r7
10003f3a:	464f      	mov	r7, r9
10003f3c:	e657      	b.n	10003bee <_vsnprintf+0x2ae>
10003f3e:	4643      	mov	r3, r8
10003f40:	2b01      	cmp	r3, #1
10003f42:	d800      	bhi.n	10003f46 <_vsnprintf+0x606>
10003f44:	e163      	b.n	1000420e <_vsnprintf+0x8ce>
10003f46:	1e63      	subs	r3, r4, #1
10003f48:	4443      	add	r3, r8
10003f4a:	469a      	mov	sl, r3
10003f4c:	0033      	movs	r3, r6
10003f4e:	46b9      	mov	r9, r7
10003f50:	002e      	movs	r6, r5
10003f52:	465f      	mov	r7, fp
10003f54:	4655      	mov	r5, sl
10003f56:	469b      	mov	fp, r3
10003f58:	46a2      	mov	sl, r4
10003f5a:	0022      	movs	r2, r4
10003f5c:	464b      	mov	r3, r9
10003f5e:	3401      	adds	r4, #1
10003f60:	0039      	movs	r1, r7
10003f62:	2020      	movs	r0, #32
10003f64:	47b0      	blx	r6
10003f66:	42ac      	cmp	r4, r5
10003f68:	d1f7      	bne.n	10003f5a <_vsnprintf+0x61a>
10003f6a:	0035      	movs	r5, r6
10003f6c:	465e      	mov	r6, fp
10003f6e:	46bb      	mov	fp, r7
10003f70:	464f      	mov	r7, r9
10003f72:	46a1      	mov	r9, r4
10003f74:	4654      	mov	r4, sl
10003f76:	9b0c      	ldr	r3, [sp, #48]	@ 0x30
10003f78:	464a      	mov	r2, r9
10003f7a:	7818      	ldrb	r0, [r3, #0]
10003f7c:	4659      	mov	r1, fp
10003f7e:	003b      	movs	r3, r7
10003f80:	4444      	add	r4, r8
10003f82:	47a8      	blx	r5
10003f84:	e6d7      	b.n	10003d36 <_vsnprintf+0x3f6>
10003f86:	46a1      	mov	r9, r4
10003f88:	9b0f      	ldr	r3, [sp, #60]	@ 0x3c
10003f8a:	4598      	cmp	r8, r3
10003f8c:	d800      	bhi.n	10003f90 <_vsnprintf+0x650>
10003f8e:	e632      	b.n	10003bf6 <_vsnprintf+0x2b6>
10003f90:	4444      	add	r4, r8
10003f92:	1ae4      	subs	r4, r4, r3
10003f94:	0033      	movs	r3, r6
10003f96:	46b8      	mov	r8, r7
10003f98:	002e      	movs	r6, r5
10003f9a:	465f      	mov	r7, fp
10003f9c:	0025      	movs	r5, r4
10003f9e:	464c      	mov	r4, r9
10003fa0:	4699      	mov	r9, r3
10003fa2:	0022      	movs	r2, r4
10003fa4:	4643      	mov	r3, r8
10003fa6:	3401      	adds	r4, #1
10003fa8:	0039      	movs	r1, r7
10003faa:	2020      	movs	r0, #32
10003fac:	47b0      	blx	r6
10003fae:	42ac      	cmp	r4, r5
10003fb0:	d1f7      	bne.n	10003fa2 <_vsnprintf+0x662>
10003fb2:	002c      	movs	r4, r5
10003fb4:	46bb      	mov	fp, r7
10003fb6:	0035      	movs	r5, r6
10003fb8:	4647      	mov	r7, r8
10003fba:	464e      	mov	r6, r9
10003fbc:	e61b      	b.n	10003bf6 <_vsnprintf+0x2b6>
10003fbe:	2380      	movs	r3, #128	@ 0x80
10003fc0:	0010      	movs	r0, r2
10003fc2:	00db      	lsls	r3, r3, #3
10003fc4:	4018      	ands	r0, r3
10003fc6:	421a      	tst	r2, r3
10003fc8:	d100      	bne.n	10003fcc <_vsnprintf+0x68c>
10003fca:	e10f      	b.n	100041ec <_vsnprintf+0x8ac>
10003fcc:	2111      	movs	r1, #17
10003fce:	0018      	movs	r0, r3
10003fd0:	438a      	bics	r2, r1
10003fd2:	920d      	str	r2, [sp, #52]	@ 0x34
10003fd4:	9a0d      	ldr	r2, [sp, #52]	@ 0x34
10003fd6:	2380      	movs	r3, #128	@ 0x80
10003fd8:	0011      	movs	r1, r2
10003fda:	009b      	lsls	r3, r3, #2
10003fdc:	4019      	ands	r1, r3
10003fde:	468c      	mov	ip, r1
10003fe0:	421a      	tst	r2, r3
10003fe2:	d169      	bne.n	100040b8 <_vsnprintf+0x778>
10003fe4:	2380      	movs	r3, #128	@ 0x80
10003fe6:	0011      	movs	r1, r2
10003fe8:	005b      	lsls	r3, r3, #1
10003fea:	4019      	ands	r1, r3
10003fec:	4689      	mov	r9, r1
10003fee:	990c      	ldr	r1, [sp, #48]	@ 0x30
10003ff0:	3104      	adds	r1, #4
10003ff2:	910f      	str	r1, [sp, #60]	@ 0x3c
10003ff4:	421a      	tst	r2, r3
10003ff6:	d000      	beq.n	10003ffa <_vsnprintf+0x6ba>
10003ff8:	e1ca      	b.n	10004390 <_vsnprintf+0xa50>
10003ffa:	0013      	movs	r3, r2
10003ffc:	065b      	lsls	r3, r3, #25
10003ffe:	d500      	bpl.n	10004002 <_vsnprintf+0x6c2>
10004000:	e0f0      	b.n	100041e4 <_vsnprintf+0x8a4>
10004002:	0013      	movs	r3, r2
10004004:	061b      	lsls	r3, r3, #24
10004006:	d400      	bmi.n	1000400a <_vsnprintf+0x6ca>
10004008:	e259      	b.n	100044be <_vsnprintf+0xb7e>
1000400a:	9b0c      	ldr	r3, [sp, #48]	@ 0x30
1000400c:	2200      	movs	r2, #0
1000400e:	5e9b      	ldrsh	r3, [r3, r2]
10004010:	17d9      	asrs	r1, r3, #31
10004012:	185a      	adds	r2, r3, r1
10004014:	404a      	eors	r2, r1
10004016:	b292      	uxth	r2, r2
10004018:	0fd9      	lsrs	r1, r3, #31
1000401a:	910c      	str	r1, [sp, #48]	@ 0x30
1000401c:	2b00      	cmp	r3, #0
1000401e:	d100      	bne.n	10004022 <_vsnprintf+0x6e2>
10004020:	e1f9      	b.n	10004416 <_vsnprintf+0xad6>
10004022:	0010      	movs	r0, r2
10004024:	aa14      	add	r2, sp, #80	@ 0x50
10004026:	4694      	mov	ip, r2
10004028:	4642      	mov	r2, r8
1000402a:	231f      	movs	r3, #31
1000402c:	9214      	str	r2, [sp, #80]	@ 0x50
1000402e:	4652      	mov	r2, sl
10004030:	4463      	add	r3, ip
10004032:	46a8      	mov	r8, r5
10004034:	9416      	str	r4, [sp, #88]	@ 0x58
10004036:	464d      	mov	r5, r9
10004038:	0004      	movs	r4, r0
1000403a:	46b9      	mov	r9, r7
1000403c:	46b2      	mov	sl, r6
1000403e:	001f      	movs	r7, r3
10004040:	9215      	str	r2, [sp, #84]	@ 0x54
10004042:	e001      	b.n	10004048 <_vsnprintf+0x708>
10004044:	2d20      	cmp	r5, #32
10004046:	d00f      	beq.n	10004068 <_vsnprintf+0x728>
10004048:	0020      	movs	r0, r4
1000404a:	210a      	movs	r1, #10
1000404c:	f7fd fed8 	bl	10001e00 <__wrap___aeabi_uidiv>
10004050:	3501      	adds	r5, #1
10004052:	197e      	adds	r6, r7, r5
10004054:	3130      	adds	r1, #48	@ 0x30
10004056:	7031      	strb	r1, [r6, #0]
10004058:	0020      	movs	r0, r4
1000405a:	210a      	movs	r1, #10
1000405c:	f7fd fed0 	bl	10001e00 <__wrap___aeabi_uidiv>
10004060:	0026      	movs	r6, r4
10004062:	0004      	movs	r4, r0
10004064:	2e09      	cmp	r6, #9
10004066:	d8ed      	bhi.n	10004044 <_vsnprintf+0x704>
10004068:	9b14      	ldr	r3, [sp, #80]	@ 0x50
1000406a:	464f      	mov	r7, r9
1000406c:	46a9      	mov	r9, r5
1000406e:	4645      	mov	r5, r8
10004070:	4698      	mov	r8, r3
10004072:	9b15      	ldr	r3, [sp, #84]	@ 0x54
10004074:	4656      	mov	r6, sl
10004076:	469a      	mov	sl, r3
10004078:	9c16      	ldr	r4, [sp, #88]	@ 0x58
1000407a:	9b0d      	ldr	r3, [sp, #52]	@ 0x34
1000407c:	9306      	str	r3, [sp, #24]
1000407e:	4643      	mov	r3, r8
10004080:	9305      	str	r3, [sp, #20]
10004082:	4653      	mov	r3, sl
10004084:	9304      	str	r3, [sp, #16]
10004086:	230a      	movs	r3, #10
10004088:	9303      	str	r3, [sp, #12]
1000408a:	9b0c      	ldr	r3, [sp, #48]	@ 0x30
1000408c:	9302      	str	r3, [sp, #8]
1000408e:	464b      	mov	r3, r9
10004090:	9301      	str	r3, [sp, #4]
10004092:	ab1c      	add	r3, sp, #112	@ 0x70
10004094:	0022      	movs	r2, r4
10004096:	9300      	str	r3, [sp, #0]
10004098:	4659      	mov	r1, fp
1000409a:	003b      	movs	r3, r7
1000409c:	0028      	movs	r0, r5
1000409e:	f7fe fe4f 	bl	10002d40 <_ntoa_format>
100040a2:	9b0f      	ldr	r3, [sp, #60]	@ 0x3c
100040a4:	0004      	movs	r4, r0
100040a6:	930c      	str	r3, [sp, #48]	@ 0x30
100040a8:	e472      	b.n	10003990 <_vsnprintf+0x50>
100040aa:	46c0      	nop			@ (mov r8, r8)
100040ac:	10002c91 	.word	0x10002c91
100040b0:	230c      	movs	r3, #12
100040b2:	439a      	bics	r2, r3
100040b4:	0010      	movs	r0, r2
100040b6:	e6e7      	b.n	10003e88 <_vsnprintf+0x548>
100040b8:	2207      	movs	r2, #7
100040ba:	9b0c      	ldr	r3, [sp, #48]	@ 0x30
100040bc:	3307      	adds	r3, #7
100040be:	4393      	bics	r3, r2
100040c0:	3201      	adds	r2, #1
100040c2:	4694      	mov	ip, r2
100040c4:	449c      	add	ip, r3
100040c6:	4662      	mov	r2, ip
100040c8:	920c      	str	r2, [sp, #48]	@ 0x30
100040ca:	cb0c      	ldmia	r3, {r2, r3}
100040cc:	0fd9      	lsrs	r1, r3, #31
100040ce:	910f      	str	r1, [sp, #60]	@ 0x3c
100040d0:	0011      	movs	r1, r2
100040d2:	4319      	orrs	r1, r3
100040d4:	d100      	bne.n	100040d8 <_vsnprintf+0x798>
100040d6:	e091      	b.n	100041fc <_vsnprintf+0x8bc>
100040d8:	17d9      	asrs	r1, r3, #31
100040da:	9113      	str	r1, [sp, #76]	@ 0x4c
100040dc:	9112      	str	r1, [sp, #72]	@ 0x48
100040de:	4051      	eors	r1, r2
100040e0:	9110      	str	r1, [sp, #64]	@ 0x40
100040e2:	9913      	ldr	r1, [sp, #76]	@ 0x4c
100040e4:	4059      	eors	r1, r3
100040e6:	9111      	str	r1, [sp, #68]	@ 0x44
100040e8:	9810      	ldr	r0, [sp, #64]	@ 0x40
100040ea:	9911      	ldr	r1, [sp, #68]	@ 0x44
100040ec:	9a12      	ldr	r2, [sp, #72]	@ 0x48
100040ee:	9b13      	ldr	r3, [sp, #76]	@ 0x4c
100040f0:	1a80      	subs	r0, r0, r2
100040f2:	4199      	sbcs	r1, r3
100040f4:	9010      	str	r0, [sp, #64]	@ 0x40
100040f6:	9111      	str	r1, [sp, #68]	@ 0x44
100040f8:	aa14      	add	r2, sp, #80	@ 0x50
100040fa:	2300      	movs	r3, #0
100040fc:	4694      	mov	ip, r2
100040fe:	4642      	mov	r2, r8
10004100:	4699      	mov	r9, r3
10004102:	9214      	str	r2, [sp, #80]	@ 0x50
10004104:	4652      	mov	r2, sl
10004106:	331f      	adds	r3, #31
10004108:	4463      	add	r3, ip
1000410a:	46a8      	mov	r8, r5
1000410c:	46b2      	mov	sl, r6
1000410e:	9416      	str	r4, [sp, #88]	@ 0x58
10004110:	464e      	mov	r6, r9
10004112:	9c10      	ldr	r4, [sp, #64]	@ 0x40
10004114:	9d11      	ldr	r5, [sp, #68]	@ 0x44
10004116:	46b9      	mov	r9, r7
10004118:	9215      	str	r2, [sp, #84]	@ 0x54
1000411a:	001f      	movs	r7, r3
1000411c:	e001      	b.n	10004122 <_vsnprintf+0x7e2>
1000411e:	2e20      	cmp	r6, #32
10004120:	d010      	beq.n	10004144 <_vsnprintf+0x804>
10004122:	0020      	movs	r0, r4
10004124:	0029      	movs	r1, r5
10004126:	220a      	movs	r2, #10
10004128:	2300      	movs	r3, #0
1000412a:	f7fd fea7 	bl	10001e7c <__wrap___aeabi_uldivmod>
1000412e:	3601      	adds	r6, #1
10004130:	3230      	adds	r2, #48	@ 0x30
10004132:	002b      	movs	r3, r5
10004134:	55ba      	strb	r2, [r7, r6]
10004136:	000d      	movs	r5, r1
10004138:	0022      	movs	r2, r4
1000413a:	0004      	movs	r4, r0
1000413c:	2b00      	cmp	r3, #0
1000413e:	d1ee      	bne.n	1000411e <_vsnprintf+0x7de>
10004140:	2a09      	cmp	r2, #9
10004142:	d8ec      	bhi.n	1000411e <_vsnprintf+0x7de>
10004144:	9b14      	ldr	r3, [sp, #80]	@ 0x50
10004146:	9410      	str	r4, [sp, #64]	@ 0x40
10004148:	9511      	str	r5, [sp, #68]	@ 0x44
1000414a:	4645      	mov	r5, r8
1000414c:	4698      	mov	r8, r3
1000414e:	9b15      	ldr	r3, [sp, #84]	@ 0x54
10004150:	464f      	mov	r7, r9
10004152:	46b1      	mov	r9, r6
10004154:	4656      	mov	r6, sl
10004156:	469a      	mov	sl, r3
10004158:	9c16      	ldr	r4, [sp, #88]	@ 0x58
1000415a:	9b0d      	ldr	r3, [sp, #52]	@ 0x34
1000415c:	9306      	str	r3, [sp, #24]
1000415e:	4643      	mov	r3, r8
10004160:	9305      	str	r3, [sp, #20]
10004162:	4653      	mov	r3, sl
10004164:	9304      	str	r3, [sp, #16]
10004166:	230a      	movs	r3, #10
10004168:	9303      	str	r3, [sp, #12]
1000416a:	9b0f      	ldr	r3, [sp, #60]	@ 0x3c
1000416c:	9302      	str	r3, [sp, #8]
1000416e:	464b      	mov	r3, r9
10004170:	9301      	str	r3, [sp, #4]
10004172:	ab1c      	add	r3, sp, #112	@ 0x70
10004174:	0022      	movs	r2, r4
10004176:	9300      	str	r3, [sp, #0]
10004178:	4659      	mov	r1, fp
1000417a:	003b      	movs	r3, r7
1000417c:	0028      	movs	r0, r5
1000417e:	f7fe fddf 	bl	10002d40 <_ntoa_format>
10004182:	0004      	movs	r4, r0
10004184:	f7ff fc04 	bl	10003990 <_vsnprintf+0x50>
10004188:	9b0f      	ldr	r3, [sp, #60]	@ 0x3c
1000418a:	4598      	cmp	r8, r3
1000418c:	d800      	bhi.n	10004190 <_vsnprintf+0x850>
1000418e:	e1c1      	b.n	10004514 <_vsnprintf+0xbd4>
10004190:	2380      	movs	r3, #128	@ 0x80
10004192:	00db      	lsls	r3, r3, #3
10004194:	930d      	str	r3, [sp, #52]	@ 0x34
10004196:	4643      	mov	r3, r8
10004198:	9a0f      	ldr	r2, [sp, #60]	@ 0x3c
1000419a:	191b      	adds	r3, r3, r4
1000419c:	1a9b      	subs	r3, r3, r2
1000419e:	4699      	mov	r9, r3
100041a0:	0033      	movs	r3, r6
100041a2:	002e      	movs	r6, r5
100041a4:	464d      	mov	r5, r9
100041a6:	46b9      	mov	r9, r7
100041a8:	465f      	mov	r7, fp
100041aa:	469b      	mov	fp, r3
100041ac:	910c      	str	r1, [sp, #48]	@ 0x30
100041ae:	0022      	movs	r2, r4
100041b0:	464b      	mov	r3, r9
100041b2:	3401      	adds	r4, #1
100041b4:	0039      	movs	r1, r7
100041b6:	2020      	movs	r0, #32
100041b8:	47b0      	blx	r6
100041ba:	42ac      	cmp	r4, r5
100041bc:	d1f7      	bne.n	100041ae <_vsnprintf+0x86e>
100041be:	4643      	mov	r3, r8
100041c0:	990c      	ldr	r1, [sp, #48]	@ 0x30
100041c2:	3301      	adds	r3, #1
100041c4:	930f      	str	r3, [sp, #60]	@ 0x3c
100041c6:	780b      	ldrb	r3, [r1, #0]
100041c8:	0035      	movs	r5, r6
100041ca:	930c      	str	r3, [sp, #48]	@ 0x30
100041cc:	465e      	mov	r6, fp
100041ce:	46bb      	mov	fp, r7
100041d0:	464f      	mov	r7, r9
100041d2:	2b00      	cmp	r3, #0
100041d4:	d100      	bne.n	100041d8 <_vsnprintf+0x898>
100041d6:	e50e      	b.n	10003bf6 <_vsnprintf+0x2b6>
100041d8:	9b0d      	ldr	r3, [sp, #52]	@ 0x34
100041da:	2b00      	cmp	r3, #0
100041dc:	d100      	bne.n	100041e0 <_vsnprintf+0x8a0>
100041de:	e4f6      	b.n	10003bce <_vsnprintf+0x28e>
100041e0:	2300      	movs	r3, #0
100041e2:	e619      	b.n	10003e18 <_vsnprintf+0x4d8>
100041e4:	9b0c      	ldr	r3, [sp, #48]	@ 0x30
100041e6:	781b      	ldrb	r3, [r3, #0]
100041e8:	001a      	movs	r2, r3
100041ea:	e715      	b.n	10004018 <_vsnprintf+0x6d8>
100041ec:	2310      	movs	r3, #16
100041ee:	439a      	bics	r2, r3
100041f0:	920d      	str	r2, [sp, #52]	@ 0x34
100041f2:	e6ef      	b.n	10003fd4 <_vsnprintf+0x694>
100041f4:	9b0c      	ldr	r3, [sp, #48]	@ 0x30
100041f6:	781b      	ldrb	r3, [r3, #0]
100041f8:	9309      	str	r3, [sp, #36]	@ 0x24
100041fa:	e661      	b.n	10003ec0 <_vsnprintf+0x580>
100041fc:	2300      	movs	r3, #0
100041fe:	4699      	mov	r9, r3
10004200:	2800      	cmp	r0, #0
10004202:	d1aa      	bne.n	1000415a <_vsnprintf+0x81a>
10004204:	2200      	movs	r2, #0
10004206:	2300      	movs	r3, #0
10004208:	9210      	str	r2, [sp, #64]	@ 0x40
1000420a:	9311      	str	r3, [sp, #68]	@ 0x44
1000420c:	e774      	b.n	100040f8 <_vsnprintf+0x7b8>
1000420e:	9b0c      	ldr	r3, [sp, #48]	@ 0x30
10004210:	0022      	movs	r2, r4
10004212:	7818      	ldrb	r0, [r3, #0]
10004214:	4659      	mov	r1, fp
10004216:	003b      	movs	r3, r7
10004218:	47a8      	blx	r5
1000421a:	464c      	mov	r4, r9
1000421c:	e58b      	b.n	10003d36 <_vsnprintf+0x3f6>
1000421e:	9a0c      	ldr	r2, [sp, #48]	@ 0x30
10004220:	3bfa      	subs	r3, #250	@ 0xfa
10004222:	3bff      	subs	r3, #255	@ 0xff
10004224:	3207      	adds	r2, #7
10004226:	439a      	bics	r2, r3
10004228:	3301      	adds	r3, #1
1000422a:	4699      	mov	r9, r3
1000422c:	4491      	add	r9, r2
1000422e:	464b      	mov	r3, r9
10004230:	930c      	str	r3, [sp, #48]	@ 0x30
10004232:	6813      	ldr	r3, [r2, #0]
10004234:	6852      	ldr	r2, [r2, #4]
10004236:	9215      	str	r2, [sp, #84]	@ 0x54
10004238:	431a      	orrs	r2, r3
1000423a:	d106      	bne.n	1000424a <_vsnprintf+0x90a>
1000423c:	3210      	adds	r2, #16
1000423e:	4390      	bics	r0, r2
10004240:	2200      	movs	r2, #0
10004242:	9209      	str	r2, [sp, #36]	@ 0x24
10004244:	2900      	cmp	r1, #0
10004246:	d000      	beq.n	1000424a <_vsnprintf+0x90a>
10004248:	e081      	b.n	1000434e <_vsnprintf+0xa0e>
1000424a:	2261      	movs	r2, #97	@ 0x61
1000424c:	0681      	lsls	r1, r0, #26
1000424e:	d500      	bpl.n	10004252 <_vsnprintf+0x912>
10004250:	2241      	movs	r2, #65	@ 0x41
10004252:	b2d2      	uxtb	r2, r2
10004254:	920a      	str	r2, [sp, #40]	@ 0x28
10004256:	aa14      	add	r2, sp, #80	@ 0x50
10004258:	4691      	mov	r9, r2
1000425a:	9a0a      	ldr	r2, [sp, #40]	@ 0x28
1000425c:	2100      	movs	r1, #0
1000425e:	3a0a      	subs	r2, #10
10004260:	9214      	str	r2, [sp, #80]	@ 0x50
10004262:	4642      	mov	r2, r8
10004264:	9217      	str	r2, [sp, #92]	@ 0x5c
10004266:	4652      	mov	r2, sl
10004268:	9218      	str	r2, [sp, #96]	@ 0x60
1000426a:	465a      	mov	r2, fp
1000426c:	9109      	str	r1, [sp, #36]	@ 0x24
1000426e:	46b3      	mov	fp, r6
10004270:	311f      	adds	r1, #31
10004272:	001e      	movs	r6, r3
10004274:	9b0f      	ldr	r3, [sp, #60]	@ 0x3c
10004276:	4449      	add	r1, r9
10004278:	46ba      	mov	sl, r7
1000427a:	9419      	str	r4, [sp, #100]	@ 0x64
1000427c:	951a      	str	r5, [sp, #104]	@ 0x68
1000427e:	2400      	movs	r4, #0
10004280:	4667      	mov	r7, ip
10004282:	4698      	mov	r8, r3
10004284:	4689      	mov	r9, r1
10004286:	9d15      	ldr	r5, [sp, #84]	@ 0x54
10004288:	9016      	str	r0, [sp, #88]	@ 0x58
1000428a:	921b      	str	r2, [sp, #108]	@ 0x6c
1000428c:	e00a      	b.n	100042a4 <_vsnprintf+0x964>
1000428e:	3230      	adds	r2, #48	@ 0x30
10004290:	b2d2      	uxtb	r2, r2
10004292:	464b      	mov	r3, r9
10004294:	3401      	adds	r4, #1
10004296:	551a      	strb	r2, [r3, r4]
10004298:	45a8      	cmp	r8, r5
1000429a:	d04a      	beq.n	10004332 <_vsnprintf+0x9f2>
1000429c:	2c20      	cmp	r4, #32
1000429e:	d04a      	beq.n	10004336 <_vsnprintf+0x9f6>
100042a0:	0006      	movs	r6, r0
100042a2:	000d      	movs	r5, r1
100042a4:	003a      	movs	r2, r7
100042a6:	2300      	movs	r3, #0
100042a8:	0030      	movs	r0, r6
100042aa:	0029      	movs	r1, r5
100042ac:	f7fd fde6 	bl	10001e7c <__wrap___aeabi_uldivmod>
100042b0:	b2d2      	uxtb	r2, r2
100042b2:	2a09      	cmp	r2, #9
100042b4:	d9eb      	bls.n	1000428e <_vsnprintf+0x94e>
100042b6:	9b14      	ldr	r3, [sp, #80]	@ 0x50
100042b8:	469c      	mov	ip, r3
100042ba:	4462      	add	r2, ip
100042bc:	b2d2      	uxtb	r2, r2
100042be:	e7e8      	b.n	10004292 <_vsnprintf+0x952>
100042c0:	2361      	movs	r3, #97	@ 0x61
100042c2:	0682      	lsls	r2, r0, #26
100042c4:	d500      	bpl.n	100042c8 <_vsnprintf+0x988>
100042c6:	2341      	movs	r3, #65	@ 0x41
100042c8:	b2db      	uxtb	r3, r3
100042ca:	3b0a      	subs	r3, #10
100042cc:	930c      	str	r3, [sp, #48]	@ 0x30
100042ce:	4643      	mov	r3, r8
100042d0:	a914      	add	r1, sp, #80	@ 0x50
100042d2:	221f      	movs	r2, #31
100042d4:	468c      	mov	ip, r1
100042d6:	9315      	str	r3, [sp, #84]	@ 0x54
100042d8:	4653      	mov	r3, sl
100042da:	4462      	add	r2, ip
100042dc:	46a0      	mov	r8, r4
100042de:	46b2      	mov	sl, r6
100042e0:	464c      	mov	r4, r9
100042e2:	9717      	str	r7, [sp, #92]	@ 0x5c
100042e4:	46a9      	mov	r9, r5
100042e6:	0017      	movs	r7, r2
100042e8:	9d09      	ldr	r5, [sp, #36]	@ 0x24
100042ea:	9e0d      	ldr	r6, [sp, #52]	@ 0x34
100042ec:	9014      	str	r0, [sp, #80]	@ 0x50
100042ee:	9316      	str	r3, [sp, #88]	@ 0x58
100042f0:	e008      	b.n	10004304 <_vsnprintf+0x9c4>
100042f2:	3330      	adds	r3, #48	@ 0x30
100042f4:	b2db      	uxtb	r3, r3
100042f6:	3401      	adds	r4, #1
100042f8:	553b      	strb	r3, [r7, r4]
100042fa:	42b5      	cmp	r5, r6
100042fc:	d30e      	bcc.n	1000431c <_vsnprintf+0x9dc>
100042fe:	2c20      	cmp	r4, #32
10004300:	d00c      	beq.n	1000431c <_vsnprintf+0x9dc>
10004302:	0005      	movs	r5, r0
10004304:	0031      	movs	r1, r6
10004306:	0028      	movs	r0, r5
10004308:	f7fd fd7a 	bl	10001e00 <__wrap___aeabi_uidiv>
1000430c:	b2cb      	uxtb	r3, r1
1000430e:	2909      	cmp	r1, #9
10004310:	d9ef      	bls.n	100042f2 <_vsnprintf+0x9b2>
10004312:	9a0c      	ldr	r2, [sp, #48]	@ 0x30
10004314:	4694      	mov	ip, r2
10004316:	4463      	add	r3, ip
10004318:	b2db      	uxtb	r3, r3
1000431a:	e7ec      	b.n	100042f6 <_vsnprintf+0x9b6>
1000431c:	9b15      	ldr	r3, [sp, #84]	@ 0x54
1000431e:	464d      	mov	r5, r9
10004320:	46a1      	mov	r9, r4
10004322:	4644      	mov	r4, r8
10004324:	4698      	mov	r8, r3
10004326:	9b16      	ldr	r3, [sp, #88]	@ 0x58
10004328:	4656      	mov	r6, sl
1000432a:	9814      	ldr	r0, [sp, #80]	@ 0x50
1000432c:	469a      	mov	sl, r3
1000432e:	9f17      	ldr	r7, [sp, #92]	@ 0x5c
10004330:	e5d0      	b.n	10003ed4 <_vsnprintf+0x594>
10004332:	42b7      	cmp	r7, r6
10004334:	d9b2      	bls.n	1000429c <_vsnprintf+0x95c>
10004336:	9b17      	ldr	r3, [sp, #92]	@ 0x5c
10004338:	4657      	mov	r7, sl
1000433a:	4698      	mov	r8, r3
1000433c:	9b18      	ldr	r3, [sp, #96]	@ 0x60
1000433e:	465e      	mov	r6, fp
10004340:	469a      	mov	sl, r3
10004342:	9b1b      	ldr	r3, [sp, #108]	@ 0x6c
10004344:	9409      	str	r4, [sp, #36]	@ 0x24
10004346:	469b      	mov	fp, r3
10004348:	9816      	ldr	r0, [sp, #88]	@ 0x58
1000434a:	9c19      	ldr	r4, [sp, #100]	@ 0x64
1000434c:	9d1a      	ldr	r5, [sp, #104]	@ 0x68
1000434e:	4643      	mov	r3, r8
10004350:	9305      	str	r3, [sp, #20]
10004352:	4653      	mov	r3, sl
10004354:	9304      	str	r3, [sp, #16]
10004356:	9b0d      	ldr	r3, [sp, #52]	@ 0x34
10004358:	9006      	str	r0, [sp, #24]
1000435a:	9303      	str	r3, [sp, #12]
1000435c:	2300      	movs	r3, #0
1000435e:	9302      	str	r3, [sp, #8]
10004360:	9b09      	ldr	r3, [sp, #36]	@ 0x24
10004362:	e705      	b.n	10004170 <_vsnprintf+0x830>
10004364:	9b0f      	ldr	r3, [sp, #60]	@ 0x3c
10004366:	4598      	cmp	r8, r3
10004368:	d900      	bls.n	1000436c <_vsnprintf+0xa2c>
1000436a:	e714      	b.n	10004196 <_vsnprintf+0x856>
1000436c:	3301      	adds	r3, #1
1000436e:	930f      	str	r3, [sp, #60]	@ 0x3c
10004370:	e42d      	b.n	10003bce <_vsnprintf+0x28e>
10004372:	2310      	movs	r3, #16
10004374:	0011      	movs	r1, r2
10004376:	4399      	bics	r1, r3
10004378:	910d      	str	r1, [sp, #52]	@ 0x34
1000437a:	2869      	cmp	r0, #105	@ 0x69
1000437c:	d000      	beq.n	10004380 <_vsnprintf+0xa40>
1000437e:	e0ba      	b.n	100044f6 <_vsnprintf+0xbb6>
10004380:	2380      	movs	r3, #128	@ 0x80
10004382:	0010      	movs	r0, r2
10004384:	00db      	lsls	r3, r3, #3
10004386:	4018      	ands	r0, r3
10004388:	421a      	tst	r2, r3
1000438a:	d100      	bne.n	1000438e <_vsnprintf+0xa4e>
1000438c:	e622      	b.n	10003fd4 <_vsnprintf+0x694>
1000438e:	e61d      	b.n	10003fcc <_vsnprintf+0x68c>
10004390:	9b0c      	ldr	r3, [sp, #48]	@ 0x30
10004392:	681b      	ldr	r3, [r3, #0]
10004394:	0fda      	lsrs	r2, r3, #31
10004396:	0011      	movs	r1, r2
10004398:	2b00      	cmp	r3, #0
1000439a:	d100      	bne.n	1000439e <_vsnprintf+0xa5e>
1000439c:	e08c      	b.n	100044b8 <_vsnprintf+0xb78>
1000439e:	17da      	asrs	r2, r3, #31
100043a0:	1898      	adds	r0, r3, r2
100043a2:	4050      	eors	r0, r2
100043a4:	aa14      	add	r2, sp, #80	@ 0x50
100043a6:	4691      	mov	r9, r2
100043a8:	4642      	mov	r2, r8
100043aa:	231f      	movs	r3, #31
100043ac:	9214      	str	r2, [sp, #80]	@ 0x50
100043ae:	4652      	mov	r2, sl
100043b0:	444b      	add	r3, r9
100043b2:	46a0      	mov	r8, r4
100043b4:	46a9      	mov	r9, r5
100043b6:	9716      	str	r7, [sp, #88]	@ 0x58
100043b8:	0004      	movs	r4, r0
100043ba:	4665      	mov	r5, ip
100043bc:	46b2      	mov	sl, r6
100043be:	001f      	movs	r7, r3
100043c0:	910c      	str	r1, [sp, #48]	@ 0x30
100043c2:	9215      	str	r2, [sp, #84]	@ 0x54
100043c4:	e001      	b.n	100043ca <_vsnprintf+0xa8a>
100043c6:	2d20      	cmp	r5, #32
100043c8:	d00f      	beq.n	100043ea <_vsnprintf+0xaaa>
100043ca:	0020      	movs	r0, r4
100043cc:	210a      	movs	r1, #10
100043ce:	f7fd fd17 	bl	10001e00 <__wrap___aeabi_uidiv>
100043d2:	3501      	adds	r5, #1
100043d4:	197e      	adds	r6, r7, r5
100043d6:	3130      	adds	r1, #48	@ 0x30
100043d8:	7031      	strb	r1, [r6, #0]
100043da:	0020      	movs	r0, r4
100043dc:	210a      	movs	r1, #10
100043de:	f7fd fd0f 	bl	10001e00 <__wrap___aeabi_uidiv>
100043e2:	0026      	movs	r6, r4
100043e4:	0004      	movs	r4, r0
100043e6:	2e09      	cmp	r6, #9
100043e8:	d8ed      	bhi.n	100043c6 <_vsnprintf+0xa86>
100043ea:	9b14      	ldr	r3, [sp, #80]	@ 0x50
100043ec:	4644      	mov	r4, r8
100043ee:	4698      	mov	r8, r3
100043f0:	9b0c      	ldr	r3, [sp, #48]	@ 0x30
100043f2:	46ac      	mov	ip, r5
100043f4:	0019      	movs	r1, r3
100043f6:	9b15      	ldr	r3, [sp, #84]	@ 0x54
100043f8:	4656      	mov	r6, sl
100043fa:	464d      	mov	r5, r9
100043fc:	469a      	mov	sl, r3
100043fe:	9f16      	ldr	r7, [sp, #88]	@ 0x58
10004400:	9b0d      	ldr	r3, [sp, #52]	@ 0x34
10004402:	9102      	str	r1, [sp, #8]
10004404:	9306      	str	r3, [sp, #24]
10004406:	4643      	mov	r3, r8
10004408:	9305      	str	r3, [sp, #20]
1000440a:	4653      	mov	r3, sl
1000440c:	9304      	str	r3, [sp, #16]
1000440e:	230a      	movs	r3, #10
10004410:	9303      	str	r3, [sp, #12]
10004412:	4663      	mov	r3, ip
10004414:	e63c      	b.n	10004090 <_vsnprintf+0x750>
10004416:	2800      	cmp	r0, #0
10004418:	d000      	beq.n	1000441c <_vsnprintf+0xadc>
1000441a:	e62e      	b.n	1000407a <_vsnprintf+0x73a>
1000441c:	e602      	b.n	10004024 <_vsnprintf+0x6e4>
1000441e:	9b0c      	ldr	r3, [sp, #48]	@ 0x30
10004420:	681b      	ldr	r3, [r3, #0]
10004422:	4699      	mov	r9, r3
10004424:	2b00      	cmp	r3, #0
10004426:	d103      	bne.n	10004430 <_vsnprintf+0xaf0>
10004428:	3310      	adds	r3, #16
1000442a:	4398      	bics	r0, r3
1000442c:	2900      	cmp	r1, #0
1000442e:	d138      	bne.n	100044a2 <_vsnprintf+0xb62>
10004430:	2361      	movs	r3, #97	@ 0x61
10004432:	0682      	lsls	r2, r0, #26
10004434:	d500      	bpl.n	10004438 <_vsnprintf+0xaf8>
10004436:	2341      	movs	r3, #65	@ 0x41
10004438:	b2db      	uxtb	r3, r3
1000443a:	3b0a      	subs	r3, #10
1000443c:	930c      	str	r3, [sp, #48]	@ 0x30
1000443e:	4643      	mov	r3, r8
10004440:	9316      	str	r3, [sp, #88]	@ 0x58
10004442:	4653      	mov	r3, sl
10004444:	a914      	add	r1, sp, #80	@ 0x50
10004446:	221f      	movs	r2, #31
10004448:	468c      	mov	ip, r1
1000444a:	9317      	str	r3, [sp, #92]	@ 0x5c
1000444c:	002b      	movs	r3, r5
1000444e:	4462      	add	r2, ip
10004450:	46a0      	mov	r8, r4
10004452:	464d      	mov	r5, r9
10004454:	46b2      	mov	sl, r6
10004456:	9718      	str	r7, [sp, #96]	@ 0x60
10004458:	4699      	mov	r9, r3
1000445a:	0017      	movs	r7, r2
1000445c:	9c14      	ldr	r4, [sp, #80]	@ 0x50
1000445e:	9e0d      	ldr	r6, [sp, #52]	@ 0x34
10004460:	9015      	str	r0, [sp, #84]	@ 0x54
10004462:	e008      	b.n	10004476 <_vsnprintf+0xb36>
10004464:	3330      	adds	r3, #48	@ 0x30
10004466:	b2db      	uxtb	r3, r3
10004468:	3401      	adds	r4, #1
1000446a:	553b      	strb	r3, [r7, r4]
1000446c:	42b5      	cmp	r5, r6
1000446e:	d30e      	bcc.n	1000448e <_vsnprintf+0xb4e>
10004470:	2c20      	cmp	r4, #32
10004472:	d00c      	beq.n	1000448e <_vsnprintf+0xb4e>
10004474:	0005      	movs	r5, r0
10004476:	0031      	movs	r1, r6
10004478:	0028      	movs	r0, r5
1000447a:	f7fd fcc1 	bl	10001e00 <__wrap___aeabi_uidiv>
1000447e:	b2cb      	uxtb	r3, r1
10004480:	2909      	cmp	r1, #9
10004482:	d9ef      	bls.n	10004464 <_vsnprintf+0xb24>
10004484:	9a0c      	ldr	r2, [sp, #48]	@ 0x30
10004486:	4694      	mov	ip, r2
10004488:	4463      	add	r3, ip
1000448a:	b2db      	uxtb	r3, r3
1000448c:	e7ec      	b.n	10004468 <_vsnprintf+0xb28>
1000448e:	9b16      	ldr	r3, [sp, #88]	@ 0x58
10004490:	9414      	str	r4, [sp, #80]	@ 0x50
10004492:	4644      	mov	r4, r8
10004494:	4698      	mov	r8, r3
10004496:	9b17      	ldr	r3, [sp, #92]	@ 0x5c
10004498:	4656      	mov	r6, sl
1000449a:	464d      	mov	r5, r9
1000449c:	469a      	mov	sl, r3
1000449e:	9815      	ldr	r0, [sp, #84]	@ 0x54
100044a0:	9f18      	ldr	r7, [sp, #96]	@ 0x60
100044a2:	4643      	mov	r3, r8
100044a4:	9305      	str	r3, [sp, #20]
100044a6:	4653      	mov	r3, sl
100044a8:	9304      	str	r3, [sp, #16]
100044aa:	9b0d      	ldr	r3, [sp, #52]	@ 0x34
100044ac:	9006      	str	r0, [sp, #24]
100044ae:	9303      	str	r3, [sp, #12]
100044b0:	2300      	movs	r3, #0
100044b2:	9302      	str	r3, [sp, #8]
100044b4:	9b14      	ldr	r3, [sp, #80]	@ 0x50
100044b6:	e5eb      	b.n	10004090 <_vsnprintf+0x750>
100044b8:	2800      	cmp	r0, #0
100044ba:	d1a1      	bne.n	10004400 <_vsnprintf+0xac0>
100044bc:	e772      	b.n	100043a4 <_vsnprintf+0xa64>
100044be:	9b0c      	ldr	r3, [sp, #48]	@ 0x30
100044c0:	681b      	ldr	r3, [r3, #0]
100044c2:	17d9      	asrs	r1, r3, #31
100044c4:	185a      	adds	r2, r3, r1
100044c6:	404a      	eors	r2, r1
100044c8:	e5a6      	b.n	10004018 <_vsnprintf+0x6d8>
100044ca:	2380      	movs	r3, #128	@ 0x80
100044cc:	0010      	movs	r0, r2
100044ce:	00db      	lsls	r3, r3, #3
100044d0:	4018      	ands	r0, r3
100044d2:	469c      	mov	ip, r3
100044d4:	900f      	str	r0, [sp, #60]	@ 0x3c
100044d6:	421a      	tst	r2, r3
100044d8:	d00f      	beq.n	100044fa <_vsnprintf+0xbba>
100044da:	2002      	movs	r0, #2
100044dc:	0003      	movs	r3, r0
100044de:	4013      	ands	r3, r2
100044e0:	930f      	str	r3, [sp, #60]	@ 0x3c
100044e2:	4210      	tst	r0, r2
100044e4:	d019      	beq.n	1000451a <_vsnprintf+0xbda>
100044e6:	2300      	movs	r3, #0
100044e8:	46a1      	mov	r9, r4
100044ea:	930f      	str	r3, [sp, #60]	@ 0x3c
100044ec:	e54c      	b.n	10003f88 <_vsnprintf+0x648>
100044ee:	9b0c      	ldr	r3, [sp, #48]	@ 0x30
100044f0:	681b      	ldr	r3, [r3, #0]
100044f2:	9309      	str	r3, [sp, #36]	@ 0x24
100044f4:	e4e4      	b.n	10003ec0 <_vsnprintf+0x580>
100044f6:	000a      	movs	r2, r1
100044f8:	e434      	b.n	10003d64 <_vsnprintf+0x424>
100044fa:	2302      	movs	r3, #2
100044fc:	0018      	movs	r0, r3
100044fe:	4010      	ands	r0, r2
10004500:	900d      	str	r0, [sp, #52]	@ 0x34
10004502:	4213      	tst	r3, r2
10004504:	d000      	beq.n	10004508 <_vsnprintf+0xbc8>
10004506:	e53e      	b.n	10003f86 <_vsnprintf+0x646>
10004508:	4643      	mov	r3, r8
1000450a:	2b00      	cmp	r3, #0
1000450c:	d000      	beq.n	10004510 <_vsnprintf+0xbd0>
1000450e:	e642      	b.n	10004196 <_vsnprintf+0x856>
10004510:	f7ff fb71 	bl	10003bf6 <_vsnprintf+0x2b6>
10004514:	3301      	adds	r3, #1
10004516:	930f      	str	r3, [sp, #60]	@ 0x3c
10004518:	e47f      	b.n	10003e1a <_vsnprintf+0x4da>
1000451a:	4663      	mov	r3, ip
1000451c:	930d      	str	r3, [sp, #52]	@ 0x34
1000451e:	e7f3      	b.n	10004508 <_vsnprintf+0xbc8>

10004520 <__wrap_snprintf>:
10004520:	b40c      	push	{r2, r3}
10004522:	b530      	push	{r4, r5, lr}
10004524:	b085      	sub	sp, #20
10004526:	ac08      	add	r4, sp, #32
10004528:	cc08      	ldmia	r4!, {r3}
1000452a:	4d06      	ldr	r5, [pc, #24]	@ (10004544 <__wrap_snprintf+0x24>)
1000452c:	000a      	movs	r2, r1
1000452e:	9400      	str	r4, [sp, #0]
10004530:	0001      	movs	r1, r0
10004532:	0028      	movs	r0, r5
10004534:	9403      	str	r4, [sp, #12]
10004536:	f7ff fa03 	bl	10003940 <_vsnprintf>
1000453a:	b005      	add	sp, #20
1000453c:	bc30      	pop	{r4, r5}
1000453e:	bc08      	pop	{r3}
10004540:	b002      	add	sp, #8
10004542:	4718      	bx	r3
10004544:	10002c89 	.word	0x10002c89

10004548 <weak_raw_vprintf>:
10004548:	b510      	push	{r4, lr}
1000454a:	4a09      	ldr	r2, [pc, #36]	@ (10004570 <weak_raw_vprintf+0x28>)
1000454c:	0003      	movs	r3, r0
1000454e:	6814      	ldr	r4, [r2, #0]
10004550:	b084      	sub	sp, #16
10004552:	2c00      	cmp	r4, #0
10004554:	d008      	beq.n	10004568 <weak_raw_vprintf+0x20>
10004556:	2201      	movs	r2, #1
10004558:	9100      	str	r1, [sp, #0]
1000455a:	4806      	ldr	r0, [pc, #24]	@ (10004574 <weak_raw_vprintf+0x2c>)
1000455c:	4252      	negs	r2, r2
1000455e:	a903      	add	r1, sp, #12
10004560:	47a0      	blx	r4
10004562:	2001      	movs	r0, #1
10004564:	b004      	add	sp, #16
10004566:	bd10      	pop	{r4, pc}
10004568:	f000 f982 	bl	10004870 <__wrap_puts>
1000456c:	2000      	movs	r0, #0
1000456e:	e7f9      	b.n	10004564 <weak_raw_vprintf+0x1c>
10004570:	20000d00 	.word	0x20000d00
10004574:	10002f0d 	.word	0x10002f0d

10004578 <_exit>:
10004578:	be00      	bkpt	0x0000
1000457a:	e7fd      	b.n	10004578 <_exit>

1000457c <_sbrk>:
1000457c:	4a09      	ldr	r2, [pc, #36]	@ (100045a4 <_sbrk+0x28>)
1000457e:	0003      	movs	r3, r0
10004580:	6810      	ldr	r0, [r2, #0]
10004582:	2800      	cmp	r0, #0
10004584:	d005      	beq.n	10004592 <_sbrk+0x16>
10004586:	4908      	ldr	r1, [pc, #32]	@ (100045a8 <_sbrk+0x2c>)
10004588:	18c3      	adds	r3, r0, r3
1000458a:	428b      	cmp	r3, r1
1000458c:	d807      	bhi.n	1000459e <_sbrk+0x22>
1000458e:	6013      	str	r3, [r2, #0]
10004590:	4770      	bx	lr
10004592:	4806      	ldr	r0, [pc, #24]	@ (100045ac <_sbrk+0x30>)
10004594:	4904      	ldr	r1, [pc, #16]	@ (100045a8 <_sbrk+0x2c>)
10004596:	18c3      	adds	r3, r0, r3
10004598:	6010      	str	r0, [r2, #0]
1000459a:	428b      	cmp	r3, r1
1000459c:	d9f7      	bls.n	1000458e <_sbrk+0x12>
1000459e:	2001      	movs	r0, #1
100045a0:	4240      	negs	r0, r0
100045a2:	e7f5      	b.n	10004590 <_sbrk+0x14>
100045a4:	20000cfc 	.word	0x20000cfc
100045a8:	20040000 	.word	0x20040000
100045ac:	20000d48 	.word	0x20000d48

100045b0 <exit>:
100045b0:	b510      	push	{r4, lr}
100045b2:	f7ff ffe1 	bl	10004578 <_exit>
100045b6:	46c0      	nop			@ (mov r8, r8)

100045b8 <runtime_init>:
100045b8:	b570      	push	{r4, r5, r6, lr}
100045ba:	f7fd fb21 	bl	10001c00 <runtime_run_initializers>
100045be:	4d07      	ldr	r5, [pc, #28]	@ (100045dc <runtime_init+0x24>)
100045c0:	4e07      	ldr	r6, [pc, #28]	@ (100045e0 <runtime_init+0x28>)
100045c2:	42b5      	cmp	r5, r6
100045c4:	d209      	bcs.n	100045da <runtime_init+0x22>
100045c6:	2400      	movs	r4, #0
100045c8:	3e01      	subs	r6, #1
100045ca:	1b76      	subs	r6, r6, r5
100045cc:	08b6      	lsrs	r6, r6, #2
100045ce:	cd08      	ldmia	r5!, {r3}
100045d0:	4798      	blx	r3
100045d2:	0023      	movs	r3, r4
100045d4:	3401      	adds	r4, #1
100045d6:	42b3      	cmp	r3, r6
100045d8:	d1f9      	bne.n	100045ce <runtime_init+0x16>
100045da:	bd70      	pop	{r4, r5, r6, pc}
100045dc:	1000576c 	.word	0x1000576c
100045e0:	10005770 	.word	0x10005770

100045e4 <stdio_out_chars_no_crlf>:
100045e4:	0003      	movs	r3, r0
100045e6:	b510      	push	{r4, lr}
100045e8:	0008      	movs	r0, r1
100045ea:	0011      	movs	r1, r2
100045ec:	681b      	ldr	r3, [r3, #0]
100045ee:	4798      	blx	r3
100045f0:	bd10      	pop	{r4, pc}
100045f2:	46c0      	nop			@ (mov r8, r8)

100045f4 <stdio_out_chars_crlf>:
100045f4:	b5f0      	push	{r4, r5, r6, r7, lr}
100045f6:	46c6      	mov	lr, r8
100045f8:	b500      	push	{lr}
100045fa:	7d43      	ldrb	r3, [r0, #21]
100045fc:	0007      	movs	r7, r0
100045fe:	000c      	movs	r4, r1
10004600:	0016      	movs	r6, r2
10004602:	2b00      	cmp	r3, #0
10004604:	d046      	beq.n	10004694 <stdio_out_chars_crlf+0xa0>
10004606:	2a00      	cmp	r2, #0
10004608:	dd17      	ble.n	1000463a <stdio_out_chars_crlf+0x46>
1000460a:	780b      	ldrb	r3, [r1, #0]
1000460c:	2b0a      	cmp	r3, #10
1000460e:	d024      	beq.n	1000465a <stdio_out_chars_crlf+0x66>
10004610:	2300      	movs	r3, #0
10004612:	4698      	mov	r8, r3
10004614:	2e01      	cmp	r6, #1
10004616:	d013      	beq.n	10004640 <stdio_out_chars_crlf+0x4c>
10004618:	2501      	movs	r5, #1
1000461a:	0029      	movs	r1, r5
1000461c:	5c63      	ldrb	r3, [r4, r1]
1000461e:	3501      	adds	r5, #1
10004620:	2b0a      	cmp	r3, #10
10004622:	d026      	beq.n	10004672 <stdio_out_chars_crlf+0x7e>
10004624:	42b5      	cmp	r5, r6
10004626:	d1f8      	bne.n	1000461a <stdio_out_chars_crlf+0x26>
10004628:	4546      	cmp	r6, r8
1000462a:	dc09      	bgt.n	10004640 <stdio_out_chars_crlf+0x4c>
1000462c:	19a4      	adds	r4, r4, r6
1000462e:	3c01      	subs	r4, #1
10004630:	7823      	ldrb	r3, [r4, #0]
10004632:	3b0d      	subs	r3, #13
10004634:	425a      	negs	r2, r3
10004636:	4153      	adcs	r3, r2
10004638:	753b      	strb	r3, [r7, #20]
1000463a:	bc80      	pop	{r7}
1000463c:	46b8      	mov	r8, r7
1000463e:	bdf0      	pop	{r4, r5, r6, r7, pc}
10004640:	4643      	mov	r3, r8
10004642:	18e0      	adds	r0, r4, r3
10004644:	19a4      	adds	r4, r4, r6
10004646:	1af1      	subs	r1, r6, r3
10004648:	3c01      	subs	r4, #1
1000464a:	683b      	ldr	r3, [r7, #0]
1000464c:	4798      	blx	r3
1000464e:	7823      	ldrb	r3, [r4, #0]
10004650:	3b0d      	subs	r3, #13
10004652:	425a      	negs	r2, r3
10004654:	4153      	adcs	r3, r2
10004656:	753b      	strb	r3, [r7, #20]
10004658:	e7ef      	b.n	1000463a <stdio_out_chars_crlf+0x46>
1000465a:	7d03      	ldrb	r3, [r0, #20]
1000465c:	2b00      	cmp	r3, #0
1000465e:	d1d7      	bne.n	10004610 <stdio_out_chars_crlf+0x1c>
10004660:	2102      	movs	r1, #2
10004662:	480f      	ldr	r0, [pc, #60]	@ (100046a0 <stdio_out_chars_crlf+0xac>)
10004664:	683b      	ldr	r3, [r7, #0]
10004666:	4798      	blx	r3
10004668:	2e01      	cmp	r6, #1
1000466a:	d0df      	beq.n	1000462c <stdio_out_chars_crlf+0x38>
1000466c:	2301      	movs	r3, #1
1000466e:	4698      	mov	r8, r3
10004670:	e7d2      	b.n	10004618 <stdio_out_chars_crlf+0x24>
10004672:	1e63      	subs	r3, r4, #1
10004674:	5c5b      	ldrb	r3, [r3, r1]
10004676:	2b0d      	cmp	r3, #13
10004678:	d0d4      	beq.n	10004624 <stdio_out_chars_crlf+0x30>
1000467a:	4588      	cmp	r8, r1
1000467c:	da04      	bge.n	10004688 <stdio_out_chars_crlf+0x94>
1000467e:	4643      	mov	r3, r8
10004680:	1ac9      	subs	r1, r1, r3
10004682:	18e0      	adds	r0, r4, r3
10004684:	683b      	ldr	r3, [r7, #0]
10004686:	4798      	blx	r3
10004688:	2102      	movs	r1, #2
1000468a:	4805      	ldr	r0, [pc, #20]	@ (100046a0 <stdio_out_chars_crlf+0xac>)
1000468c:	683b      	ldr	r3, [r7, #0]
1000468e:	46a8      	mov	r8, r5
10004690:	4798      	blx	r3
10004692:	e7c7      	b.n	10004624 <stdio_out_chars_crlf+0x30>
10004694:	6803      	ldr	r3, [r0, #0]
10004696:	0011      	movs	r1, r2
10004698:	0020      	movs	r0, r4
1000469a:	4798      	blx	r3
1000469c:	e7cd      	b.n	1000463a <stdio_out_chars_crlf+0x46>
1000469e:	46c0      	nop			@ (mov r8, r8)
100046a0:	10005ca0 	.word	0x10005ca0

100046a4 <stdio_put_string>:
100046a4:	b5f0      	push	{r4, r5, r6, r7, lr}
100046a6:	4645      	mov	r5, r8
100046a8:	46de      	mov	lr, fp
100046aa:	464e      	mov	r6, r9
100046ac:	4657      	mov	r7, sl
100046ae:	b5e0      	push	{r5, r6, r7, lr}
100046b0:	b083      	sub	sp, #12
100046b2:	4691      	mov	r9, r2
100046b4:	001c      	movs	r4, r3
100046b6:	4680      	mov	r8, r0
100046b8:	000d      	movs	r5, r1
100046ba:	f7fd f827 	bl	1000170c <time_us_64>
100046be:	2300      	movs	r3, #0
100046c0:	4a30      	ldr	r2, [pc, #192]	@ (10004784 <stdio_put_string+0xe0>)
100046c2:	1812      	adds	r2, r2, r0
100046c4:	414b      	adcs	r3, r1
100046c6:	2b00      	cmp	r3, #0
100046c8:	da02      	bge.n	100046d0 <stdio_put_string+0x2c>
100046ca:	2201      	movs	r2, #1
100046cc:	4b2e      	ldr	r3, [pc, #184]	@ (10004788 <stdio_put_string+0xe4>)
100046ce:	4252      	negs	r2, r2
100046d0:	492e      	ldr	r1, [pc, #184]	@ (1000478c <stdio_put_string+0xe8>)
100046d2:	0008      	movs	r0, r1
100046d4:	468a      	mov	sl, r1
100046d6:	f001 f823 	bl	10005720 <__mutex_try_enter_block_until_veneer>
100046da:	0007      	movs	r7, r0
100046dc:	1c6b      	adds	r3, r5, #1
100046de:	d103      	bne.n	100046e8 <stdio_put_string+0x44>
100046e0:	4640      	mov	r0, r8
100046e2:	f000 fe83 	bl	100053ec <strlen>
100046e6:	0005      	movs	r5, r0
100046e8:	2c00      	cmp	r4, #0
100046ea:	d027      	beq.n	1000473c <stdio_put_string+0x98>
100046ec:	4e28      	ldr	r6, [pc, #160]	@ (10004790 <stdio_put_string+0xec>)
100046ee:	4b29      	ldr	r3, [pc, #164]	@ (10004794 <stdio_put_string+0xf0>)
100046f0:	681c      	ldr	r4, [r3, #0]
100046f2:	2c00      	cmp	r4, #0
100046f4:	d018      	beq.n	10004728 <stdio_put_string+0x84>
100046f6:	464b      	mov	r3, r9
100046f8:	2b00      	cmp	r3, #0
100046fa:	d121      	bne.n	10004740 <stdio_put_string+0x9c>
100046fc:	4b26      	ldr	r3, [pc, #152]	@ (10004798 <stdio_put_string+0xf4>)
100046fe:	4699      	mov	r9, r3
10004700:	e002      	b.n	10004708 <stdio_put_string+0x64>
10004702:	6924      	ldr	r4, [r4, #16]
10004704:	2c00      	cmp	r4, #0
10004706:	d00f      	beq.n	10004728 <stdio_put_string+0x84>
10004708:	6823      	ldr	r3, [r4, #0]
1000470a:	2b00      	cmp	r3, #0
1000470c:	d0f9      	beq.n	10004702 <stdio_put_string+0x5e>
1000470e:	464b      	mov	r3, r9
10004710:	681b      	ldr	r3, [r3, #0]
10004712:	2b00      	cmp	r3, #0
10004714:	d001      	beq.n	1000471a <stdio_put_string+0x76>
10004716:	429c      	cmp	r4, r3
10004718:	d1f3      	bne.n	10004702 <stdio_put_string+0x5e>
1000471a:	0020      	movs	r0, r4
1000471c:	002a      	movs	r2, r5
1000471e:	4641      	mov	r1, r8
10004720:	47b0      	blx	r6
10004722:	6924      	ldr	r4, [r4, #16]
10004724:	2c00      	cmp	r4, #0
10004726:	d1ef      	bne.n	10004708 <stdio_put_string+0x64>
10004728:	2f00      	cmp	r7, #0
1000472a:	d126      	bne.n	1000477a <stdio_put_string+0xd6>
1000472c:	0028      	movs	r0, r5
1000472e:	b003      	add	sp, #12
10004730:	bcf0      	pop	{r4, r5, r6, r7}
10004732:	46bb      	mov	fp, r7
10004734:	46b2      	mov	sl, r6
10004736:	46a9      	mov	r9, r5
10004738:	46a0      	mov	r8, r4
1000473a:	bdf0      	pop	{r4, r5, r6, r7, pc}
1000473c:	4e17      	ldr	r6, [pc, #92]	@ (1000479c <stdio_put_string+0xf8>)
1000473e:	e7d6      	b.n	100046ee <stdio_put_string+0x4a>
10004740:	4b15      	ldr	r3, [pc, #84]	@ (10004798 <stdio_put_string+0xf4>)
10004742:	4699      	mov	r9, r3
10004744:	230a      	movs	r3, #10
10004746:	469b      	mov	fp, r3
10004748:	e002      	b.n	10004750 <stdio_put_string+0xac>
1000474a:	6924      	ldr	r4, [r4, #16]
1000474c:	2c00      	cmp	r4, #0
1000474e:	d0eb      	beq.n	10004728 <stdio_put_string+0x84>
10004750:	6823      	ldr	r3, [r4, #0]
10004752:	2b00      	cmp	r3, #0
10004754:	d0f9      	beq.n	1000474a <stdio_put_string+0xa6>
10004756:	464b      	mov	r3, r9
10004758:	681b      	ldr	r3, [r3, #0]
1000475a:	2b00      	cmp	r3, #0
1000475c:	d001      	beq.n	10004762 <stdio_put_string+0xbe>
1000475e:	42a3      	cmp	r3, r4
10004760:	d1f3      	bne.n	1000474a <stdio_put_string+0xa6>
10004762:	002a      	movs	r2, r5
10004764:	4641      	mov	r1, r8
10004766:	0020      	movs	r0, r4
10004768:	47b0      	blx	r6
1000476a:	466b      	mov	r3, sp
1000476c:	465a      	mov	r2, fp
1000476e:	0020      	movs	r0, r4
10004770:	71da      	strb	r2, [r3, #7]
10004772:	1dd9      	adds	r1, r3, #7
10004774:	2201      	movs	r2, #1
10004776:	47b0      	blx	r6
10004778:	e7e7      	b.n	1000474a <stdio_put_string+0xa6>
1000477a:	4650      	mov	r0, sl
1000477c:	f000 ffb8 	bl	100056f0 <__mutex_exit_veneer>
10004780:	e7d4      	b.n	1000472c <stdio_put_string+0x88>
10004782:	46c0      	nop			@ (mov r8, r8)
10004784:	000f4240 	.word	0x000f4240
10004788:	7fffffff 	.word	0x7fffffff
1000478c:	20000798 	.word	0x20000798
10004790:	100045f5 	.word	0x100045f5
10004794:	20000cf0 	.word	0x20000cf0
10004798:	20000cf8 	.word	0x20000cf8
1000479c:	100045e5 	.word	0x100045e5

100047a0 <stdio_set_driver_enabled>:
100047a0:	4a0a      	ldr	r2, [pc, #40]	@ (100047cc <stdio_set_driver_enabled+0x2c>)
100047a2:	6813      	ldr	r3, [r2, #0]
100047a4:	2b00      	cmp	r3, #0
100047a6:	d105      	bne.n	100047b4 <stdio_set_driver_enabled+0x14>
100047a8:	e00c      	b.n	100047c4 <stdio_set_driver_enabled+0x24>
100047aa:	001a      	movs	r2, r3
100047ac:	691b      	ldr	r3, [r3, #16]
100047ae:	3210      	adds	r2, #16
100047b0:	2b00      	cmp	r3, #0
100047b2:	d007      	beq.n	100047c4 <stdio_set_driver_enabled+0x24>
100047b4:	4283      	cmp	r3, r0
100047b6:	d1f8      	bne.n	100047aa <stdio_set_driver_enabled+0xa>
100047b8:	2900      	cmp	r1, #0
100047ba:	d102      	bne.n	100047c2 <stdio_set_driver_enabled+0x22>
100047bc:	6918      	ldr	r0, [r3, #16]
100047be:	6010      	str	r0, [r2, #0]
100047c0:	6119      	str	r1, [r3, #16]
100047c2:	4770      	bx	lr
100047c4:	2900      	cmp	r1, #0
100047c6:	d0fc      	beq.n	100047c2 <stdio_set_driver_enabled+0x22>
100047c8:	6010      	str	r0, [r2, #0]
100047ca:	e7fa      	b.n	100047c2 <stdio_set_driver_enabled+0x22>
100047cc:	20000cf0 	.word	0x20000cf0

100047d0 <stdio_init_all>:
100047d0:	b510      	push	{r4, lr}
100047d2:	f000 f939 	bl	10004a48 <stdio_uart_init>
100047d6:	2001      	movs	r0, #1
100047d8:	bd10      	pop	{r4, pc}
100047da:	46c0      	nop			@ (mov r8, r8)

100047dc <__wrap_putchar>:
100047dc:	b5f0      	push	{r4, r5, r6, r7, lr}
100047de:	46ce      	mov	lr, r9
100047e0:	4647      	mov	r7, r8
100047e2:	b580      	push	{r7, lr}
100047e4:	b083      	sub	sp, #12
100047e6:	466b      	mov	r3, sp
100047e8:	0006      	movs	r6, r0
100047ea:	1ddd      	adds	r5, r3, #7
100047ec:	7028      	strb	r0, [r5, #0]
100047ee:	f7fc ff8d 	bl	1000170c <time_us_64>
100047f2:	2300      	movs	r3, #0
100047f4:	4a19      	ldr	r2, [pc, #100]	@ (1000485c <__wrap_putchar+0x80>)
100047f6:	1812      	adds	r2, r2, r0
100047f8:	414b      	adcs	r3, r1
100047fa:	2b00      	cmp	r3, #0
100047fc:	da02      	bge.n	10004804 <__wrap_putchar+0x28>
100047fe:	2201      	movs	r2, #1
10004800:	4b17      	ldr	r3, [pc, #92]	@ (10004860 <__wrap_putchar+0x84>)
10004802:	4252      	negs	r2, r2
10004804:	4917      	ldr	r1, [pc, #92]	@ (10004864 <__wrap_putchar+0x88>)
10004806:	0008      	movs	r0, r1
10004808:	4688      	mov	r8, r1
1000480a:	f000 ff89 	bl	10005720 <__mutex_try_enter_block_until_veneer>
1000480e:	4b16      	ldr	r3, [pc, #88]	@ (10004868 <__wrap_putchar+0x8c>)
10004810:	4681      	mov	r9, r0
10004812:	681c      	ldr	r4, [r3, #0]
10004814:	2c00      	cmp	r4, #0
10004816:	d014      	beq.n	10004842 <__wrap_putchar+0x66>
10004818:	4f14      	ldr	r7, [pc, #80]	@ (1000486c <__wrap_putchar+0x90>)
1000481a:	e002      	b.n	10004822 <__wrap_putchar+0x46>
1000481c:	6924      	ldr	r4, [r4, #16]
1000481e:	2c00      	cmp	r4, #0
10004820:	d00f      	beq.n	10004842 <__wrap_putchar+0x66>
10004822:	6823      	ldr	r3, [r4, #0]
10004824:	2b00      	cmp	r3, #0
10004826:	d0f9      	beq.n	1000481c <__wrap_putchar+0x40>
10004828:	683b      	ldr	r3, [r7, #0]
1000482a:	2b00      	cmp	r3, #0
1000482c:	d001      	beq.n	10004832 <__wrap_putchar+0x56>
1000482e:	429c      	cmp	r4, r3
10004830:	d1f4      	bne.n	1000481c <__wrap_putchar+0x40>
10004832:	0020      	movs	r0, r4
10004834:	2201      	movs	r2, #1
10004836:	0029      	movs	r1, r5
10004838:	f7ff fedc 	bl	100045f4 <stdio_out_chars_crlf>
1000483c:	6924      	ldr	r4, [r4, #16]
1000483e:	2c00      	cmp	r4, #0
10004840:	d1ef      	bne.n	10004822 <__wrap_putchar+0x46>
10004842:	464b      	mov	r3, r9
10004844:	2b00      	cmp	r3, #0
10004846:	d105      	bne.n	10004854 <__wrap_putchar+0x78>
10004848:	0030      	movs	r0, r6
1000484a:	b003      	add	sp, #12
1000484c:	bcc0      	pop	{r6, r7}
1000484e:	46b9      	mov	r9, r7
10004850:	46b0      	mov	r8, r6
10004852:	bdf0      	pop	{r4, r5, r6, r7, pc}
10004854:	4640      	mov	r0, r8
10004856:	f000 ff4b 	bl	100056f0 <__mutex_exit_veneer>
1000485a:	e7f5      	b.n	10004848 <__wrap_putchar+0x6c>
1000485c:	000f4240 	.word	0x000f4240
10004860:	7fffffff 	.word	0x7fffffff
10004864:	20000798 	.word	0x20000798
10004868:	20000cf0 	.word	0x20000cf0
1000486c:	20000cf8 	.word	0x20000cf8

10004870 <__wrap_puts>:
10004870:	b570      	push	{r4, r5, r6, lr}
10004872:	0004      	movs	r4, r0
10004874:	f000 fdba 	bl	100053ec <strlen>
10004878:	2301      	movs	r3, #1
1000487a:	0001      	movs	r1, r0
1000487c:	0005      	movs	r5, r0
1000487e:	2201      	movs	r2, #1
10004880:	0020      	movs	r0, r4
10004882:	f7ff ff0f 	bl	100046a4 <stdio_put_string>
10004886:	4b08      	ldr	r3, [pc, #32]	@ (100048a8 <__wrap_puts+0x38>)
10004888:	681c      	ldr	r4, [r3, #0]
1000488a:	2c00      	cmp	r4, #0
1000488c:	d006      	beq.n	1000489c <__wrap_puts+0x2c>
1000488e:	6863      	ldr	r3, [r4, #4]
10004890:	2b00      	cmp	r3, #0
10004892:	d005      	beq.n	100048a0 <__wrap_puts+0x30>
10004894:	4798      	blx	r3
10004896:	6924      	ldr	r4, [r4, #16]
10004898:	2c00      	cmp	r4, #0
1000489a:	d1f8      	bne.n	1000488e <__wrap_puts+0x1e>
1000489c:	0028      	movs	r0, r5
1000489e:	bd70      	pop	{r4, r5, r6, pc}
100048a0:	6924      	ldr	r4, [r4, #16]
100048a2:	2c00      	cmp	r4, #0
100048a4:	d1f3      	bne.n	1000488e <__wrap_puts+0x1e>
100048a6:	e7f9      	b.n	1000489c <__wrap_puts+0x2c>
100048a8:	20000cf0 	.word	0x20000cf0

100048ac <stdio_uart_out_chars>:
100048ac:	b5f0      	push	{r4, r5, r6, r7, lr}
100048ae:	2900      	cmp	r1, #0
100048b0:	dd15      	ble.n	100048de <stdio_uart_out_chars+0x32>
100048b2:	4b0e      	ldr	r3, [pc, #56]	@ (100048ec <stdio_uart_out_chars+0x40>)
100048b4:	270d      	movs	r7, #13
100048b6:	681a      	ldr	r2, [r3, #0]
100048b8:	4b0d      	ldr	r3, [pc, #52]	@ (100048f0 <stdio_uart_out_chars+0x44>)
100048ba:	4c0e      	ldr	r4, [pc, #56]	@ (100048f4 <stdio_uart_out_chars+0x48>)
100048bc:	18d3      	adds	r3, r2, r3
100048be:	425d      	negs	r5, r3
100048c0:	416b      	adcs	r3, r5
100048c2:	1845      	adds	r5, r0, r1
100048c4:	2120      	movs	r1, #32
100048c6:	005b      	lsls	r3, r3, #1
100048c8:	5f1e      	ldrsh	r6, [r3, r4]
100048ca:	7804      	ldrb	r4, [r0, #0]
100048cc:	42a6      	cmp	r6, r4
100048ce:	d007      	beq.n	100048e0 <stdio_uart_out_chars+0x34>
100048d0:	6993      	ldr	r3, [r2, #24]
100048d2:	4219      	tst	r1, r3
100048d4:	d1fc      	bne.n	100048d0 <stdio_uart_out_chars+0x24>
100048d6:	3001      	adds	r0, #1
100048d8:	6014      	str	r4, [r2, #0]
100048da:	42a8      	cmp	r0, r5
100048dc:	d1f5      	bne.n	100048ca <stdio_uart_out_chars+0x1e>
100048de:	bdf0      	pop	{r4, r5, r6, r7, pc}
100048e0:	6993      	ldr	r3, [r2, #24]
100048e2:	4219      	tst	r1, r3
100048e4:	d1fc      	bne.n	100048e0 <stdio_uart_out_chars+0x34>
100048e6:	6017      	str	r7, [r2, #0]
100048e8:	e7f2      	b.n	100048d0 <stdio_uart_out_chars+0x24>
100048ea:	46c0      	nop			@ (mov r8, r8)
100048ec:	20000d40 	.word	0x20000d40
100048f0:	bffc8000 	.word	0xbffc8000
100048f4:	20000d3c 	.word	0x20000d3c

100048f8 <stdio_uart_in_chars>:
100048f8:	4b20      	ldr	r3, [pc, #128]	@ (1000497c <stdio_uart_in_chars+0x84>)
100048fa:	b570      	push	{r4, r5, r6, lr}
100048fc:	0004      	movs	r4, r0
100048fe:	1e0d      	subs	r5, r1, #0
10004900:	681e      	ldr	r6, [r3, #0]
10004902:	dd2a      	ble.n	1000495a <stdio_uart_in_chars+0x62>
10004904:	2000      	movs	r0, #0
10004906:	2110      	movs	r1, #16
10004908:	4b1d      	ldr	r3, [pc, #116]	@ (10004980 <stdio_uart_in_chars+0x88>)
1000490a:	3c01      	subs	r4, #1
1000490c:	681a      	ldr	r2, [r3, #0]
1000490e:	6993      	ldr	r3, [r2, #24]
10004910:	4219      	tst	r1, r3
10004912:	d114      	bne.n	1000493e <stdio_uart_in_chars+0x46>
10004914:	3001      	adds	r0, #1
10004916:	6993      	ldr	r3, [r2, #24]
10004918:	4219      	tst	r1, r3
1000491a:	d1fc      	bne.n	10004916 <stdio_uart_in_chars+0x1e>
1000491c:	6813      	ldr	r3, [r2, #0]
1000491e:	5423      	strb	r3, [r4, r0]
10004920:	4285      	cmp	r5, r0
10004922:	d1f4      	bne.n	1000490e <stdio_uart_in_chars+0x16>
10004924:	2e00      	cmp	r6, #0
10004926:	d008      	beq.n	1000493a <stdio_uart_in_chars+0x42>
10004928:	2350      	movs	r3, #80	@ 0x50
1000492a:	6393      	str	r3, [r2, #56]	@ 0x38
1000492c:	6b51      	ldr	r1, [r2, #52]	@ 0x34
1000492e:	3b18      	subs	r3, #24
10004930:	400b      	ands	r3, r1
10004932:	4914      	ldr	r1, [pc, #80]	@ (10004984 <stdio_uart_in_chars+0x8c>)
10004934:	468c      	mov	ip, r1
10004936:	4462      	add	r2, ip
10004938:	6013      	str	r3, [r2, #0]
1000493a:	0028      	movs	r0, r5
1000493c:	bd70      	pop	{r4, r5, r6, pc}
1000493e:	2e00      	cmp	r6, #0
10004940:	d008      	beq.n	10004954 <stdio_uart_in_chars+0x5c>
10004942:	2350      	movs	r3, #80	@ 0x50
10004944:	6393      	str	r3, [r2, #56]	@ 0x38
10004946:	6b51      	ldr	r1, [r2, #52]	@ 0x34
10004948:	3b18      	subs	r3, #24
1000494a:	400b      	ands	r3, r1
1000494c:	490d      	ldr	r1, [pc, #52]	@ (10004984 <stdio_uart_in_chars+0x8c>)
1000494e:	468c      	mov	ip, r1
10004950:	4462      	add	r2, ip
10004952:	6013      	str	r3, [r2, #0]
10004954:	2800      	cmp	r0, #0
10004956:	d1f1      	bne.n	1000493c <stdio_uart_in_chars+0x44>
10004958:	e00c      	b.n	10004974 <stdio_uart_in_chars+0x7c>
1000495a:	2e00      	cmp	r6, #0
1000495c:	d00a      	beq.n	10004974 <stdio_uart_in_chars+0x7c>
1000495e:	2250      	movs	r2, #80	@ 0x50
10004960:	4b07      	ldr	r3, [pc, #28]	@ (10004980 <stdio_uart_in_chars+0x88>)
10004962:	681b      	ldr	r3, [r3, #0]
10004964:	639a      	str	r2, [r3, #56]	@ 0x38
10004966:	6b59      	ldr	r1, [r3, #52]	@ 0x34
10004968:	3a18      	subs	r2, #24
1000496a:	400a      	ands	r2, r1
1000496c:	4905      	ldr	r1, [pc, #20]	@ (10004984 <stdio_uart_in_chars+0x8c>)
1000496e:	468c      	mov	ip, r1
10004970:	4463      	add	r3, ip
10004972:	601a      	str	r2, [r3, #0]
10004974:	2003      	movs	r0, #3
10004976:	4240      	negs	r0, r0
10004978:	e7e0      	b.n	1000493c <stdio_uart_in_chars+0x44>
1000497a:	46c0      	nop			@ (mov r8, r8)
1000497c:	20000cb0 	.word	0x20000cb0
10004980:	20000d40 	.word	0x20000d40
10004984:	00001034 	.word	0x00001034

10004988 <on_uart_rx>:
10004988:	4b06      	ldr	r3, [pc, #24]	@ (100049a4 <on_uart_rx+0x1c>)
1000498a:	b510      	push	{r4, lr}
1000498c:	681b      	ldr	r3, [r3, #0]
1000498e:	2b00      	cmp	r3, #0
10004990:	d006      	beq.n	100049a0 <on_uart_rx+0x18>
10004992:	2100      	movs	r1, #0
10004994:	4a04      	ldr	r2, [pc, #16]	@ (100049a8 <on_uart_rx+0x20>)
10004996:	6812      	ldr	r2, [r2, #0]
10004998:	6391      	str	r1, [r2, #56]	@ 0x38
1000499a:	4a04      	ldr	r2, [pc, #16]	@ (100049ac <on_uart_rx+0x24>)
1000499c:	6810      	ldr	r0, [r2, #0]
1000499e:	4798      	blx	r3
100049a0:	bd10      	pop	{r4, pc}
100049a2:	46c0      	nop			@ (mov r8, r8)
100049a4:	20000cb0 	.word	0x20000cb0
100049a8:	20000d40 	.word	0x20000d40
100049ac:	20000cb4 	.word	0x20000cb4

100049b0 <stdio_uart_out_flush>:
100049b0:	2208      	movs	r2, #8
100049b2:	4b03      	ldr	r3, [pc, #12]	@ (100049c0 <stdio_uart_out_flush+0x10>)
100049b4:	6819      	ldr	r1, [r3, #0]
100049b6:	698b      	ldr	r3, [r1, #24]
100049b8:	421a      	tst	r2, r3
100049ba:	d1fc      	bne.n	100049b6 <stdio_uart_out_flush+0x6>
100049bc:	4770      	bx	lr
100049be:	46c0      	nop			@ (mov r8, r8)
100049c0:	20000d40 	.word	0x20000d40

100049c4 <stdio_uart_set_chars_available_callback>:
100049c4:	b5f8      	push	{r3, r4, r5, r6, r7, lr}
100049c6:	4f1a      	ldr	r7, [pc, #104]	@ (10004a30 <stdio_uart_set_chars_available_callback+0x6c>)
100049c8:	4b1a      	ldr	r3, [pc, #104]	@ (10004a34 <stdio_uart_set_chars_available_callback+0x70>)
100049ca:	683a      	ldr	r2, [r7, #0]
100049cc:	0005      	movs	r5, r0
100049ce:	18d3      	adds	r3, r2, r3
100049d0:	4258      	negs	r0, r3
100049d2:	4143      	adcs	r3, r0
100049d4:	4e18      	ldr	r6, [pc, #96]	@ (10004a38 <stdio_uart_set_chars_available_callback+0x74>)
100049d6:	3314      	adds	r3, #20
100049d8:	001c      	movs	r4, r3
100049da:	6833      	ldr	r3, [r6, #0]
100049dc:	2d00      	cmp	r5, #0
100049de:	d002      	beq.n	100049e6 <stdio_uart_set_chars_available_callback+0x22>
100049e0:	2b00      	cmp	r3, #0
100049e2:	d00f      	beq.n	10004a04 <stdio_uart_set_chars_available_callback+0x40>
100049e4:	bdf8      	pop	{r3, r4, r5, r6, r7, pc}
100049e6:	2b00      	cmp	r3, #0
100049e8:	d0fc      	beq.n	100049e4 <stdio_uart_set_chars_available_callback+0x20>
100049ea:	2100      	movs	r1, #0
100049ec:	0020      	movs	r0, r4
100049ee:	6395      	str	r5, [r2, #56]	@ 0x38
100049f0:	f7fc f92e 	bl	10000c50 <irq_set_enabled>
100049f4:	0020      	movs	r0, r4
100049f6:	4911      	ldr	r1, [pc, #68]	@ (10004a3c <stdio_uart_set_chars_available_callback+0x78>)
100049f8:	f7fc f966 	bl	10000cc8 <irq_remove_handler>
100049fc:	4b10      	ldr	r3, [pc, #64]	@ (10004a40 <stdio_uart_set_chars_available_callback+0x7c>)
100049fe:	6035      	str	r5, [r6, #0]
10004a00:	601d      	str	r5, [r3, #0]
10004a02:	e7ef      	b.n	100049e4 <stdio_uart_set_chars_available_callback+0x20>
10004a04:	4b0e      	ldr	r3, [pc, #56]	@ (10004a40 <stdio_uart_set_chars_available_callback+0x7c>)
10004a06:	0020      	movs	r0, r4
10004a08:	6019      	str	r1, [r3, #0]
10004a0a:	490c      	ldr	r1, [pc, #48]	@ (10004a3c <stdio_uart_set_chars_available_callback+0x78>)
10004a0c:	6035      	str	r5, [r6, #0]
10004a0e:	f7fc f931 	bl	10000c74 <irq_set_exclusive_handler>
10004a12:	2101      	movs	r1, #1
10004a14:	0020      	movs	r0, r4
10004a16:	f7fc f91b 	bl	10000c50 <irq_set_enabled>
10004a1a:	2250      	movs	r2, #80	@ 0x50
10004a1c:	683b      	ldr	r3, [r7, #0]
10004a1e:	639a      	str	r2, [r3, #56]	@ 0x38
10004a20:	6b59      	ldr	r1, [r3, #52]	@ 0x34
10004a22:	3a18      	subs	r2, #24
10004a24:	400a      	ands	r2, r1
10004a26:	4907      	ldr	r1, [pc, #28]	@ (10004a44 <stdio_uart_set_chars_available_callback+0x80>)
10004a28:	468c      	mov	ip, r1
10004a2a:	4463      	add	r3, ip
10004a2c:	601a      	str	r2, [r3, #0]
10004a2e:	e7d9      	b.n	100049e4 <stdio_uart_set_chars_available_callback+0x20>
10004a30:	20000d40 	.word	0x20000d40
10004a34:	bffc8000 	.word	0xbffc8000
10004a38:	20000cb0 	.word	0x20000cb0
10004a3c:	10004989 	.word	0x10004989
10004a40:	20000cb4 	.word	0x20000cb4
10004a44:	00001034 	.word	0x00001034

10004a48 <stdio_uart_init>:
10004a48:	4b0d      	ldr	r3, [pc, #52]	@ (10004a80 <stdio_uart_init+0x38>)
10004a4a:	b510      	push	{r4, lr}
10004a4c:	781b      	ldrb	r3, [r3, #0]
10004a4e:	4b0d      	ldr	r3, [pc, #52]	@ (10004a84 <stdio_uart_init+0x3c>)
10004a50:	4c0d      	ldr	r4, [pc, #52]	@ (10004a88 <stdio_uart_init+0x40>)
10004a52:	781b      	ldrb	r3, [r3, #0]
10004a54:	4b0d      	ldr	r3, [pc, #52]	@ (10004a8c <stdio_uart_init+0x44>)
10004a56:	2102      	movs	r1, #2
10004a58:	781b      	ldrb	r3, [r3, #0]
10004a5a:	4b0d      	ldr	r3, [pc, #52]	@ (10004a90 <stdio_uart_init+0x48>)
10004a5c:	2000      	movs	r0, #0
10004a5e:	6023      	str	r3, [r4, #0]
10004a60:	f7fc f82e 	bl	10000ac0 <gpio_set_function>
10004a64:	2102      	movs	r1, #2
10004a66:	2001      	movs	r0, #1
10004a68:	f7fc f82a 	bl	10000ac0 <gpio_set_function>
10004a6c:	21e1      	movs	r1, #225	@ 0xe1
10004a6e:	6820      	ldr	r0, [r4, #0]
10004a70:	0249      	lsls	r1, r1, #9
10004a72:	f7fc fe99 	bl	100017a8 <uart_init>
10004a76:	2101      	movs	r1, #1
10004a78:	4806      	ldr	r0, [pc, #24]	@ (10004a94 <stdio_uart_init+0x4c>)
10004a7a:	f7ff fe91 	bl	100047a0 <stdio_set_driver_enabled>
10004a7e:	bd10      	pop	{r4, pc}
10004a80:	10005ce4 	.word	0x10005ce4
10004a84:	10005ce0 	.word	0x10005ce0
10004a88:	20000d40 	.word	0x20000d40
10004a8c:	10005cdc 	.word	0x10005cdc
10004a90:	40034000 	.word	0x40034000
10004a94:	20000220 	.word	0x20000220

10004a98 <adc_init>:
10004a98:	2301      	movs	r3, #1
10004a9a:	2101      	movs	r1, #1
10004a9c:	4a08      	ldr	r2, [pc, #32]	@ (10004ac0 <adc_init+0x28>)
10004a9e:	6013      	str	r3, [r2, #0]
10004aa0:	4a08      	ldr	r2, [pc, #32]	@ (10004ac4 <adc_init+0x2c>)
10004aa2:	6013      	str	r3, [r2, #0]
10004aa4:	4a08      	ldr	r2, [pc, #32]	@ (10004ac8 <adc_init+0x30>)
10004aa6:	0008      	movs	r0, r1
10004aa8:	6813      	ldr	r3, [r2, #0]
10004aaa:	4398      	bics	r0, r3
10004aac:	d1fb      	bne.n	10004aa6 <adc_init+0xe>
10004aae:	4a07      	ldr	r2, [pc, #28]	@ (10004acc <adc_init+0x34>)
10004ab0:	6011      	str	r1, [r2, #0]
10004ab2:	2180      	movs	r1, #128	@ 0x80
10004ab4:	0049      	lsls	r1, r1, #1
10004ab6:	6813      	ldr	r3, [r2, #0]
10004ab8:	420b      	tst	r3, r1
10004aba:	d0fc      	beq.n	10004ab6 <adc_init+0x1e>
10004abc:	4770      	bx	lr
10004abe:	46c0      	nop			@ (mov r8, r8)
10004ac0:	4000e000 	.word	0x4000e000
10004ac4:	4000f000 	.word	0x4000f000
10004ac8:	4000c008 	.word	0x4000c008
10004acc:	4004c000 	.word	0x4004c000

10004ad0 <i2c_write_blocking_internal.constprop.0>:
10004ad0:	b5f0      	push	{r4, r5, r6, r7, lr}
10004ad2:	46de      	mov	lr, fp
10004ad4:	4657      	mov	r7, sl
10004ad6:	464e      	mov	r6, r9
10004ad8:	4645      	mov	r5, r8
10004ada:	4690      	mov	r8, r2
10004adc:	2200      	movs	r2, #0
10004ade:	b5e0      	push	{r5, r6, r7, lr}
10004ae0:	b085      	sub	sp, #20
10004ae2:	001e      	movs	r6, r3
10004ae4:	ab0e      	add	r3, sp, #56	@ 0x38
10004ae6:	781b      	ldrb	r3, [r3, #0]
10004ae8:	0007      	movs	r7, r0
10004aea:	469b      	mov	fp, r3
10004aec:	6803      	ldr	r3, [r0, #0]
10004aee:	66da      	str	r2, [r3, #108]	@ 0x6c
10004af0:	3201      	adds	r2, #1
10004af2:	6059      	str	r1, [r3, #4]
10004af4:	66da      	str	r2, [r3, #108]	@ 0x6c
10004af6:	2e00      	cmp	r6, #0
10004af8:	dd60      	ble.n	10004bbc <i2c_write_blocking_internal.constprop.0+0xec>
10004afa:	7902      	ldrb	r2, [r0, #4]
10004afc:	4659      	mov	r1, fp
10004afe:	0292      	lsls	r2, r2, #10
10004b00:	4692      	mov	sl, r2
10004b02:	2201      	movs	r2, #1
10004b04:	404a      	eors	r2, r1
10004b06:	0252      	lsls	r2, r2, #9
10004b08:	4694      	mov	ip, r2
10004b0a:	2280      	movs	r2, #128	@ 0x80
10004b0c:	4691      	mov	r9, r2
10004b0e:	465a      	mov	r2, fp
10004b10:	2480      	movs	r4, #128	@ 0x80
10004b12:	9203      	str	r2, [sp, #12]
10004b14:	4662      	mov	r2, ip
10004b16:	46bb      	mov	fp, r7
10004b18:	2000      	movs	r0, #0
10004b1a:	2110      	movs	r1, #16
10004b1c:	4647      	mov	r7, r8
10004b1e:	46b4      	mov	ip, r6
10004b20:	1e75      	subs	r5, r6, #1
10004b22:	00a4      	lsls	r4, r4, #2
10004b24:	9201      	str	r2, [sp, #4]
10004b26:	1b42      	subs	r2, r0, r5
10004b28:	0016      	movs	r6, r2
10004b2a:	4272      	negs	r2, r6
10004b2c:	4172      	adcs	r2, r6
10004b2e:	9e01      	ldr	r6, [sp, #4]
10004b30:	4252      	negs	r2, r2
10004b32:	4016      	ands	r6, r2
10004b34:	9602      	str	r6, [sp, #8]
10004b36:	5c3e      	ldrb	r6, [r7, r0]
10004b38:	46b0      	mov	r8, r6
10004b3a:	4656      	mov	r6, sl
10004b3c:	4642      	mov	r2, r8
10004b3e:	4316      	orrs	r6, r2
10004b40:	0032      	movs	r2, r6
10004b42:	9e02      	ldr	r6, [sp, #8]
10004b44:	4316      	orrs	r6, r2
10004b46:	611e      	str	r6, [r3, #16]
10004b48:	9e01      	ldr	r6, [sp, #4]
10004b4a:	6b5a      	ldr	r2, [r3, #52]	@ 0x34
10004b4c:	4211      	tst	r1, r2
10004b4e:	d0fc      	beq.n	10004b4a <i2c_write_blocking_internal.constprop.0+0x7a>
10004b50:	464a      	mov	r2, r9
10004b52:	589a      	ldr	r2, [r3, r2]
10004b54:	9601      	str	r6, [sp, #4]
10004b56:	4692      	mov	sl, r2
10004b58:	2a00      	cmp	r2, #0
10004b5a:	d10a      	bne.n	10004b72 <i2c_write_blocking_internal.constprop.0+0xa2>
10004b5c:	42a8      	cmp	r0, r5
10004b5e:	d028      	beq.n	10004bb2 <i2c_write_blocking_internal.constprop.0+0xe2>
10004b60:	2200      	movs	r2, #0
10004b62:	3001      	adds	r0, #1
10004b64:	4692      	mov	sl, r2
10004b66:	4584      	cmp	ip, r0
10004b68:	d1dd      	bne.n	10004b26 <i2c_write_blocking_internal.constprop.0+0x56>
10004b6a:	9b03      	ldr	r3, [sp, #12]
10004b6c:	465f      	mov	r7, fp
10004b6e:	469b      	mov	fp, r3
10004b70:	e016      	b.n	10004ba0 <i2c_write_blocking_internal.constprop.0+0xd0>
10004b72:	6d5a      	ldr	r2, [r3, #84]	@ 0x54
10004b74:	2201      	movs	r2, #1
10004b76:	4690      	mov	r8, r2
10004b78:	6b5a      	ldr	r2, [r3, #52]	@ 0x34
10004b7a:	4222      	tst	r2, r4
10004b7c:	d0fc      	beq.n	10004b78 <i2c_write_blocking_internal.constprop.0+0xa8>
10004b7e:	6e1a      	ldr	r2, [r3, #96]	@ 0x60
10004b80:	4642      	mov	r2, r8
10004b82:	9601      	str	r6, [sp, #4]
10004b84:	2a00      	cmp	r2, #0
10004b86:	d0eb      	beq.n	10004b60 <i2c_write_blocking_internal.constprop.0+0x90>
10004b88:	9b03      	ldr	r3, [sp, #12]
10004b8a:	465f      	mov	r7, fp
10004b8c:	469b      	mov	fp, r3
10004b8e:	4653      	mov	r3, sl
10004b90:	2b00      	cmp	r3, #0
10004b92:	d015      	beq.n	10004bc0 <i2c_write_blocking_internal.constprop.0+0xf0>
10004b94:	4653      	mov	r3, sl
10004b96:	07db      	lsls	r3, r3, #31
10004b98:	d412      	bmi.n	10004bc0 <i2c_write_blocking_internal.constprop.0+0xf0>
10004b9a:	4653      	mov	r3, sl
10004b9c:	071b      	lsls	r3, r3, #28
10004b9e:	d50f      	bpl.n	10004bc0 <i2c_write_blocking_internal.constprop.0+0xf0>
10004ba0:	465b      	mov	r3, fp
10004ba2:	713b      	strb	r3, [r7, #4]
10004ba4:	b005      	add	sp, #20
10004ba6:	bcf0      	pop	{r4, r5, r6, r7}
10004ba8:	46bb      	mov	fp, r7
10004baa:	46b2      	mov	sl, r6
10004bac:	46a9      	mov	r9, r5
10004bae:	46a0      	mov	r8, r4
10004bb0:	bdf0      	pop	{r4, r5, r6, r7, pc}
10004bb2:	9a03      	ldr	r2, [sp, #12]
10004bb4:	2a00      	cmp	r2, #0
10004bb6:	d1d3      	bne.n	10004b60 <i2c_write_blocking_internal.constprop.0+0x90>
10004bb8:	4690      	mov	r8, r2
10004bba:	e7dd      	b.n	10004b78 <i2c_write_blocking_internal.constprop.0+0xa8>
10004bbc:	2000      	movs	r0, #0
10004bbe:	e7ef      	b.n	10004ba0 <i2c_write_blocking_internal.constprop.0+0xd0>
10004bc0:	2001      	movs	r0, #1
10004bc2:	4240      	negs	r0, r0
10004bc4:	e7ec      	b.n	10004ba0 <i2c_write_blocking_internal.constprop.0+0xd0>
10004bc6:	46c0      	nop			@ (mov r8, r8)

10004bc8 <i2c_set_baudrate>:
10004bc8:	b5f8      	push	{r3, r4, r5, r6, r7, lr}
10004bca:	46de      	mov	lr, fp
10004bcc:	4657      	mov	r7, sl
10004bce:	464e      	mov	r6, r9
10004bd0:	4645      	mov	r5, r8
10004bd2:	4683      	mov	fp, r0
10004bd4:	b5e0      	push	{r5, r6, r7, lr}
10004bd6:	2005      	movs	r0, #5
10004bd8:	000c      	movs	r4, r1
10004bda:	f7fc ff63 	bl	10001aa4 <clock_get_hz>
10004bde:	0006      	movs	r6, r0
10004be0:	0860      	lsrs	r0, r4, #1
10004be2:	0021      	movs	r1, r4
10004be4:	1980      	adds	r0, r0, r6
10004be6:	f7fd f90b 	bl	10001e00 <__wrap___aeabi_uidiv>
10004bea:	0043      	lsls	r3, r0, #1
10004bec:	4698      	mov	r8, r3
10004bee:	4480      	add	r8, r0
10004bf0:	0007      	movs	r7, r0
10004bf2:	2105      	movs	r1, #5
10004bf4:	4640      	mov	r0, r8
10004bf6:	f7fd f903 	bl	10001e00 <__wrap___aeabi_uidiv>
10004bfa:	1a3b      	subs	r3, r7, r0
10004bfc:	469a      	mov	sl, r3
10004bfe:	4b1e      	ldr	r3, [pc, #120]	@ (10004c78 <i2c_set_baudrate+0xb0>)
10004c00:	4681      	mov	r9, r0
10004c02:	0070      	lsls	r0, r6, #1
10004c04:	1980      	adds	r0, r0, r6
10004c06:	429c      	cmp	r4, r3
10004c08:	d831      	bhi.n	10004c6e <i2c_set_baudrate+0xa6>
10004c0a:	491c      	ldr	r1, [pc, #112]	@ (10004c7c <i2c_set_baudrate+0xb4>)
10004c0c:	f7fd f8f8 	bl	10001e00 <__wrap___aeabi_uidiv>
10004c10:	1c45      	adds	r5, r0, #1
10004c12:	465b      	mov	r3, fp
10004c14:	681c      	ldr	r4, [r3, #0]
10004c16:	2300      	movs	r3, #0
10004c18:	66e3      	str	r3, [r4, #108]	@ 0x6c
10004c1a:	6822      	ldr	r2, [r4, #0]
10004c1c:	3304      	adds	r3, #4
10004c1e:	405a      	eors	r2, r3
10004c20:	3302      	adds	r3, #2
10004c22:	4013      	ands	r3, r2
10004c24:	2280      	movs	r2, #128	@ 0x80
10004c26:	0152      	lsls	r2, r2, #5
10004c28:	18a2      	adds	r2, r4, r2
10004c2a:	6013      	str	r3, [r2, #0]
10004c2c:	4653      	mov	r3, sl
10004c2e:	61e3      	str	r3, [r4, #28]
10004c30:	464b      	mov	r3, r9
10004c32:	6223      	str	r3, [r4, #32]
10004c34:	4643      	mov	r3, r8
10004c36:	2001      	movs	r0, #1
10004c38:	2b4f      	cmp	r3, #79	@ 0x4f
10004c3a:	d903      	bls.n	10004c44 <i2c_set_baudrate+0x7c>
10004c3c:	2150      	movs	r1, #80	@ 0x50
10004c3e:	4640      	mov	r0, r8
10004c40:	f7fd f8de 	bl	10001e00 <__wrap___aeabi_uidiv>
10004c44:	23a0      	movs	r3, #160	@ 0xa0
10004c46:	50e0      	str	r0, [r4, r3]
10004c48:	6fe3      	ldr	r3, [r4, #124]	@ 0x7c
10004c4a:	0039      	movs	r1, r7
10004c4c:	405d      	eors	r5, r3
10004c4e:	4b0c      	ldr	r3, [pc, #48]	@ (10004c80 <i2c_set_baudrate+0xb8>)
10004c50:	042d      	lsls	r5, r5, #16
10004c52:	0c2d      	lsrs	r5, r5, #16
10004c54:	18e3      	adds	r3, r4, r3
10004c56:	601d      	str	r5, [r3, #0]
10004c58:	2301      	movs	r3, #1
10004c5a:	0030      	movs	r0, r6
10004c5c:	66e3      	str	r3, [r4, #108]	@ 0x6c
10004c5e:	f7fd f8cf 	bl	10001e00 <__wrap___aeabi_uidiv>
10004c62:	bcf0      	pop	{r4, r5, r6, r7}
10004c64:	46bb      	mov	fp, r7
10004c66:	46b2      	mov	sl, r6
10004c68:	46a9      	mov	r9, r5
10004c6a:	46a0      	mov	r8, r4
10004c6c:	bdf8      	pop	{r3, r4, r5, r6, r7, pc}
10004c6e:	4905      	ldr	r1, [pc, #20]	@ (10004c84 <i2c_set_baudrate+0xbc>)
10004c70:	f7fd f8c6 	bl	10001e00 <__wrap___aeabi_uidiv>
10004c74:	1c45      	adds	r5, r0, #1
10004c76:	e7cc      	b.n	10004c12 <i2c_set_baudrate+0x4a>
10004c78:	000f423f 	.word	0x000f423f
10004c7c:	00989680 	.word	0x00989680
10004c80:	0000107c 	.word	0x0000107c
10004c84:	017d7840 	.word	0x017d7840

10004c88 <i2c_init>:
10004c88:	4a0f      	ldr	r2, [pc, #60]	@ (10004cc8 <i2c_init+0x40>)
10004c8a:	b570      	push	{r4, r5, r6, lr}
10004c8c:	1a82      	subs	r2, r0, r2
10004c8e:	1e53      	subs	r3, r2, #1
10004c90:	419a      	sbcs	r2, r3
10004c92:	4b0e      	ldr	r3, [pc, #56]	@ (10004ccc <i2c_init+0x44>)
10004c94:	00d2      	lsls	r2, r2, #3
10004c96:	3208      	adds	r2, #8
10004c98:	601a      	str	r2, [r3, #0]
10004c9a:	4b0d      	ldr	r3, [pc, #52]	@ (10004cd0 <i2c_init+0x48>)
10004c9c:	4c0d      	ldr	r4, [pc, #52]	@ (10004cd4 <i2c_init+0x4c>)
10004c9e:	601a      	str	r2, [r3, #0]
10004ca0:	0015      	movs	r5, r2
10004ca2:	6823      	ldr	r3, [r4, #0]
10004ca4:	439d      	bics	r5, r3
10004ca6:	1e2b      	subs	r3, r5, #0
10004ca8:	d1fa      	bne.n	10004ca0 <i2c_init+0x18>
10004caa:	2466      	movs	r4, #102	@ 0x66
10004cac:	6802      	ldr	r2, [r0, #0]
10004cae:	34ff      	adds	r4, #255	@ 0xff
10004cb0:	7105      	strb	r5, [r0, #4]
10004cb2:	66d5      	str	r5, [r2, #108]	@ 0x6c
10004cb4:	6014      	str	r4, [r2, #0]
10004cb6:	3c63      	subs	r4, #99	@ 0x63
10004cb8:	3388      	adds	r3, #136	@ 0x88
10004cba:	3cff      	subs	r4, #255	@ 0xff
10004cbc:	63d5      	str	r5, [r2, #60]	@ 0x3c
10004cbe:	6395      	str	r5, [r2, #56]	@ 0x38
10004cc0:	50d4      	str	r4, [r2, r3]
10004cc2:	f7ff ff81 	bl	10004bc8 <i2c_set_baudrate>
10004cc6:	bd70      	pop	{r4, r5, r6, pc}
10004cc8:	20000238 	.word	0x20000238
10004ccc:	4000e000 	.word	0x4000e000
10004cd0:	4000f000 	.word	0x4000f000
10004cd4:	4000c008 	.word	0x4000c008

10004cd8 <i2c_write_blocking>:
10004cd8:	b510      	push	{r4, lr}
10004cda:	b082      	sub	sp, #8
10004cdc:	466c      	mov	r4, sp
10004cde:	7c24      	ldrb	r4, [r4, #16]
10004ce0:	9400      	str	r4, [sp, #0]
10004ce2:	f7ff fef5 	bl	10004ad0 <i2c_write_blocking_internal.constprop.0>
10004ce6:	b002      	add	sp, #8
10004ce8:	bd10      	pop	{r4, pc}
10004cea:	46c0      	nop			@ (mov r8, r8)

10004cec <calloc>:
10004cec:	0003      	movs	r3, r0
10004cee:	b510      	push	{r4, lr}
10004cf0:	000a      	movs	r2, r1
10004cf2:	4903      	ldr	r1, [pc, #12]	@ (10004d00 <calloc+0x14>)
10004cf4:	6808      	ldr	r0, [r1, #0]
10004cf6:	0019      	movs	r1, r3
10004cf8:	f000 f804 	bl	10004d04 <_calloc_r>
10004cfc:	bd10      	pop	{r4, pc}
10004cfe:	46c0      	nop			@ (mov r8, r8)
10004d00:	20000650 	.word	0x20000650

10004d04 <_calloc_r>:
10004d04:	b570      	push	{r4, r5, r6, lr}
10004d06:	0c0b      	lsrs	r3, r1, #16
10004d08:	2400      	movs	r4, #0
10004d0a:	0c15      	lsrs	r5, r2, #16
10004d0c:	2b00      	cmp	r3, #0
10004d0e:	d128      	bne.n	10004d62 <_calloc_r+0x5e>
10004d10:	2d00      	cmp	r5, #0
10004d12:	d13c      	bne.n	10004d8e <_calloc_r+0x8a>
10004d14:	b28b      	uxth	r3, r1
10004d16:	b291      	uxth	r1, r2
10004d18:	4359      	muls	r1, r3
10004d1a:	f000 f847 	bl	10004dac <_malloc_r>
10004d1e:	1e05      	subs	r5, r0, #0
10004d20:	d033      	beq.n	10004d8a <_calloc_r+0x86>
10004d22:	0003      	movs	r3, r0
10004d24:	3b08      	subs	r3, #8
10004d26:	685a      	ldr	r2, [r3, #4]
10004d28:	2303      	movs	r3, #3
10004d2a:	439a      	bics	r2, r3
10004d2c:	3a04      	subs	r2, #4
10004d2e:	2a24      	cmp	r2, #36	@ 0x24
10004d30:	d812      	bhi.n	10004d58 <_calloc_r+0x54>
10004d32:	0003      	movs	r3, r0
10004d34:	2a13      	cmp	r2, #19
10004d36:	d90a      	bls.n	10004d4e <_calloc_r+0x4a>
10004d38:	6004      	str	r4, [r0, #0]
10004d3a:	6044      	str	r4, [r0, #4]
10004d3c:	3308      	adds	r3, #8
10004d3e:	2a1b      	cmp	r2, #27
10004d40:	d905      	bls.n	10004d4e <_calloc_r+0x4a>
10004d42:	6084      	str	r4, [r0, #8]
10004d44:	60c4      	str	r4, [r0, #12]
10004d46:	2a24      	cmp	r2, #36	@ 0x24
10004d48:	d02a      	beq.n	10004da0 <_calloc_r+0x9c>
10004d4a:	0003      	movs	r3, r0
10004d4c:	3310      	adds	r3, #16
10004d4e:	2200      	movs	r2, #0
10004d50:	601a      	str	r2, [r3, #0]
10004d52:	605a      	str	r2, [r3, #4]
10004d54:	609a      	str	r2, [r3, #8]
10004d56:	e002      	b.n	10004d5e <_calloc_r+0x5a>
10004d58:	2100      	movs	r1, #0
10004d5a:	f7fd ff89 	bl	10002c70 <__wrap_memset>
10004d5e:	0028      	movs	r0, r5
10004d60:	bd70      	pop	{r4, r5, r6, pc}
10004d62:	2d00      	cmp	r5, #0
10004d64:	d116      	bne.n	10004d94 <_calloc_r+0x90>
10004d66:	1c15      	adds	r5, r2, #0
10004d68:	b289      	uxth	r1, r1
10004d6a:	b292      	uxth	r2, r2
10004d6c:	434a      	muls	r2, r1
10004d6e:	b2ad      	uxth	r5, r5
10004d70:	b29b      	uxth	r3, r3
10004d72:	436b      	muls	r3, r5
10004d74:	0c11      	lsrs	r1, r2, #16
10004d76:	185b      	adds	r3, r3, r1
10004d78:	0c19      	lsrs	r1, r3, #16
10004d7a:	d10b      	bne.n	10004d94 <_calloc_r+0x90>
10004d7c:	0419      	lsls	r1, r3, #16
10004d7e:	b292      	uxth	r2, r2
10004d80:	4311      	orrs	r1, r2
10004d82:	f000 f813 	bl	10004dac <_malloc_r>
10004d86:	1e05      	subs	r5, r0, #0
10004d88:	d1cb      	bne.n	10004d22 <_calloc_r+0x1e>
10004d8a:	2500      	movs	r5, #0
10004d8c:	e7e7      	b.n	10004d5e <_calloc_r+0x5a>
10004d8e:	1c2b      	adds	r3, r5, #0
10004d90:	1c0d      	adds	r5, r1, #0
10004d92:	e7e9      	b.n	10004d68 <_calloc_r+0x64>
10004d94:	f000 fb12 	bl	100053bc <__errno>
10004d98:	230c      	movs	r3, #12
10004d9a:	2500      	movs	r5, #0
10004d9c:	6003      	str	r3, [r0, #0]
10004d9e:	e7de      	b.n	10004d5e <_calloc_r+0x5a>
10004da0:	0003      	movs	r3, r0
10004da2:	6104      	str	r4, [r0, #16]
10004da4:	3318      	adds	r3, #24
10004da6:	6144      	str	r4, [r0, #20]
10004da8:	e7d1      	b.n	10004d4e <_calloc_r+0x4a>
10004daa:	46c0      	nop			@ (mov r8, r8)

10004dac <_malloc_r>:
10004dac:	b5f0      	push	{r4, r5, r6, r7, lr}
10004dae:	464e      	mov	r6, r9
10004db0:	4645      	mov	r5, r8
10004db2:	46de      	mov	lr, fp
10004db4:	4657      	mov	r7, sl
10004db6:	b5e0      	push	{r5, r6, r7, lr}
10004db8:	000d      	movs	r5, r1
10004dba:	350b      	adds	r5, #11
10004dbc:	0006      	movs	r6, r0
10004dbe:	b085      	sub	sp, #20
10004dc0:	2d16      	cmp	r5, #22
10004dc2:	d821      	bhi.n	10004e08 <_malloc_r+0x5c>
10004dc4:	2910      	cmp	r1, #16
10004dc6:	d900      	bls.n	10004dca <_malloc_r+0x1e>
10004dc8:	e0d4      	b.n	10004f74 <_malloc_r+0x1c8>
10004dca:	f000 fad5 	bl	10005378 <__malloc_lock>
10004dce:	2510      	movs	r5, #16
10004dd0:	2318      	movs	r3, #24
10004dd2:	2102      	movs	r1, #2
10004dd4:	4fca      	ldr	r7, [pc, #808]	@ (10005100 <_malloc_r+0x354>)
10004dd6:	18fb      	adds	r3, r7, r3
10004dd8:	001a      	movs	r2, r3
10004dda:	685c      	ldr	r4, [r3, #4]
10004ddc:	3a08      	subs	r2, #8
10004dde:	4294      	cmp	r4, r2
10004de0:	d100      	bne.n	10004de4 <_malloc_r+0x38>
10004de2:	e186      	b.n	100050f2 <_malloc_r+0x346>
10004de4:	2203      	movs	r2, #3
10004de6:	6863      	ldr	r3, [r4, #4]
10004de8:	68a1      	ldr	r1, [r4, #8]
10004dea:	4393      	bics	r3, r2
10004dec:	68e2      	ldr	r2, [r4, #12]
10004dee:	60ca      	str	r2, [r1, #12]
10004df0:	6091      	str	r1, [r2, #8]
10004df2:	2101      	movs	r1, #1
10004df4:	18e3      	adds	r3, r4, r3
10004df6:	685a      	ldr	r2, [r3, #4]
10004df8:	0030      	movs	r0, r6
10004dfa:	430a      	orrs	r2, r1
10004dfc:	605a      	str	r2, [r3, #4]
10004dfe:	f000 fac3 	bl	10005388 <__malloc_unlock>
10004e02:	0020      	movs	r0, r4
10004e04:	3008      	adds	r0, #8
10004e06:	e0b8      	b.n	10004f7a <_malloc_r+0x1ce>
10004e08:	2307      	movs	r3, #7
10004e0a:	439d      	bics	r5, r3
10004e0c:	d500      	bpl.n	10004e10 <_malloc_r+0x64>
10004e0e:	e0b1      	b.n	10004f74 <_malloc_r+0x1c8>
10004e10:	42a9      	cmp	r1, r5
10004e12:	d900      	bls.n	10004e16 <_malloc_r+0x6a>
10004e14:	e0ae      	b.n	10004f74 <_malloc_r+0x1c8>
10004e16:	f000 faaf 	bl	10005378 <__malloc_lock>
10004e1a:	23fc      	movs	r3, #252	@ 0xfc
10004e1c:	005b      	lsls	r3, r3, #1
10004e1e:	429d      	cmp	r5, r3
10004e20:	d200      	bcs.n	10004e24 <_malloc_r+0x78>
10004e22:	e1e0      	b.n	100051e6 <_malloc_r+0x43a>
10004e24:	0a69      	lsrs	r1, r5, #9
10004e26:	d100      	bne.n	10004e2a <_malloc_r+0x7e>
10004e28:	e0ae      	b.n	10004f88 <_malloc_r+0x1dc>
10004e2a:	2904      	cmp	r1, #4
10004e2c:	d900      	bls.n	10004e30 <_malloc_r+0x84>
10004e2e:	e1a1      	b.n	10005174 <_malloc_r+0x3c8>
10004e30:	2338      	movs	r3, #56	@ 0x38
10004e32:	4698      	mov	r8, r3
10004e34:	09a9      	lsrs	r1, r5, #6
10004e36:	4488      	add	r8, r1
10004e38:	3139      	adds	r1, #57	@ 0x39
10004e3a:	00cb      	lsls	r3, r1, #3
10004e3c:	2208      	movs	r2, #8
10004e3e:	4252      	negs	r2, r2
10004e40:	4694      	mov	ip, r2
10004e42:	4faf      	ldr	r7, [pc, #700]	@ (10005100 <_malloc_r+0x354>)
10004e44:	18fb      	adds	r3, r7, r3
10004e46:	449c      	add	ip, r3
10004e48:	4663      	mov	r3, ip
10004e4a:	68dc      	ldr	r4, [r3, #12]
10004e4c:	45a4      	cmp	ip, r4
10004e4e:	d014      	beq.n	10004e7a <_malloc_r+0xce>
10004e50:	2303      	movs	r3, #3
10004e52:	4699      	mov	r9, r3
10004e54:	000b      	movs	r3, r1
10004e56:	4661      	mov	r1, ip
10004e58:	469c      	mov	ip, r3
10004e5a:	e007      	b.n	10004e6c <_malloc_r+0xc0>
10004e5c:	68e0      	ldr	r0, [r4, #12]
10004e5e:	2a00      	cmp	r2, #0
10004e60:	db00      	blt.n	10004e64 <_malloc_r+0xb8>
10004e62:	e140      	b.n	100050e6 <_malloc_r+0x33a>
10004e64:	4281      	cmp	r1, r0
10004e66:	d100      	bne.n	10004e6a <_malloc_r+0xbe>
10004e68:	e141      	b.n	100050ee <_malloc_r+0x342>
10004e6a:	0004      	movs	r4, r0
10004e6c:	464a      	mov	r2, r9
10004e6e:	6863      	ldr	r3, [r4, #4]
10004e70:	4393      	bics	r3, r2
10004e72:	1b5a      	subs	r2, r3, r5
10004e74:	2a0f      	cmp	r2, #15
10004e76:	ddf1      	ble.n	10004e5c <_malloc_r+0xb0>
10004e78:	4641      	mov	r1, r8
10004e7a:	003a      	movs	r2, r7
10004e7c:	693c      	ldr	r4, [r7, #16]
10004e7e:	3208      	adds	r2, #8
10004e80:	4294      	cmp	r4, r2
10004e82:	d100      	bne.n	10004e86 <_malloc_r+0xda>
10004e84:	e11e      	b.n	100050c4 <_malloc_r+0x318>
10004e86:	2003      	movs	r0, #3
10004e88:	6863      	ldr	r3, [r4, #4]
10004e8a:	4383      	bics	r3, r0
10004e8c:	1b58      	subs	r0, r3, r5
10004e8e:	280f      	cmp	r0, #15
10004e90:	dd00      	ble.n	10004e94 <_malloc_r+0xe8>
10004e92:	e1ac      	b.n	100051ee <_malloc_r+0x442>
10004e94:	613a      	str	r2, [r7, #16]
10004e96:	617a      	str	r2, [r7, #20]
10004e98:	2800      	cmp	r0, #0
10004e9a:	daaa      	bge.n	10004df2 <_malloc_r+0x46>
10004e9c:	687a      	ldr	r2, [r7, #4]
10004e9e:	4690      	mov	r8, r2
10004ea0:	2280      	movs	r2, #128	@ 0x80
10004ea2:	0092      	lsls	r2, r2, #2
10004ea4:	4293      	cmp	r3, r2
10004ea6:	d300      	bcc.n	10004eaa <_malloc_r+0xfe>
10004ea8:	e136      	b.n	10005118 <_malloc_r+0x36c>
10004eaa:	08da      	lsrs	r2, r3, #3
10004eac:	0958      	lsrs	r0, r3, #5
10004eae:	2301      	movs	r3, #1
10004eb0:	4083      	lsls	r3, r0
10004eb2:	4640      	mov	r0, r8
10004eb4:	4318      	orrs	r0, r3
10004eb6:	4680      	mov	r8, r0
10004eb8:	00d3      	lsls	r3, r2, #3
10004eba:	19db      	adds	r3, r3, r7
10004ebc:	689a      	ldr	r2, [r3, #8]
10004ebe:	6078      	str	r0, [r7, #4]
10004ec0:	60e3      	str	r3, [r4, #12]
10004ec2:	60a2      	str	r2, [r4, #8]
10004ec4:	609c      	str	r4, [r3, #8]
10004ec6:	60d4      	str	r4, [r2, #12]
10004ec8:	2001      	movs	r0, #1
10004eca:	108b      	asrs	r3, r1, #2
10004ecc:	4098      	lsls	r0, r3
10004ece:	4540      	cmp	r0, r8
10004ed0:	d862      	bhi.n	10004f98 <_malloc_r+0x1ec>
10004ed2:	4643      	mov	r3, r8
10004ed4:	4203      	tst	r3, r0
10004ed6:	d10a      	bne.n	10004eee <_malloc_r+0x142>
10004ed8:	2303      	movs	r3, #3
10004eda:	4399      	bics	r1, r3
10004edc:	4643      	mov	r3, r8
10004ede:	0040      	lsls	r0, r0, #1
10004ee0:	3104      	adds	r1, #4
10004ee2:	4203      	tst	r3, r0
10004ee4:	d103      	bne.n	10004eee <_malloc_r+0x142>
10004ee6:	0040      	lsls	r0, r0, #1
10004ee8:	3104      	adds	r1, #4
10004eea:	4203      	tst	r3, r0
10004eec:	d0fb      	beq.n	10004ee6 <_malloc_r+0x13a>
10004eee:	2303      	movs	r3, #3
10004ef0:	46b3      	mov	fp, r6
10004ef2:	469c      	mov	ip, r3
10004ef4:	000e      	movs	r6, r1
10004ef6:	46b8      	mov	r8, r7
10004ef8:	9001      	str	r0, [sp, #4]
10004efa:	00f0      	lsls	r0, r6, #3
10004efc:	4440      	add	r0, r8
10004efe:	0001      	movs	r1, r0
10004f00:	46b2      	mov	sl, r6
10004f02:	68cb      	ldr	r3, [r1, #12]
10004f04:	e00b      	b.n	10004f1e <_malloc_r+0x172>
10004f06:	4664      	mov	r4, ip
10004f08:	685a      	ldr	r2, [r3, #4]
10004f0a:	001f      	movs	r7, r3
10004f0c:	43a2      	bics	r2, r4
10004f0e:	68db      	ldr	r3, [r3, #12]
10004f10:	1b54      	subs	r4, r2, r5
10004f12:	2c0f      	cmp	r4, #15
10004f14:	dd00      	ble.n	10004f18 <_malloc_r+0x16c>
10004f16:	e139      	b.n	1000518c <_malloc_r+0x3e0>
10004f18:	2c00      	cmp	r4, #0
10004f1a:	db00      	blt.n	10004f1e <_malloc_r+0x172>
10004f1c:	e153      	b.n	100051c6 <_malloc_r+0x41a>
10004f1e:	4299      	cmp	r1, r3
10004f20:	d1f1      	bne.n	10004f06 <_malloc_r+0x15a>
10004f22:	2301      	movs	r3, #1
10004f24:	4699      	mov	r9, r3
10004f26:	44ca      	add	sl, r9
10004f28:	4653      	mov	r3, sl
10004f2a:	3108      	adds	r1, #8
10004f2c:	079b      	lsls	r3, r3, #30
10004f2e:	d1e8      	bne.n	10004f02 <_malloc_r+0x156>
10004f30:	2203      	movs	r2, #3
10004f32:	e005      	b.n	10004f40 <_malloc_r+0x194>
10004f34:	6803      	ldr	r3, [r0, #0]
10004f36:	3808      	subs	r0, #8
10004f38:	3e01      	subs	r6, #1
10004f3a:	4283      	cmp	r3, r0
10004f3c:	d000      	beq.n	10004f40 <_malloc_r+0x194>
10004f3e:	e213      	b.n	10005368 <_malloc_r+0x5bc>
10004f40:	4232      	tst	r2, r6
10004f42:	d1f7      	bne.n	10004f34 <_malloc_r+0x188>
10004f44:	4643      	mov	r3, r8
10004f46:	9a01      	ldr	r2, [sp, #4]
10004f48:	685b      	ldr	r3, [r3, #4]
10004f4a:	4393      	bics	r3, r2
10004f4c:	4642      	mov	r2, r8
10004f4e:	6053      	str	r3, [r2, #4]
10004f50:	9a01      	ldr	r2, [sp, #4]
10004f52:	0052      	lsls	r2, r2, #1
10004f54:	9201      	str	r2, [sp, #4]
10004f56:	429a      	cmp	r2, r3
10004f58:	d81c      	bhi.n	10004f94 <_malloc_r+0x1e8>
10004f5a:	2a00      	cmp	r2, #0
10004f5c:	d106      	bne.n	10004f6c <_malloc_r+0x1c0>
10004f5e:	e019      	b.n	10004f94 <_malloc_r+0x1e8>
10004f60:	2204      	movs	r2, #4
10004f62:	4691      	mov	r9, r2
10004f64:	9a01      	ldr	r2, [sp, #4]
10004f66:	44ca      	add	sl, r9
10004f68:	0052      	lsls	r2, r2, #1
10004f6a:	9201      	str	r2, [sp, #4]
10004f6c:	4213      	tst	r3, r2
10004f6e:	d0f7      	beq.n	10004f60 <_malloc_r+0x1b4>
10004f70:	4656      	mov	r6, sl
10004f72:	e7c2      	b.n	10004efa <_malloc_r+0x14e>
10004f74:	230c      	movs	r3, #12
10004f76:	6033      	str	r3, [r6, #0]
10004f78:	2000      	movs	r0, #0
10004f7a:	b005      	add	sp, #20
10004f7c:	bcf0      	pop	{r4, r5, r6, r7}
10004f7e:	46bb      	mov	fp, r7
10004f80:	46b2      	mov	sl, r6
10004f82:	46a9      	mov	r9, r5
10004f84:	46a0      	mov	r8, r4
10004f86:	bdf0      	pop	{r4, r5, r6, r7, pc}
10004f88:	2380      	movs	r3, #128	@ 0x80
10004f8a:	223f      	movs	r2, #63	@ 0x3f
10004f8c:	2140      	movs	r1, #64	@ 0x40
10004f8e:	4690      	mov	r8, r2
10004f90:	009b      	lsls	r3, r3, #2
10004f92:	e753      	b.n	10004e3c <_malloc_r+0x90>
10004f94:	465e      	mov	r6, fp
10004f96:	4647      	mov	r7, r8
10004f98:	2203      	movs	r2, #3
10004f9a:	68bc      	ldr	r4, [r7, #8]
10004f9c:	6863      	ldr	r3, [r4, #4]
10004f9e:	4393      	bics	r3, r2
10004fa0:	4698      	mov	r8, r3
10004fa2:	42ab      	cmp	r3, r5
10004fa4:	d303      	bcc.n	10004fae <_malloc_r+0x202>
10004fa6:	1b5b      	subs	r3, r3, r5
10004fa8:	2b0f      	cmp	r3, #15
10004faa:	dd00      	ble.n	10004fae <_malloc_r+0x202>
10004fac:	e08d      	b.n	100050ca <_malloc_r+0x31e>
10004fae:	0023      	movs	r3, r4
10004fb0:	4443      	add	r3, r8
10004fb2:	9302      	str	r3, [sp, #8]
10004fb4:	4b53      	ldr	r3, [pc, #332]	@ (10005104 <_malloc_r+0x358>)
10004fb6:	2008      	movs	r0, #8
10004fb8:	681b      	ldr	r3, [r3, #0]
10004fba:	3310      	adds	r3, #16
10004fbc:	195b      	adds	r3, r3, r5
10004fbe:	9301      	str	r3, [sp, #4]
10004fc0:	f000 fa06 	bl	100053d0 <sysconf>
10004fc4:	4950      	ldr	r1, [pc, #320]	@ (10005108 <_malloc_r+0x35c>)
10004fc6:	9003      	str	r0, [sp, #12]
10004fc8:	680b      	ldr	r3, [r1, #0]
10004fca:	468a      	mov	sl, r1
10004fcc:	3301      	adds	r3, #1
10004fce:	d006      	beq.n	10004fde <_malloc_r+0x232>
10004fd0:	4684      	mov	ip, r0
10004fd2:	9b01      	ldr	r3, [sp, #4]
10004fd4:	4242      	negs	r2, r0
10004fd6:	3b01      	subs	r3, #1
10004fd8:	4463      	add	r3, ip
10004fda:	4013      	ands	r3, r2
10004fdc:	9301      	str	r3, [sp, #4]
10004fde:	0030      	movs	r0, r6
10004fe0:	9901      	ldr	r1, [sp, #4]
10004fe2:	f000 f9d9 	bl	10005398 <_sbrk_r>
10004fe6:	0003      	movs	r3, r0
10004fe8:	4681      	mov	r9, r0
10004fea:	3301      	adds	r3, #1
10004fec:	d100      	bne.n	10004ff0 <_malloc_r+0x244>
10004fee:	e11c      	b.n	1000522a <_malloc_r+0x47e>
10004ff0:	9b02      	ldr	r3, [sp, #8]
10004ff2:	4283      	cmp	r3, r0
10004ff4:	d900      	bls.n	10004ff8 <_malloc_r+0x24c>
10004ff6:	e116      	b.n	10005226 <_malloc_r+0x47a>
10004ff8:	4b44      	ldr	r3, [pc, #272]	@ (1000510c <_malloc_r+0x360>)
10004ffa:	9802      	ldr	r0, [sp, #8]
10004ffc:	469b      	mov	fp, r3
10004ffe:	681a      	ldr	r2, [r3, #0]
10005000:	9b01      	ldr	r3, [sp, #4]
10005002:	4659      	mov	r1, fp
10005004:	469c      	mov	ip, r3
10005006:	4462      	add	r2, ip
10005008:	600a      	str	r2, [r1, #0]
1000500a:	9903      	ldr	r1, [sp, #12]
1000500c:	3901      	subs	r1, #1
1000500e:	4548      	cmp	r0, r9
10005010:	d100      	bne.n	10005014 <_malloc_r+0x268>
10005012:	e157      	b.n	100052c4 <_malloc_r+0x518>
10005014:	4653      	mov	r3, sl
10005016:	681b      	ldr	r3, [r3, #0]
10005018:	3301      	adds	r3, #1
1000501a:	d100      	bne.n	1000501e <_malloc_r+0x272>
1000501c:	e15e      	b.n	100052dc <_malloc_r+0x530>
1000501e:	464b      	mov	r3, r9
10005020:	9802      	ldr	r0, [sp, #8]
10005022:	1a1b      	subs	r3, r3, r0
10005024:	189b      	adds	r3, r3, r2
10005026:	465a      	mov	r2, fp
10005028:	6013      	str	r3, [r2, #0]
1000502a:	2307      	movs	r3, #7
1000502c:	464a      	mov	r2, r9
1000502e:	4648      	mov	r0, r9
10005030:	401a      	ands	r2, r3
10005032:	9202      	str	r2, [sp, #8]
10005034:	4218      	tst	r0, r3
10005036:	d100      	bne.n	1000503a <_malloc_r+0x28e>
10005038:	e115      	b.n	10005266 <_malloc_r+0x4ba>
1000503a:	9803      	ldr	r0, [sp, #12]
1000503c:	3301      	adds	r3, #1
1000503e:	4684      	mov	ip, r0
10005040:	1a9b      	subs	r3, r3, r2
10005042:	9a01      	ldr	r2, [sp, #4]
10005044:	4499      	add	r9, r3
10005046:	444a      	add	r2, r9
10005048:	9201      	str	r2, [sp, #4]
1000504a:	4463      	add	r3, ip
1000504c:	400a      	ands	r2, r1
1000504e:	1a9b      	subs	r3, r3, r2
10005050:	4019      	ands	r1, r3
10005052:	0030      	movs	r0, r6
10005054:	468a      	mov	sl, r1
10005056:	f000 f99f 	bl	10005398 <_sbrk_r>
1000505a:	1c43      	adds	r3, r0, #1
1000505c:	d100      	bne.n	10005060 <_malloc_r+0x2b4>
1000505e:	e158      	b.n	10005312 <_malloc_r+0x566>
10005060:	464b      	mov	r3, r9
10005062:	1ac0      	subs	r0, r0, r3
10005064:	0003      	movs	r3, r0
10005066:	4453      	add	r3, sl
10005068:	9301      	str	r3, [sp, #4]
1000506a:	465b      	mov	r3, fp
1000506c:	681a      	ldr	r2, [r3, #0]
1000506e:	2001      	movs	r0, #1
10005070:	4452      	add	r2, sl
10005072:	601a      	str	r2, [r3, #0]
10005074:	464b      	mov	r3, r9
10005076:	4649      	mov	r1, r9
10005078:	60bb      	str	r3, [r7, #8]
1000507a:	9b01      	ldr	r3, [sp, #4]
1000507c:	4303      	orrs	r3, r0
1000507e:	604b      	str	r3, [r1, #4]
10005080:	42bc      	cmp	r4, r7
10005082:	d013      	beq.n	100050ac <_malloc_r+0x300>
10005084:	4643      	mov	r3, r8
10005086:	2b0f      	cmp	r3, #15
10005088:	d800      	bhi.n	1000508c <_malloc_r+0x2e0>
1000508a:	e12b      	b.n	100052e4 <_malloc_r+0x538>
1000508c:	2107      	movs	r1, #7
1000508e:	3b0c      	subs	r3, #12
10005090:	438b      	bics	r3, r1
10005092:	6861      	ldr	r1, [r4, #4]
10005094:	4001      	ands	r1, r0
10005096:	2005      	movs	r0, #5
10005098:	4319      	orrs	r1, r3
1000509a:	6061      	str	r1, [r4, #4]
1000509c:	18e1      	adds	r1, r4, r3
1000509e:	6048      	str	r0, [r1, #4]
100050a0:	6088      	str	r0, [r1, #8]
100050a2:	2b0f      	cmp	r3, #15
100050a4:	d900      	bls.n	100050a8 <_malloc_r+0x2fc>
100050a6:	e13f      	b.n	10005328 <_malloc_r+0x57c>
100050a8:	464b      	mov	r3, r9
100050aa:	685b      	ldr	r3, [r3, #4]
100050ac:	4918      	ldr	r1, [pc, #96]	@ (10005110 <_malloc_r+0x364>)
100050ae:	6808      	ldr	r0, [r1, #0]
100050b0:	4290      	cmp	r0, r2
100050b2:	d200      	bcs.n	100050b6 <_malloc_r+0x30a>
100050b4:	600a      	str	r2, [r1, #0]
100050b6:	4917      	ldr	r1, [pc, #92]	@ (10005114 <_malloc_r+0x368>)
100050b8:	6808      	ldr	r0, [r1, #0]
100050ba:	4290      	cmp	r0, r2
100050bc:	d200      	bcs.n	100050c0 <_malloc_r+0x314>
100050be:	600a      	str	r2, [r1, #0]
100050c0:	464c      	mov	r4, r9
100050c2:	e0b4      	b.n	1000522e <_malloc_r+0x482>
100050c4:	687b      	ldr	r3, [r7, #4]
100050c6:	4698      	mov	r8, r3
100050c8:	e6fe      	b.n	10004ec8 <_malloc_r+0x11c>
100050ca:	2201      	movs	r2, #1
100050cc:	0029      	movs	r1, r5
100050ce:	4313      	orrs	r3, r2
100050d0:	4311      	orrs	r1, r2
100050d2:	1965      	adds	r5, r4, r5
100050d4:	6061      	str	r1, [r4, #4]
100050d6:	0030      	movs	r0, r6
100050d8:	60bd      	str	r5, [r7, #8]
100050da:	606b      	str	r3, [r5, #4]
100050dc:	f000 f954 	bl	10005388 <__malloc_unlock>
100050e0:	0020      	movs	r0, r4
100050e2:	3008      	adds	r0, #8
100050e4:	e749      	b.n	10004f7a <_malloc_r+0x1ce>
100050e6:	68a2      	ldr	r2, [r4, #8]
100050e8:	60d0      	str	r0, [r2, #12]
100050ea:	6082      	str	r2, [r0, #8]
100050ec:	e681      	b.n	10004df2 <_malloc_r+0x46>
100050ee:	4661      	mov	r1, ip
100050f0:	e6c3      	b.n	10004e7a <_malloc_r+0xce>
100050f2:	68dc      	ldr	r4, [r3, #12]
100050f4:	3102      	adds	r1, #2
100050f6:	42a3      	cmp	r3, r4
100050f8:	d100      	bne.n	100050fc <_malloc_r+0x350>
100050fa:	e6be      	b.n	10004e7a <_malloc_r+0xce>
100050fc:	e672      	b.n	10004de4 <_malloc_r+0x38>
100050fe:	46c0      	nop			@ (mov r8, r8)
10005100:	20000248 	.word	0x20000248
10005104:	20000b54 	.word	0x20000b54
10005108:	20000240 	.word	0x20000240
1000510c:	20000b24 	.word	0x20000b24
10005110:	20000b4c 	.word	0x20000b4c
10005114:	20000b50 	.word	0x20000b50
10005118:	0a5a      	lsrs	r2, r3, #9
1000511a:	2a04      	cmp	r2, #4
1000511c:	d97c      	bls.n	10005218 <_malloc_r+0x46c>
1000511e:	2a14      	cmp	r2, #20
10005120:	d900      	bls.n	10005124 <_malloc_r+0x378>
10005122:	e0b0      	b.n	10005286 <_malloc_r+0x4da>
10005124:	0010      	movs	r0, r2
10005126:	305b      	adds	r0, #91	@ 0x5b
10005128:	4682      	mov	sl, r0
1000512a:	325c      	adds	r2, #92	@ 0x5c
1000512c:	00d2      	lsls	r2, r2, #3
1000512e:	2008      	movs	r0, #8
10005130:	4240      	negs	r0, r0
10005132:	4684      	mov	ip, r0
10005134:	18ba      	adds	r2, r7, r2
10005136:	4494      	add	ip, r2
10005138:	4662      	mov	r2, ip
1000513a:	6892      	ldr	r2, [r2, #8]
1000513c:	300b      	adds	r0, #11
1000513e:	4681      	mov	r9, r0
10005140:	4594      	cmp	ip, r2
10005142:	d100      	bne.n	10005146 <_malloc_r+0x39a>
10005144:	e086      	b.n	10005254 <_malloc_r+0x4a8>
10005146:	0008      	movs	r0, r1
10005148:	46a2      	mov	sl, r4
1000514a:	4661      	mov	r1, ip
1000514c:	4684      	mov	ip, r0
1000514e:	e002      	b.n	10005156 <_malloc_r+0x3aa>
10005150:	6892      	ldr	r2, [r2, #8]
10005152:	4291      	cmp	r1, r2
10005154:	d004      	beq.n	10005160 <_malloc_r+0x3b4>
10005156:	464c      	mov	r4, r9
10005158:	6850      	ldr	r0, [r2, #4]
1000515a:	43a0      	bics	r0, r4
1000515c:	4298      	cmp	r0, r3
1000515e:	d8f7      	bhi.n	10005150 <_malloc_r+0x3a4>
10005160:	68d3      	ldr	r3, [r2, #12]
10005162:	4661      	mov	r1, ip
10005164:	4654      	mov	r4, sl
10005166:	469c      	mov	ip, r3
10005168:	4663      	mov	r3, ip
1000516a:	60a2      	str	r2, [r4, #8]
1000516c:	60e3      	str	r3, [r4, #12]
1000516e:	609c      	str	r4, [r3, #8]
10005170:	60d4      	str	r4, [r2, #12]
10005172:	e6a9      	b.n	10004ec8 <_malloc_r+0x11c>
10005174:	2914      	cmp	r1, #20
10005176:	d967      	bls.n	10005248 <_malloc_r+0x49c>
10005178:	2954      	cmp	r1, #84	@ 0x54
1000517a:	d900      	bls.n	1000517e <_malloc_r+0x3d2>
1000517c:	e08c      	b.n	10005298 <_malloc_r+0x4ec>
1000517e:	236e      	movs	r3, #110	@ 0x6e
10005180:	4698      	mov	r8, r3
10005182:	0b29      	lsrs	r1, r5, #12
10005184:	4488      	add	r8, r1
10005186:	316f      	adds	r1, #111	@ 0x6f
10005188:	00cb      	lsls	r3, r1, #3
1000518a:	e657      	b.n	10004e3c <_malloc_r+0x90>
1000518c:	46ba      	mov	sl, r7
1000518e:	2001      	movs	r0, #1
10005190:	4651      	mov	r1, sl
10005192:	4684      	mov	ip, r0
10005194:	1949      	adds	r1, r1, r5
10005196:	4305      	orrs	r5, r0
10005198:	4650      	mov	r0, sl
1000519a:	6045      	str	r5, [r0, #4]
1000519c:	6885      	ldr	r5, [r0, #8]
1000519e:	4647      	mov	r7, r8
100051a0:	4660      	mov	r0, ip
100051a2:	60eb      	str	r3, [r5, #12]
100051a4:	465e      	mov	r6, fp
100051a6:	609d      	str	r5, [r3, #8]
100051a8:	4653      	mov	r3, sl
100051aa:	6139      	str	r1, [r7, #16]
100051ac:	6179      	str	r1, [r7, #20]
100051ae:	4320      	orrs	r0, r4
100051b0:	3708      	adds	r7, #8
100051b2:	6048      	str	r0, [r1, #4]
100051b4:	60cf      	str	r7, [r1, #12]
100051b6:	0030      	movs	r0, r6
100051b8:	608f      	str	r7, [r1, #8]
100051ba:	509c      	str	r4, [r3, r2]
100051bc:	f000 f8e4 	bl	10005388 <__malloc_unlock>
100051c0:	4650      	mov	r0, sl
100051c2:	3008      	adds	r0, #8
100051c4:	e6d9      	b.n	10004f7a <_malloc_r+0x1ce>
100051c6:	46ba      	mov	sl, r7
100051c8:	2001      	movs	r0, #1
100051ca:	465e      	mov	r6, fp
100051cc:	4452      	add	r2, sl
100051ce:	6851      	ldr	r1, [r2, #4]
100051d0:	4301      	orrs	r1, r0
100051d2:	6051      	str	r1, [r2, #4]
100051d4:	68ba      	ldr	r2, [r7, #8]
100051d6:	0030      	movs	r0, r6
100051d8:	60d3      	str	r3, [r2, #12]
100051da:	609a      	str	r2, [r3, #8]
100051dc:	f000 f8d4 	bl	10005388 <__malloc_unlock>
100051e0:	0038      	movs	r0, r7
100051e2:	3008      	adds	r0, #8
100051e4:	e6c9      	b.n	10004f7a <_malloc_r+0x1ce>
100051e6:	002b      	movs	r3, r5
100051e8:	08e9      	lsrs	r1, r5, #3
100051ea:	3308      	adds	r3, #8
100051ec:	e5f2      	b.n	10004dd4 <_malloc_r+0x28>
100051ee:	1961      	adds	r1, r4, r5
100051f0:	4688      	mov	r8, r1
100051f2:	2101      	movs	r1, #1
100051f4:	468c      	mov	ip, r1
100051f6:	430d      	orrs	r5, r1
100051f8:	4641      	mov	r1, r8
100051fa:	6065      	str	r5, [r4, #4]
100051fc:	6139      	str	r1, [r7, #16]
100051fe:	6179      	str	r1, [r7, #20]
10005200:	60ca      	str	r2, [r1, #12]
10005202:	608a      	str	r2, [r1, #8]
10005204:	4662      	mov	r2, ip
10005206:	4302      	orrs	r2, r0
10005208:	604a      	str	r2, [r1, #4]
1000520a:	50e0      	str	r0, [r4, r3]
1000520c:	0030      	movs	r0, r6
1000520e:	f000 f8bb 	bl	10005388 <__malloc_unlock>
10005212:	0020      	movs	r0, r4
10005214:	3008      	adds	r0, #8
10005216:	e6b0      	b.n	10004f7a <_malloc_r+0x1ce>
10005218:	099a      	lsrs	r2, r3, #6
1000521a:	0010      	movs	r0, r2
1000521c:	3239      	adds	r2, #57	@ 0x39
1000521e:	3038      	adds	r0, #56	@ 0x38
10005220:	4682      	mov	sl, r0
10005222:	00d2      	lsls	r2, r2, #3
10005224:	e783      	b.n	1000512e <_malloc_r+0x382>
10005226:	42bc      	cmp	r4, r7
10005228:	d041      	beq.n	100052ae <_malloc_r+0x502>
1000522a:	68bc      	ldr	r4, [r7, #8]
1000522c:	6863      	ldr	r3, [r4, #4]
1000522e:	2203      	movs	r2, #3
10005230:	4393      	bics	r3, r2
10005232:	001a      	movs	r2, r3
10005234:	1b5b      	subs	r3, r3, r5
10005236:	42aa      	cmp	r2, r5
10005238:	d302      	bcc.n	10005240 <_malloc_r+0x494>
1000523a:	2b0f      	cmp	r3, #15
1000523c:	dd00      	ble.n	10005240 <_malloc_r+0x494>
1000523e:	e744      	b.n	100050ca <_malloc_r+0x31e>
10005240:	0030      	movs	r0, r6
10005242:	f000 f8a1 	bl	10005388 <__malloc_unlock>
10005246:	e697      	b.n	10004f78 <_malloc_r+0x1cc>
10005248:	235b      	movs	r3, #91	@ 0x5b
1000524a:	4698      	mov	r8, r3
1000524c:	4488      	add	r8, r1
1000524e:	315c      	adds	r1, #92	@ 0x5c
10005250:	00cb      	lsls	r3, r1, #3
10005252:	e5f3      	b.n	10004e3c <_malloc_r+0x90>
10005254:	4653      	mov	r3, sl
10005256:	1098      	asrs	r0, r3, #2
10005258:	2301      	movs	r3, #1
1000525a:	4083      	lsls	r3, r0
1000525c:	4640      	mov	r0, r8
1000525e:	4318      	orrs	r0, r3
10005260:	4680      	mov	r8, r0
10005262:	6078      	str	r0, [r7, #4]
10005264:	e780      	b.n	10005168 <_malloc_r+0x3bc>
10005266:	9b01      	ldr	r3, [sp, #4]
10005268:	9a03      	ldr	r2, [sp, #12]
1000526a:	444b      	add	r3, r9
1000526c:	400b      	ands	r3, r1
1000526e:	1ad3      	subs	r3, r2, r3
10005270:	4019      	ands	r1, r3
10005272:	0030      	movs	r0, r6
10005274:	468a      	mov	sl, r1
10005276:	f000 f88f 	bl	10005398 <_sbrk_r>
1000527a:	1c43      	adds	r3, r0, #1
1000527c:	d000      	beq.n	10005280 <_malloc_r+0x4d4>
1000527e:	e6ef      	b.n	10005060 <_malloc_r+0x2b4>
10005280:	2300      	movs	r3, #0
10005282:	469a      	mov	sl, r3
10005284:	e6f1      	b.n	1000506a <_malloc_r+0x2be>
10005286:	2a54      	cmp	r2, #84	@ 0x54
10005288:	d82e      	bhi.n	100052e8 <_malloc_r+0x53c>
1000528a:	0b1a      	lsrs	r2, r3, #12
1000528c:	0010      	movs	r0, r2
1000528e:	326f      	adds	r2, #111	@ 0x6f
10005290:	306e      	adds	r0, #110	@ 0x6e
10005292:	4682      	mov	sl, r0
10005294:	00d2      	lsls	r2, r2, #3
10005296:	e74a      	b.n	1000512e <_malloc_r+0x382>
10005298:	23aa      	movs	r3, #170	@ 0xaa
1000529a:	005b      	lsls	r3, r3, #1
1000529c:	4299      	cmp	r1, r3
1000529e:	d82e      	bhi.n	100052fe <_malloc_r+0x552>
100052a0:	3bdd      	subs	r3, #221	@ 0xdd
100052a2:	4698      	mov	r8, r3
100052a4:	0be9      	lsrs	r1, r5, #15
100052a6:	4488      	add	r8, r1
100052a8:	3178      	adds	r1, #120	@ 0x78
100052aa:	00cb      	lsls	r3, r1, #3
100052ac:	e5c6      	b.n	10004e3c <_malloc_r+0x90>
100052ae:	4b30      	ldr	r3, [pc, #192]	@ (10005370 <_malloc_r+0x5c4>)
100052b0:	469b      	mov	fp, r3
100052b2:	681a      	ldr	r2, [r3, #0]
100052b4:	9b01      	ldr	r3, [sp, #4]
100052b6:	469c      	mov	ip, r3
100052b8:	465b      	mov	r3, fp
100052ba:	4462      	add	r2, ip
100052bc:	601a      	str	r2, [r3, #0]
100052be:	9b03      	ldr	r3, [sp, #12]
100052c0:	1e59      	subs	r1, r3, #1
100052c2:	e6a7      	b.n	10005014 <_malloc_r+0x268>
100052c4:	4648      	mov	r0, r9
100052c6:	4208      	tst	r0, r1
100052c8:	d000      	beq.n	100052cc <_malloc_r+0x520>
100052ca:	e6a3      	b.n	10005014 <_malloc_r+0x268>
100052cc:	68b9      	ldr	r1, [r7, #8]
100052ce:	4443      	add	r3, r8
100052d0:	4689      	mov	r9, r1
100052d2:	2101      	movs	r1, #1
100052d4:	430b      	orrs	r3, r1
100052d6:	4649      	mov	r1, r9
100052d8:	604b      	str	r3, [r1, #4]
100052da:	e6e7      	b.n	100050ac <_malloc_r+0x300>
100052dc:	4653      	mov	r3, sl
100052de:	464a      	mov	r2, r9
100052e0:	601a      	str	r2, [r3, #0]
100052e2:	e6a2      	b.n	1000502a <_malloc_r+0x27e>
100052e4:	6048      	str	r0, [r1, #4]
100052e6:	e7ab      	b.n	10005240 <_malloc_r+0x494>
100052e8:	20aa      	movs	r0, #170	@ 0xaa
100052ea:	0040      	lsls	r0, r0, #1
100052ec:	4282      	cmp	r2, r0
100052ee:	d826      	bhi.n	1000533e <_malloc_r+0x592>
100052f0:	0bda      	lsrs	r2, r3, #15
100052f2:	0010      	movs	r0, r2
100052f4:	3278      	adds	r2, #120	@ 0x78
100052f6:	3077      	adds	r0, #119	@ 0x77
100052f8:	4682      	mov	sl, r0
100052fa:	00d2      	lsls	r2, r2, #3
100052fc:	e717      	b.n	1000512e <_malloc_r+0x382>
100052fe:	4b1d      	ldr	r3, [pc, #116]	@ (10005374 <_malloc_r+0x5c8>)
10005300:	4299      	cmp	r1, r3
10005302:	d826      	bhi.n	10005352 <_malloc_r+0x5a6>
10005304:	237c      	movs	r3, #124	@ 0x7c
10005306:	4698      	mov	r8, r3
10005308:	0ca9      	lsrs	r1, r5, #18
1000530a:	4488      	add	r8, r1
1000530c:	317d      	adds	r1, #125	@ 0x7d
1000530e:	00cb      	lsls	r3, r1, #3
10005310:	e594      	b.n	10004e3c <_malloc_r+0x90>
10005312:	9a01      	ldr	r2, [sp, #4]
10005314:	9b02      	ldr	r3, [sp, #8]
10005316:	4694      	mov	ip, r2
10005318:	464a      	mov	r2, r9
1000531a:	3b08      	subs	r3, #8
1000531c:	4463      	add	r3, ip
1000531e:	1a9b      	subs	r3, r3, r2
10005320:	9301      	str	r3, [sp, #4]
10005322:	2300      	movs	r3, #0
10005324:	469a      	mov	sl, r3
10005326:	e6a0      	b.n	1000506a <_malloc_r+0x2be>
10005328:	0021      	movs	r1, r4
1000532a:	0030      	movs	r0, r6
1000532c:	3108      	adds	r1, #8
1000532e:	f000 f8e5 	bl	100054fc <_free_r>
10005332:	465b      	mov	r3, fp
10005334:	681a      	ldr	r2, [r3, #0]
10005336:	68bb      	ldr	r3, [r7, #8]
10005338:	4699      	mov	r9, r3
1000533a:	685b      	ldr	r3, [r3, #4]
1000533c:	e6b6      	b.n	100050ac <_malloc_r+0x300>
1000533e:	480d      	ldr	r0, [pc, #52]	@ (10005374 <_malloc_r+0x5c8>)
10005340:	4282      	cmp	r2, r0
10005342:	d80c      	bhi.n	1000535e <_malloc_r+0x5b2>
10005344:	0c9a      	lsrs	r2, r3, #18
10005346:	0010      	movs	r0, r2
10005348:	327d      	adds	r2, #125	@ 0x7d
1000534a:	307c      	adds	r0, #124	@ 0x7c
1000534c:	4682      	mov	sl, r0
1000534e:	00d2      	lsls	r2, r2, #3
10005350:	e6ed      	b.n	1000512e <_malloc_r+0x382>
10005352:	23fe      	movs	r3, #254	@ 0xfe
10005354:	227e      	movs	r2, #126	@ 0x7e
10005356:	217f      	movs	r1, #127	@ 0x7f
10005358:	4690      	mov	r8, r2
1000535a:	009b      	lsls	r3, r3, #2
1000535c:	e56e      	b.n	10004e3c <_malloc_r+0x90>
1000535e:	22fe      	movs	r2, #254	@ 0xfe
10005360:	207e      	movs	r0, #126	@ 0x7e
10005362:	0092      	lsls	r2, r2, #2
10005364:	4682      	mov	sl, r0
10005366:	e6e2      	b.n	1000512e <_malloc_r+0x382>
10005368:	4643      	mov	r3, r8
1000536a:	685b      	ldr	r3, [r3, #4]
1000536c:	e5f0      	b.n	10004f50 <_malloc_r+0x1a4>
1000536e:	46c0      	nop			@ (mov r8, r8)
10005370:	20000b24 	.word	0x20000b24
10005374:	00000554 	.word	0x00000554

10005378 <__malloc_lock>:
10005378:	b510      	push	{r4, lr}
1000537a:	4802      	ldr	r0, [pc, #8]	@ (10005384 <__malloc_lock+0xc>)
1000537c:	f000 f824 	bl	100053c8 <__retarget_lock_acquire_recursive>
10005380:	bd10      	pop	{r4, pc}
10005382:	46c0      	nop			@ (mov r8, r8)
10005384:	20000b20 	.word	0x20000b20

10005388 <__malloc_unlock>:
10005388:	b510      	push	{r4, lr}
1000538a:	4802      	ldr	r0, [pc, #8]	@ (10005394 <__malloc_unlock+0xc>)
1000538c:	f000 f81e 	bl	100053cc <__retarget_lock_release_recursive>
10005390:	bd10      	pop	{r4, pc}
10005392:	46c0      	nop			@ (mov r8, r8)
10005394:	20000b20 	.word	0x20000b20

10005398 <_sbrk_r>:
10005398:	2300      	movs	r3, #0
1000539a:	b570      	push	{r4, r5, r6, lr}
1000539c:	4c06      	ldr	r4, [pc, #24]	@ (100053b8 <_sbrk_r+0x20>)
1000539e:	0005      	movs	r5, r0
100053a0:	0008      	movs	r0, r1
100053a2:	6023      	str	r3, [r4, #0]
100053a4:	f7ff f8ea 	bl	1000457c <_sbrk>
100053a8:	1c43      	adds	r3, r0, #1
100053aa:	d000      	beq.n	100053ae <_sbrk_r+0x16>
100053ac:	bd70      	pop	{r4, r5, r6, pc}
100053ae:	6823      	ldr	r3, [r4, #0]
100053b0:	2b00      	cmp	r3, #0
100053b2:	d0fb      	beq.n	100053ac <_sbrk_r+0x14>
100053b4:	602b      	str	r3, [r5, #0]
100053b6:	e7f9      	b.n	100053ac <_sbrk_r+0x14>
100053b8:	20000cf4 	.word	0x20000cf4

100053bc <__errno>:
100053bc:	4b01      	ldr	r3, [pc, #4]	@ (100053c4 <__errno+0x8>)
100053be:	6818      	ldr	r0, [r3, #0]
100053c0:	4770      	bx	lr
100053c2:	46c0      	nop			@ (mov r8, r8)
100053c4:	20000650 	.word	0x20000650

100053c8 <__retarget_lock_acquire_recursive>:
100053c8:	4770      	bx	lr
100053ca:	46c0      	nop			@ (mov r8, r8)

100053cc <__retarget_lock_release_recursive>:
100053cc:	4770      	bx	lr
100053ce:	46c0      	nop			@ (mov r8, r8)

100053d0 <sysconf>:
100053d0:	2380      	movs	r3, #128	@ 0x80
100053d2:	b510      	push	{r4, lr}
100053d4:	015b      	lsls	r3, r3, #5
100053d6:	2808      	cmp	r0, #8
100053d8:	d101      	bne.n	100053de <sysconf+0xe>
100053da:	0018      	movs	r0, r3
100053dc:	bd10      	pop	{r4, pc}
100053de:	f7ff ffed 	bl	100053bc <__errno>
100053e2:	2316      	movs	r3, #22
100053e4:	6003      	str	r3, [r0, #0]
100053e6:	3b17      	subs	r3, #23
100053e8:	e7f7      	b.n	100053da <sysconf+0xa>
100053ea:	46c0      	nop			@ (mov r8, r8)

100053ec <strlen>:
100053ec:	b510      	push	{r4, lr}
100053ee:	0783      	lsls	r3, r0, #30
100053f0:	d00a      	beq.n	10005408 <strlen+0x1c>
100053f2:	0003      	movs	r3, r0
100053f4:	2103      	movs	r1, #3
100053f6:	e002      	b.n	100053fe <strlen+0x12>
100053f8:	3301      	adds	r3, #1
100053fa:	420b      	tst	r3, r1
100053fc:	d005      	beq.n	1000540a <strlen+0x1e>
100053fe:	781a      	ldrb	r2, [r3, #0]
10005400:	2a00      	cmp	r2, #0
10005402:	d1f9      	bne.n	100053f8 <strlen+0xc>
10005404:	1a18      	subs	r0, r3, r0
10005406:	bd10      	pop	{r4, pc}
10005408:	0003      	movs	r3, r0
1000540a:	6819      	ldr	r1, [r3, #0]
1000540c:	4a0c      	ldr	r2, [pc, #48]	@ (10005440 <strlen+0x54>)
1000540e:	4c0d      	ldr	r4, [pc, #52]	@ (10005444 <strlen+0x58>)
10005410:	188a      	adds	r2, r1, r2
10005412:	438a      	bics	r2, r1
10005414:	4222      	tst	r2, r4
10005416:	d10f      	bne.n	10005438 <strlen+0x4c>
10005418:	6859      	ldr	r1, [r3, #4]
1000541a:	4a09      	ldr	r2, [pc, #36]	@ (10005440 <strlen+0x54>)
1000541c:	3304      	adds	r3, #4
1000541e:	188a      	adds	r2, r1, r2
10005420:	438a      	bics	r2, r1
10005422:	4222      	tst	r2, r4
10005424:	d108      	bne.n	10005438 <strlen+0x4c>
10005426:	6859      	ldr	r1, [r3, #4]
10005428:	4a05      	ldr	r2, [pc, #20]	@ (10005440 <strlen+0x54>)
1000542a:	3304      	adds	r3, #4
1000542c:	188a      	adds	r2, r1, r2
1000542e:	438a      	bics	r2, r1
10005430:	4222      	tst	r2, r4
10005432:	d0f1      	beq.n	10005418 <strlen+0x2c>
10005434:	e000      	b.n	10005438 <strlen+0x4c>
10005436:	3301      	adds	r3, #1
10005438:	781a      	ldrb	r2, [r3, #0]
1000543a:	2a00      	cmp	r2, #0
1000543c:	d1fb      	bne.n	10005436 <strlen+0x4a>
1000543e:	e7e1      	b.n	10005404 <strlen+0x18>
10005440:	fefefeff 	.word	0xfefefeff
10005444:	80808080 	.word	0x80808080

10005448 <_malloc_trim_r>:
10005448:	b5f0      	push	{r4, r5, r6, r7, lr}
1000544a:	46c6      	mov	lr, r8
1000544c:	0006      	movs	r6, r0
1000544e:	b500      	push	{lr}
10005450:	2008      	movs	r0, #8
10005452:	000d      	movs	r5, r1
10005454:	f7ff ffbc 	bl	100053d0 <sysconf>
10005458:	0004      	movs	r4, r0
1000545a:	0030      	movs	r0, r6
1000545c:	f7ff ff8c 	bl	10005378 <__malloc_lock>
10005460:	4b23      	ldr	r3, [pc, #140]	@ (100054f0 <_malloc_trim_r+0xa8>)
10005462:	0021      	movs	r1, r4
10005464:	4698      	mov	r8, r3
10005466:	689b      	ldr	r3, [r3, #8]
10005468:	685f      	ldr	r7, [r3, #4]
1000546a:	2303      	movs	r3, #3
1000546c:	439f      	bics	r7, r3
1000546e:	0038      	movs	r0, r7
10005470:	3811      	subs	r0, #17
10005472:	1b40      	subs	r0, r0, r5
10005474:	1900      	adds	r0, r0, r4
10005476:	f7fc fcc3 	bl	10001e00 <__wrap___aeabi_uidiv>
1000547a:	1e45      	subs	r5, r0, #1
1000547c:	4365      	muls	r5, r4
1000547e:	42ac      	cmp	r4, r5
10005480:	dc08      	bgt.n	10005494 <_malloc_trim_r+0x4c>
10005482:	2100      	movs	r1, #0
10005484:	0030      	movs	r0, r6
10005486:	f7ff ff87 	bl	10005398 <_sbrk_r>
1000548a:	4643      	mov	r3, r8
1000548c:	689b      	ldr	r3, [r3, #8]
1000548e:	19db      	adds	r3, r3, r7
10005490:	4298      	cmp	r0, r3
10005492:	d006      	beq.n	100054a2 <_malloc_trim_r+0x5a>
10005494:	0030      	movs	r0, r6
10005496:	f7ff ff77 	bl	10005388 <__malloc_unlock>
1000549a:	2000      	movs	r0, #0
1000549c:	bc80      	pop	{r7}
1000549e:	46b8      	mov	r8, r7
100054a0:	bdf0      	pop	{r4, r5, r6, r7, pc}
100054a2:	0030      	movs	r0, r6
100054a4:	4269      	negs	r1, r5
100054a6:	f7ff ff77 	bl	10005398 <_sbrk_r>
100054aa:	3001      	adds	r0, #1
100054ac:	d00e      	beq.n	100054cc <_malloc_trim_r+0x84>
100054ae:	2201      	movs	r2, #1
100054b0:	4643      	mov	r3, r8
100054b2:	1b7f      	subs	r7, r7, r5
100054b4:	689b      	ldr	r3, [r3, #8]
100054b6:	4317      	orrs	r7, r2
100054b8:	4a0e      	ldr	r2, [pc, #56]	@ (100054f4 <_malloc_trim_r+0xac>)
100054ba:	605f      	str	r7, [r3, #4]
100054bc:	6813      	ldr	r3, [r2, #0]
100054be:	0030      	movs	r0, r6
100054c0:	1b5b      	subs	r3, r3, r5
100054c2:	6013      	str	r3, [r2, #0]
100054c4:	f7ff ff60 	bl	10005388 <__malloc_unlock>
100054c8:	2001      	movs	r0, #1
100054ca:	e7e7      	b.n	1000549c <_malloc_trim_r+0x54>
100054cc:	2100      	movs	r1, #0
100054ce:	0030      	movs	r0, r6
100054d0:	f7ff ff62 	bl	10005398 <_sbrk_r>
100054d4:	4643      	mov	r3, r8
100054d6:	689a      	ldr	r2, [r3, #8]
100054d8:	1a83      	subs	r3, r0, r2
100054da:	2b0f      	cmp	r3, #15
100054dc:	ddda      	ble.n	10005494 <_malloc_trim_r+0x4c>
100054de:	4c06      	ldr	r4, [pc, #24]	@ (100054f8 <_malloc_trim_r+0xb0>)
100054e0:	4904      	ldr	r1, [pc, #16]	@ (100054f4 <_malloc_trim_r+0xac>)
100054e2:	6824      	ldr	r4, [r4, #0]
100054e4:	1b00      	subs	r0, r0, r4
100054e6:	6008      	str	r0, [r1, #0]
100054e8:	2101      	movs	r1, #1
100054ea:	430b      	orrs	r3, r1
100054ec:	6053      	str	r3, [r2, #4]
100054ee:	e7d1      	b.n	10005494 <_malloc_trim_r+0x4c>
100054f0:	20000248 	.word	0x20000248
100054f4:	20000b24 	.word	0x20000b24
100054f8:	20000240 	.word	0x20000240

100054fc <_free_r>:
100054fc:	b5f0      	push	{r4, r5, r6, r7, lr}
100054fe:	46d6      	mov	lr, sl
10005500:	464f      	mov	r7, r9
10005502:	4646      	mov	r6, r8
10005504:	0005      	movs	r5, r0
10005506:	000c      	movs	r4, r1
10005508:	b5c0      	push	{r6, r7, lr}
1000550a:	2900      	cmp	r1, #0
1000550c:	d048      	beq.n	100055a0 <_free_r+0xa4>
1000550e:	f7ff ff33 	bl	10005378 <__malloc_lock>
10005512:	0021      	movs	r1, r4
10005514:	2701      	movs	r7, #1
10005516:	3908      	subs	r1, #8
10005518:	684b      	ldr	r3, [r1, #4]
1000551a:	2003      	movs	r0, #3
1000551c:	469c      	mov	ip, r3
1000551e:	43bb      	bics	r3, r7
10005520:	18ce      	adds	r6, r1, r3
10005522:	6872      	ldr	r2, [r6, #4]
10005524:	4382      	bics	r2, r0
10005526:	4660      	mov	r0, ip
10005528:	4038      	ands	r0, r7
1000552a:	4680      	mov	r8, r0
1000552c:	486a      	ldr	r0, [pc, #424]	@ (100056d8 <_free_r+0x1dc>)
1000552e:	4691      	mov	r9, r2
10005530:	6884      	ldr	r4, [r0, #8]
10005532:	42b4      	cmp	r4, r6
10005534:	d100      	bne.n	10005538 <_free_r+0x3c>
10005536:	e07c      	b.n	10005632 <_free_r+0x136>
10005538:	6072      	str	r2, [r6, #4]
1000553a:	18b4      	adds	r4, r6, r2
1000553c:	6864      	ldr	r4, [r4, #4]
1000553e:	403c      	ands	r4, r7
10005540:	46a2      	mov	sl, r4
10005542:	4644      	mov	r4, r8
10005544:	2c00      	cmp	r4, #0
10005546:	d130      	bne.n	100055aa <_free_r+0xae>
10005548:	680c      	ldr	r4, [r1, #0]
1000554a:	46a4      	mov	ip, r4
1000554c:	1b09      	subs	r1, r1, r4
1000554e:	688c      	ldr	r4, [r1, #8]
10005550:	4463      	add	r3, ip
10005552:	46a4      	mov	ip, r4
10005554:	2408      	movs	r4, #8
10005556:	46a0      	mov	r8, r4
10005558:	4480      	add	r8, r0
1000555a:	45c4      	cmp	ip, r8
1000555c:	d05c      	beq.n	10005618 <_free_r+0x11c>
1000555e:	68cc      	ldr	r4, [r1, #12]
10005560:	46a0      	mov	r8, r4
10005562:	4664      	mov	r4, ip
10005564:	4642      	mov	r2, r8
10005566:	60e2      	str	r2, [r4, #12]
10005568:	6094      	str	r4, [r2, #8]
1000556a:	4652      	mov	r2, sl
1000556c:	2a00      	cmp	r2, #0
1000556e:	d01f      	beq.n	100055b0 <_free_r+0xb4>
10005570:	431f      	orrs	r7, r3
10005572:	604f      	str	r7, [r1, #4]
10005574:	6033      	str	r3, [r6, #0]
10005576:	2280      	movs	r2, #128	@ 0x80
10005578:	0092      	lsls	r2, r2, #2
1000557a:	4293      	cmp	r3, r2
1000557c:	d230      	bcs.n	100055e0 <_free_r+0xe4>
1000557e:	08da      	lsrs	r2, r3, #3
10005580:	095c      	lsrs	r4, r3, #5
10005582:	2301      	movs	r3, #1
10005584:	40a3      	lsls	r3, r4
10005586:	6844      	ldr	r4, [r0, #4]
10005588:	4323      	orrs	r3, r4
1000558a:	6043      	str	r3, [r0, #4]
1000558c:	00d3      	lsls	r3, r2, #3
1000558e:	181b      	adds	r3, r3, r0
10005590:	689a      	ldr	r2, [r3, #8]
10005592:	60cb      	str	r3, [r1, #12]
10005594:	608a      	str	r2, [r1, #8]
10005596:	6099      	str	r1, [r3, #8]
10005598:	60d1      	str	r1, [r2, #12]
1000559a:	0028      	movs	r0, r5
1000559c:	f7ff fef4 	bl	10005388 <__malloc_unlock>
100055a0:	bce0      	pop	{r5, r6, r7}
100055a2:	46ba      	mov	sl, r7
100055a4:	46b1      	mov	r9, r6
100055a6:	46a8      	mov	r8, r5
100055a8:	bdf0      	pop	{r4, r5, r6, r7, pc}
100055aa:	4652      	mov	r2, sl
100055ac:	2a00      	cmp	r2, #0
100055ae:	d10f      	bne.n	100055d0 <_free_r+0xd4>
100055b0:	2201      	movs	r2, #1
100055b2:	444b      	add	r3, r9
100055b4:	18cf      	adds	r7, r1, r3
100055b6:	46bc      	mov	ip, r7
100055b8:	68b4      	ldr	r4, [r6, #8]
100055ba:	4f48      	ldr	r7, [pc, #288]	@ (100056dc <_free_r+0x1e0>)
100055bc:	431a      	orrs	r2, r3
100055be:	42bc      	cmp	r4, r7
100055c0:	d05b      	beq.n	1000567a <_free_r+0x17e>
100055c2:	68f6      	ldr	r6, [r6, #12]
100055c4:	60e6      	str	r6, [r4, #12]
100055c6:	60b4      	str	r4, [r6, #8]
100055c8:	604a      	str	r2, [r1, #4]
100055ca:	4662      	mov	r2, ip
100055cc:	6013      	str	r3, [r2, #0]
100055ce:	e7d2      	b.n	10005576 <_free_r+0x7a>
100055d0:	4662      	mov	r2, ip
100055d2:	433a      	orrs	r2, r7
100055d4:	604a      	str	r2, [r1, #4]
100055d6:	2280      	movs	r2, #128	@ 0x80
100055d8:	6033      	str	r3, [r6, #0]
100055da:	0092      	lsls	r2, r2, #2
100055dc:	4293      	cmp	r3, r2
100055de:	d3ce      	bcc.n	1000557e <_free_r+0x82>
100055e0:	0a5c      	lsrs	r4, r3, #9
100055e2:	2c04      	cmp	r4, #4
100055e4:	d83f      	bhi.n	10005666 <_free_r+0x16a>
100055e6:	099c      	lsrs	r4, r3, #6
100055e8:	0026      	movs	r6, r4
100055ea:	3439      	adds	r4, #57	@ 0x39
100055ec:	3638      	adds	r6, #56	@ 0x38
100055ee:	00e4      	lsls	r4, r4, #3
100055f0:	1904      	adds	r4, r0, r4
100055f2:	6822      	ldr	r2, [r4, #0]
100055f4:	3c08      	subs	r4, #8
100055f6:	2703      	movs	r7, #3
100055f8:	4294      	cmp	r4, r2
100055fa:	d103      	bne.n	10005604 <_free_r+0x108>
100055fc:	e04e      	b.n	1000569c <_free_r+0x1a0>
100055fe:	6892      	ldr	r2, [r2, #8]
10005600:	4294      	cmp	r4, r2
10005602:	d003      	beq.n	1000560c <_free_r+0x110>
10005604:	6850      	ldr	r0, [r2, #4]
10005606:	43b8      	bics	r0, r7
10005608:	4298      	cmp	r0, r3
1000560a:	d8f8      	bhi.n	100055fe <_free_r+0x102>
1000560c:	68d4      	ldr	r4, [r2, #12]
1000560e:	60cc      	str	r4, [r1, #12]
10005610:	608a      	str	r2, [r1, #8]
10005612:	60a1      	str	r1, [r4, #8]
10005614:	60d1      	str	r1, [r2, #12]
10005616:	e7c0      	b.n	1000559a <_free_r+0x9e>
10005618:	4652      	mov	r2, sl
1000561a:	2a00      	cmp	r2, #0
1000561c:	d135      	bne.n	1000568a <_free_r+0x18e>
1000561e:	444b      	add	r3, r9
10005620:	001a      	movs	r2, r3
10005622:	68b0      	ldr	r0, [r6, #8]
10005624:	68f3      	ldr	r3, [r6, #12]
10005626:	4317      	orrs	r7, r2
10005628:	60c3      	str	r3, [r0, #12]
1000562a:	6098      	str	r0, [r3, #8]
1000562c:	604f      	str	r7, [r1, #4]
1000562e:	508a      	str	r2, [r1, r2]
10005630:	e7b3      	b.n	1000559a <_free_r+0x9e>
10005632:	444b      	add	r3, r9
10005634:	001a      	movs	r2, r3
10005636:	4643      	mov	r3, r8
10005638:	2b00      	cmp	r3, #0
1000563a:	d106      	bne.n	1000564a <_free_r+0x14e>
1000563c:	680b      	ldr	r3, [r1, #0]
1000563e:	1ac9      	subs	r1, r1, r3
10005640:	688c      	ldr	r4, [r1, #8]
10005642:	18d2      	adds	r2, r2, r3
10005644:	68cb      	ldr	r3, [r1, #12]
10005646:	60e3      	str	r3, [r4, #12]
10005648:	609c      	str	r4, [r3, #8]
1000564a:	2301      	movs	r3, #1
1000564c:	4313      	orrs	r3, r2
1000564e:	604b      	str	r3, [r1, #4]
10005650:	4b23      	ldr	r3, [pc, #140]	@ (100056e0 <_free_r+0x1e4>)
10005652:	6081      	str	r1, [r0, #8]
10005654:	681b      	ldr	r3, [r3, #0]
10005656:	4293      	cmp	r3, r2
10005658:	d89f      	bhi.n	1000559a <_free_r+0x9e>
1000565a:	4b22      	ldr	r3, [pc, #136]	@ (100056e4 <_free_r+0x1e8>)
1000565c:	0028      	movs	r0, r5
1000565e:	6819      	ldr	r1, [r3, #0]
10005660:	f7ff fef2 	bl	10005448 <_malloc_trim_r>
10005664:	e799      	b.n	1000559a <_free_r+0x9e>
10005666:	2c14      	cmp	r4, #20
10005668:	d913      	bls.n	10005692 <_free_r+0x196>
1000566a:	2c54      	cmp	r4, #84	@ 0x54
1000566c:	d81d      	bhi.n	100056aa <_free_r+0x1ae>
1000566e:	0b1c      	lsrs	r4, r3, #12
10005670:	0026      	movs	r6, r4
10005672:	346f      	adds	r4, #111	@ 0x6f
10005674:	366e      	adds	r6, #110	@ 0x6e
10005676:	00e4      	lsls	r4, r4, #3
10005678:	e7ba      	b.n	100055f0 <_free_r+0xf4>
1000567a:	60e1      	str	r1, [r4, #12]
1000567c:	60a1      	str	r1, [r4, #8]
1000567e:	604a      	str	r2, [r1, #4]
10005680:	4662      	mov	r2, ip
10005682:	60cc      	str	r4, [r1, #12]
10005684:	608c      	str	r4, [r1, #8]
10005686:	6013      	str	r3, [r2, #0]
10005688:	e787      	b.n	1000559a <_free_r+0x9e>
1000568a:	431f      	orrs	r7, r3
1000568c:	604f      	str	r7, [r1, #4]
1000568e:	6033      	str	r3, [r6, #0]
10005690:	e783      	b.n	1000559a <_free_r+0x9e>
10005692:	0026      	movs	r6, r4
10005694:	345c      	adds	r4, #92	@ 0x5c
10005696:	365b      	adds	r6, #91	@ 0x5b
10005698:	00e4      	lsls	r4, r4, #3
1000569a:	e7a9      	b.n	100055f0 <_free_r+0xf4>
1000569c:	2301      	movs	r3, #1
1000569e:	10b6      	asrs	r6, r6, #2
100056a0:	40b3      	lsls	r3, r6
100056a2:	6846      	ldr	r6, [r0, #4]
100056a4:	4333      	orrs	r3, r6
100056a6:	6043      	str	r3, [r0, #4]
100056a8:	e7b1      	b.n	1000560e <_free_r+0x112>
100056aa:	22aa      	movs	r2, #170	@ 0xaa
100056ac:	0052      	lsls	r2, r2, #1
100056ae:	4294      	cmp	r4, r2
100056b0:	d805      	bhi.n	100056be <_free_r+0x1c2>
100056b2:	0bdc      	lsrs	r4, r3, #15
100056b4:	0026      	movs	r6, r4
100056b6:	3478      	adds	r4, #120	@ 0x78
100056b8:	3677      	adds	r6, #119	@ 0x77
100056ba:	00e4      	lsls	r4, r4, #3
100056bc:	e798      	b.n	100055f0 <_free_r+0xf4>
100056be:	4a0a      	ldr	r2, [pc, #40]	@ (100056e8 <_free_r+0x1ec>)
100056c0:	4294      	cmp	r4, r2
100056c2:	d805      	bhi.n	100056d0 <_free_r+0x1d4>
100056c4:	0c9c      	lsrs	r4, r3, #18
100056c6:	0026      	movs	r6, r4
100056c8:	347d      	adds	r4, #125	@ 0x7d
100056ca:	367c      	adds	r6, #124	@ 0x7c
100056cc:	00e4      	lsls	r4, r4, #3
100056ce:	e78f      	b.n	100055f0 <_free_r+0xf4>
100056d0:	24fe      	movs	r4, #254	@ 0xfe
100056d2:	267e      	movs	r6, #126	@ 0x7e
100056d4:	00a4      	lsls	r4, r4, #2
100056d6:	e78b      	b.n	100055f0 <_free_r+0xf4>
100056d8:	20000248 	.word	0x20000248
100056dc:	20000250 	.word	0x20000250
100056e0:	20000244 	.word	0x20000244
100056e4:	20000b54 	.word	0x20000b54
100056e8:	00000554 	.word	0x00000554

100056ec <_fini>:
100056ec:	b5f8      	push	{r3, r4, r5, r6, r7, lr}
100056ee:	46c0      	nop			@ (mov r8, r8)

100056f0 <__mutex_exit_veneer>:
100056f0:	b401      	push	{r0}
100056f2:	4802      	ldr	r0, [pc, #8]	@ (100056fc <__mutex_exit_veneer+0xc>)
100056f4:	4684      	mov	ip, r0
100056f6:	bc01      	pop	{r0}
100056f8:	4760      	bx	ip
100056fa:	bf00      	nop
100056fc:	20000159 	.word	0x20000159

10005700 <____aeabi_ldiv0_veneer>:
10005700:	b401      	push	{r0}
10005702:	4802      	ldr	r0, [pc, #8]	@ (1000570c <____aeabi_ldiv0_veneer+0xc>)
10005704:	4684      	mov	ip, r0
10005706:	bc01      	pop	{r0}
10005708:	4760      	bx	ip
1000570a:	bf00      	nop
1000570c:	20000181 	.word	0x20000181

10005710 <____aeabi_idiv0_veneer>:
10005710:	b401      	push	{r0}
10005712:	4802      	ldr	r0, [pc, #8]	@ (1000571c <____aeabi_idiv0_veneer+0xc>)
10005714:	4684      	mov	ip, r0
10005716:	bc01      	pop	{r0}
10005718:	4760      	bx	ip
1000571a:	bf00      	nop
1000571c:	20000181 	.word	0x20000181

10005720 <__mutex_try_enter_block_until_veneer>:
10005720:	b401      	push	{r0}
10005722:	4802      	ldr	r0, [pc, #8]	@ (1000572c <__mutex_try_enter_block_until_veneer+0xc>)
10005724:	4684      	mov	ip, r0
10005726:	bc01      	pop	{r0}
10005728:	4760      	bx	ip
1000572a:	bf00      	nop
1000572c:	200000c1 	.word	0x200000c1

10005730 <__pre_init_runtime_init_early_resets>:
10005730:	10001c29                                )...

10005734 <__pre_init_runtime_init_usb_power_down>:
10005734:	10001c55 10001da1 10002c61 10002445     U.......a,..E$..
10005744:	10002b79                                y+..

10005748 <__pre_init_runtime_init_clocks>:
10005748:	10001cc9                                ....

1000574c <__pre_init_runtime_init_post_clock_resets>:
1000574c:	10001c71                                q...

10005750 <__pre_init_runtime_init_rp2040_gpio_ie_disable>:
10005750:	10001c91                                ....

10005754 <__pre_init_runtime_init_spin_locks_reset>:
10005754:	10001ca5                                ....

10005758 <__pre_init_runtime_init_mutex>:
10005758:	10000f61                                a...

1000575c <__pre_init_runtime_init_install_ram_vector_table>:
1000575c:	10001cad                                ....

10005760 <__pre_init_runtime_init_default_alarm_pool>:
10005760:	100012e1                                ....

10005764 <__pre_init_first_per_core_initializer>:
10005764:	10001bf1                                ....

10005768 <__pre_init_runtime_init_per_core_irq_priorities>:
10005768:	10000c2d                                -...

1000576c <__frame_dummy_init_array_entry>:
1000576c:	100002b1                                ....

Disassembly of section .data:

200000c0 <mutex_try_enter_block_until>:
200000c0:	b5f0      	push	{r4, r5, r6, r7, lr}
200000c2:	46c6      	mov	lr, r8
200000c4:	0015      	movs	r5, r2
200000c6:	b500      	push	{lr}
200000c8:	0004      	movs	r4, r0
200000ca:	001e      	movs	r6, r3
200000cc:	6802      	ldr	r2, [r0, #0]
200000ce:	f3ef 8110 	mrs	r1, PRIMASK
200000d2:	b672      	cpsid	i
200000d4:	6813      	ldr	r3, [r2, #0]
200000d6:	2b00      	cmp	r3, #0
200000d8:	d0fc      	beq.n	200000d4 <mutex_try_enter_block_until+0x14>
200000da:	f3bf 8f5f 	dmb	sy
200000de:	2304      	movs	r3, #4
200000e0:	56e3      	ldrsb	r3, [r4, r3]
200000e2:	6822      	ldr	r2, [r4, #0]
200000e4:	2b00      	cmp	r3, #0
200000e6:	db2b      	blt.n	20000140 <mutex_try_enter_block_until+0x80>
200000e8:	f3bf 8f5f 	dmb	sy
200000ec:	2000      	movs	r0, #0
200000ee:	6010      	str	r0, [r2, #0]
200000f0:	f381 8810 	msr	PRIMASK, r1
200000f4:	22d0      	movs	r2, #208	@ 0xd0
200000f6:	0612      	lsls	r2, r2, #24
200000f8:	7812      	ldrb	r2, [r2, #0]
200000fa:	2700      	movs	r7, #0
200000fc:	b252      	sxtb	r2, r2
200000fe:	4690      	mov	r8, r2
20000100:	429a      	cmp	r2, r3
20000102:	d10e      	bne.n	20000122 <mutex_try_enter_block_until+0x62>
20000104:	2000      	movs	r0, #0
20000106:	bc80      	pop	{r7}
20000108:	46b8      	mov	r8, r7
2000010a:	bdf0      	pop	{r4, r5, r6, r7, pc}
2000010c:	f3bf 8f5f 	dmb	sy
20000110:	6017      	str	r7, [r2, #0]
20000112:	f381 8810 	msr	PRIMASK, r1
20000116:	0028      	movs	r0, r5
20000118:	0031      	movs	r1, r6
2000011a:	f000 f835 	bl	20000188 <__best_effort_wfe_or_timeout_veneer>
2000011e:	2800      	cmp	r0, #0
20000120:	d1f0      	bne.n	20000104 <mutex_try_enter_block_until+0x44>
20000122:	6822      	ldr	r2, [r4, #0]
20000124:	f3ef 8110 	mrs	r1, PRIMASK
20000128:	b672      	cpsid	i
2000012a:	6813      	ldr	r3, [r2, #0]
2000012c:	2b00      	cmp	r3, #0
2000012e:	d0fc      	beq.n	2000012a <mutex_try_enter_block_until+0x6a>
20000130:	f3bf 8f5f 	dmb	sy
20000134:	7923      	ldrb	r3, [r4, #4]
20000136:	6822      	ldr	r2, [r4, #0]
20000138:	2b7f      	cmp	r3, #127	@ 0x7f
2000013a:	d9e7      	bls.n	2000010c <mutex_try_enter_block_until+0x4c>
2000013c:	4643      	mov	r3, r8
2000013e:	e002      	b.n	20000146 <mutex_try_enter_block_until+0x86>
20000140:	23d0      	movs	r3, #208	@ 0xd0
20000142:	061b      	lsls	r3, r3, #24
20000144:	681b      	ldr	r3, [r3, #0]
20000146:	7123      	strb	r3, [r4, #4]
20000148:	f3bf 8f5f 	dmb	sy
2000014c:	2300      	movs	r3, #0
2000014e:	6013      	str	r3, [r2, #0]
20000150:	f381 8810 	msr	PRIMASK, r1
20000154:	2001      	movs	r0, #1
20000156:	e7d6      	b.n	20000106 <mutex_try_enter_block_until+0x46>

20000158 <mutex_exit>:
20000158:	6802      	ldr	r2, [r0, #0]
2000015a:	f3ef 8110 	mrs	r1, PRIMASK
2000015e:	b672      	cpsid	i
20000160:	6813      	ldr	r3, [r2, #0]
20000162:	2b00      	cmp	r3, #0
20000164:	d0fc      	beq.n	20000160 <mutex_exit+0x8>
20000166:	f3bf 8f5f 	dmb	sy
2000016a:	23ff      	movs	r3, #255	@ 0xff
2000016c:	7103      	strb	r3, [r0, #4]
2000016e:	6803      	ldr	r3, [r0, #0]
20000170:	f3bf 8f5f 	dmb	sy
20000174:	2200      	movs	r2, #0
20000176:	601a      	str	r2, [r3, #0]
20000178:	f381 8810 	msr	PRIMASK, r1
2000017c:	bf40      	sev
2000017e:	4770      	bx	lr

20000180 <__aeabi_idiv0>:
20000180:	4770      	bx	lr
20000182:	46c0      	nop			@ (mov r8, r8)
20000184:	0000      	movs	r0, r0
	...

20000188 <__best_effort_wfe_or_timeout_veneer>:
20000188:	b401      	push	{r0}
2000018a:	4802      	ldr	r0, [pc, #8]	@ (20000194 <__best_effort_wfe_or_timeout_veneer+0xc>)
2000018c:	4684      	mov	ip, r0
2000018e:	bc01      	pop	{r0}
20000190:	4760      	bx	ip
20000192:	bf00      	nop
20000194:	100015dd 	.word	0x100015dd

20000198 <tempSoll>:
20000198:	                                         J.

2000019a <striped_spin_lock_num>:
2000019a:	                                         ..

2000019c <irq_handler_chain_slots>:
2000019c:	00000000 	.word	0x00000000
200001a0:	00010000 	.word	0x00010000
	...
200001ac:	00020000 	.word	0x00020000
	...
200001b8:	00030000 	.word	0x00030000
	...
200001c4:	00ff0000 	.word	0x00ff0000
200001c8:	00000000 	.word	0x00000000

200001cc <irq_handler_chain_first_slot>:
200001cc:	b501      	push	{r0, lr}
200001ce:	6848      	ldr	r0, [r1, #4]
200001d0:	3101      	adds	r1, #1
200001d2:	468e      	mov	lr, r1
200001d4:	4700      	bx	r0

200001d6 <irq_handler_chain_remove_tail>:
200001d6:	4670      	mov	r0, lr
200001d8:	3809      	subs	r0, #9
200001da:	4901      	ldr	r1, [pc, #4]	@ (200001e0 <irq_handler_chain_remove_tail+0xa>)
200001dc:	4788      	blx	r1
200001de:	bd01      	pop	{r0, pc}
200001e0:	10000e9d 	.word	0x10000e9d

200001e4 <default_alarm_pool>:
	...
200001f8:	200007a0 00000000                       ... ....

20000200 <aeabi_bits_funcs>:
20000200:	00003350 	.word	0x00003350
20000204:	0000334c 	.word	0x0000334c
20000208:	00003354 	.word	0x00003354
2000020c:	00003352 	.word	0x00003352

20000210 <aeabi_bits_funcs_end>:
20000210:	0000534d 	.word	0x0000534d
20000214:	0000434d 	.word	0x0000434d
20000218:	00003453 	.word	0x00003453
2000021c:	00003443 	.word	0x00003443

20000220 <stdio_uart>:
20000220:	100048ad 100049b1 100048f9 100049c5     .H...I...H...I..
20000230:	00000000 00000100                       ........

20000238 <i2c0_inst>:
20000238:	40044000 00000000                       .@.@....

20000240 <__malloc_sbrk_base>:
20000240:	ffffffff                                ....

20000244 <__malloc_trim_threshold>:
20000244:	00020000                                ....

20000248 <__malloc_av_>:
	...
20000250:	20000248 20000248 20000250 20000250     H.. H.. P.. P.. 
20000260:	20000258 20000258 20000260 20000260     X.. X.. `.. `.. 
20000270:	20000268 20000268 20000270 20000270     h.. h.. p.. p.. 
20000280:	20000278 20000278 20000280 20000280     x.. x.. ... ... 
20000290:	20000288 20000288 20000290 20000290     ... ... ... ... 
200002a0:	20000298 20000298 200002a0 200002a0     ... ... ... ... 
200002b0:	200002a8 200002a8 200002b0 200002b0     ... ... ... ... 
200002c0:	200002b8 200002b8 200002c0 200002c0     ... ... ... ... 
200002d0:	200002c8 200002c8 200002d0 200002d0     ... ... ... ... 
200002e0:	200002d8 200002d8 200002e0 200002e0     ... ... ... ... 
200002f0:	200002e8 200002e8 200002f0 200002f0     ... ... ... ... 
20000300:	200002f8 200002f8 20000300 20000300     ... ... ... ... 
20000310:	20000308 20000308 20000310 20000310     ... ... ... ... 
20000320:	20000318 20000318 20000320 20000320     ... ...  ..  .. 
20000330:	20000328 20000328 20000330 20000330     (.. (.. 0.. 0.. 
20000340:	20000338 20000338 20000340 20000340     8.. 8.. @.. @.. 
20000350:	20000348 20000348 20000350 20000350     H.. H.. P.. P.. 
20000360:	20000358 20000358 20000360 20000360     X.. X.. `.. `.. 
20000370:	20000368 20000368 20000370 20000370     h.. h.. p.. p.. 
20000380:	20000378 20000378 20000380 20000380     x.. x.. ... ... 
20000390:	20000388 20000388 20000390 20000390     ... ... ... ... 
200003a0:	20000398 20000398 200003a0 200003a0     ... ... ... ... 
200003b0:	200003a8 200003a8 200003b0 200003b0     ... ... ... ... 
200003c0:	200003b8 200003b8 200003c0 200003c0     ... ... ... ... 
200003d0:	200003c8 200003c8 200003d0 200003d0     ... ... ... ... 
200003e0:	200003d8 200003d8 200003e0 200003e0     ... ... ... ... 
200003f0:	200003e8 200003e8 200003f0 200003f0     ... ... ... ... 
20000400:	200003f8 200003f8 20000400 20000400     ... ... ... ... 
20000410:	20000408 20000408 20000410 20000410     ... ... ... ... 
20000420:	20000418 20000418 20000420 20000420     ... ...  ..  .. 
20000430:	20000428 20000428 20000430 20000430     (.. (.. 0.. 0.. 
20000440:	20000438 20000438 20000440 20000440     8.. 8.. @.. @.. 
20000450:	20000448 20000448 20000450 20000450     H.. H.. P.. P.. 
20000460:	20000458 20000458 20000460 20000460     X.. X.. `.. `.. 
20000470:	20000468 20000468 20000470 20000470     h.. h.. p.. p.. 
20000480:	20000478 20000478 20000480 20000480     x.. x.. ... ... 
20000490:	20000488 20000488 20000490 20000490     ... ... ... ... 
200004a0:	20000498 20000498 200004a0 200004a0     ... ... ... ... 
200004b0:	200004a8 200004a8 200004b0 200004b0     ... ... ... ... 
200004c0:	200004b8 200004b8 200004c0 200004c0     ... ... ... ... 
200004d0:	200004c8 200004c8 200004d0 200004d0     ... ... ... ... 
200004e0:	200004d8 200004d8 200004e0 200004e0     ... ... ... ... 
200004f0:	200004e8 200004e8 200004f0 200004f0     ... ... ... ... 
20000500:	200004f8 200004f8 20000500 20000500     ... ... ... ... 
20000510:	20000508 20000508 20000510 20000510     ... ... ... ... 
20000520:	20000518 20000518 20000520 20000520     ... ...  ..  .. 
20000530:	20000528 20000528 20000530 20000530     (.. (.. 0.. 0.. 
20000540:	20000538 20000538 20000540 20000540     8.. 8.. @.. @.. 
20000550:	20000548 20000548 20000550 20000550     H.. H.. P.. P.. 
20000560:	20000558 20000558 20000560 20000560     X.. X.. `.. `.. 
20000570:	20000568 20000568 20000570 20000570     h.. h.. p.. p.. 
20000580:	20000578 20000578 20000580 20000580     x.. x.. ... ... 
20000590:	20000588 20000588 20000590 20000590     ... ... ... ... 
200005a0:	20000598 20000598 200005a0 200005a0     ... ... ... ... 
200005b0:	200005a8 200005a8 200005b0 200005b0     ... ... ... ... 
200005c0:	200005b8 200005b8 200005c0 200005c0     ... ... ... ... 
200005d0:	200005c8 200005c8 200005d0 200005d0     ... ... ... ... 
200005e0:	200005d8 200005d8 200005e0 200005e0     ... ... ... ... 
200005f0:	200005e8 200005e8 200005f0 200005f0     ... ... ... ... 
20000600:	200005f8 200005f8 20000600 20000600     ... ... ... ... 
20000610:	20000608 20000608 20000610 20000610     ... ... ... ... 
20000620:	20000618 20000618 20000620 20000620     ... ...  ..  .. 
20000630:	20000628 20000628 20000630 20000630     (.. (.. 0.. 0.. 
20000640:	20000638 20000638 20000640 20000640     8.. 8.. @.. @.. 

20000650 <_impure_ptr>:
20000650:	20000658 00000000                       X.. ....

20000658 <_impure_data>:
20000658:	00000000 20000b58 20000bc0 20000c28     ....X.. ... (.. 
	...
200006f0:	00000001 00000000 abcd330e e66d1234     .........3..4.m.
20000700:	0005deec 0000000b 00000000 00000000     ................
	...

20000798 <print_mutex>:
	...
